2.4591993216060004e6	-22.170003172108082
2.4591993239208153e6	-22.174676299127896
2.45919932623563e6	-22.17922418515836
2.459199328550445e6	-22.183646804513348
2.4591993308652597e6	-22.187944132214216
2.4591993331800746e6	-22.192116143989967
2.4591993354948894e6	-22.196162816277372
2.4591993378097042e6	-22.200084126221117
2.459199340124519e6	-22.203880051673927
2.459199342439334e6	-22.207550571196673
2.4591993447541487e6	-22.21109566405854
2.4591993470689636e6	-22.214515310237086
2.4591993493837784e6	-22.217809490418393
2.4591993516985932e6	-22.220978185997172
2.4591993540134076e6	-22.224021378477293
2.4591993563282224e6	-22.22693905189539
2.4591993586430373e6	-22.229731189147845
2.459199360957852e6	-22.232397774464864
2.459199363272667e6	-22.234938792785766
2.4591993655874818e6	-22.23735422975906
2.4591993679022966e6	-22.23964407174253
2.4591993702171114e6	-22.24180830580331
2.4591993725319263e6	-22.24384691971796
2.459199374846741e6	-22.245759901972544
2.459199377161556e6	-22.247547241762664
2.4591993794763708e6	-22.24920892899355
2.4591993817911856e6	-22.250744954280123
2.4591993841060004e6	-22.252155308947014
2.4591993864208153e6	-22.253439985028642
2.45919938873563e6	-22.254598975269246
2.459199391050445e6	-22.255632273122934
2.4591993933652597e6	-22.256539872753716
2.4591993956800746e6	-22.25732176903553
2.4591993979948894e6	-22.257977957552285
2.4591994003097042e6	-22.258508434597868
2.459199402624519e6	-22.25891319717619
2.459199404939334e6	-22.25919224300118
2.4591994072541487e6	-22.259345570496805
2.4591994095689636e6	-22.259373178797084
2.4591994118837784e6	-22.25927506774608
2.4591994141985932e6	-22.259051237897932
2.4591994165134076e6	-22.25870169059976
2.4591994188282224e6	-22.258226427685166
2.4591994211430373e6	-22.257625451896054
2.459199423457852e6	-22.256898766626705
2.459199425772667e6	-22.25604637598138
2.4591994280874818e6	-22.255068284774328
2.4591994304022966e6	-22.253964498529733
2.4591994327171114e6	-22.2527350234817
2.4591994350319263e6	-22.251379866574215
2.459199437346741e6	-22.249899035461112
2.459199439661556e6	-22.248292538506014
2.4591994419763708e6	-22.246560384782313
2.4591994442911856e6	-22.244702584073075
2.4591994466060004e6	-22.242719146871032
2.4591994489208153e6	-22.240610084378496
2.45919945123563e6	-22.238375408507306
2.459199453550445e6	-22.236015131878744
2.4591994558652597e6	-22.233529267823485
2.4591994581800746e6	-22.230917830381518
2.4591994604948894e6	-22.228180834302048
2.4591994628097042e6	-22.225318295043444
2.459199465124519e6	-22.222330228773107
2.459199467439334e6	-22.219216652367432
2.4591994697541487e6	-22.215977583411682
2.4591994720689636e6	-22.21261304019988
2.4591994743837784e6	-22.20912304173472
2.4591994766985932e6	-22.20550760772748
2.4591994790134076e6	-22.201766759363004
2.4591994813282224e6	-22.19790051626428
2.4591994836430373e6	-22.19390890100749
2.459199485957852e6	-22.189791936136995
2.459199488272667e6	-22.185549644905116
2.4591994905874818e6	-22.18118205127201
2.4591994929022966e6	-22.176689179905537
2.4591994952171114e6	-22.17207105618111
2.4591994975319263e6	-22.167327706181567
2.459199499846741e6	-22.162459156697008
2.459199502161556e6	-22.15746543522465
2.4591995044763708e6	-22.152346569968685
2.4591995067911856e6	-22.147102589840088
2.4591995091060004e6	-22.141733524456484
2.4591995114208153e6	-22.136239404141982
2.45919951373563e6	-22.130620259926975
2.459199516050445e6	-22.12487612354799
2.4591995183652597e6	-22.119007027447495
2.4591995206800746e6	-22.11301300477373
2.4591995229948894e6	-22.106894089380507
2.4591995253097042e6	-22.10065031582702
2.459199527624519e6	-22.094281719377665
2.459199529939334e6	-22.087788336001815
2.4591995322541487e6	-22.081170202373634
2.4591995345689636e6	-22.07442735587187
2.4591995368837784e6	-22.06755983457964
2.4591995391985932e6	-22.060567677284208
2.4591995415134076e6	-22.053450924920966
2.4591995438282224e6	-22.046209614821528
2.4591995461430373e6	-22.038843789303407
2.459199548457852e6	-22.031353489968268
2.459199550772667e6	-22.023738759120782
2.4591995530874818e6	-22.015999639768403
2.4591995554022966e6	-22.00813617562113
2.4591995577171114e6	-22.000148411091246
2.4591995600319263e6	-21.992036391293073
2.459199562346741e6	-21.983800162042723
2.459199564661556e6	-21.975439769857832
2.4591995669763708e6	-21.966955261957292
2.4591995692911856e6	-21.958346686261006
2.4591995716060004e6	-21.949614091389588
2.4591995739208153e6	-21.940757526664115
2.45919957623563e6	-21.931777042105836
2.459199578550445e6	-21.922672688435878
2.4591995808652597e6	-21.913444517074982
2.4591995831800746e6	-21.904092580143214
2.4591995854948894e6	-21.89461693045963
2.4591995878097042e6	-21.885017621542033
2.459199590124519e6	-21.875294707606635
2.459199592439334e6	-21.86544824356776
2.4591995947541487e6	-21.85547828503752
2.4591995970689636e6	-21.84538488832555
2.4591995993837784e6	-21.835168110438623
2.4591996016985932e6	-21.824828009080374
2.4591996040134076e6	-21.814364644768222
2.4591996063282224e6	-21.80377807238876
2.4591996086430373e6	-21.793068353826676
2.459199610957852e6	-21.782235549569688
2.459199613272667e6	-21.771279720800703
2.4591996155874818e6	-21.760200929397463
2.4591996179022966e6	-21.74899923793219
2.4591996202171114e6	-21.737674709671236
2.4591996225319263e6	-21.726227408574733
2.459199624846741e6	-21.714657399296218
2.459199627161556e6	-21.70296474718227
2.4591996294763708e6	-21.69114951827217
2.4591996317911856e6	-21.67921177929747
2.4591996341060004e6	-21.66715159768169
2.4591996364208153e6	-21.654969041539854
2.45919963873563e6	-21.642664179678174
2.459199641050445e6	-21.63023708159364
2.4591996433652597e6	-21.617687817473612
2.4591996456800746e6	-21.605016458195436
2.4591996479948894e6	-21.592223075326043
2.4591996503097042e6	-21.579307741121553
2.459199652624519e6	-21.56627052852685
2.459199654939334e6	-21.553111511175175
2.4591996572541487e6	-21.539830763387723
2.4591996595689636e6	-21.52642836017321
2.4591996618837784e6	-21.51290437722745
2.4591996641985932e6	-21.499258890932943
2.4591996665134076e6	-21.485491981140047
2.4591996688282224e6	-21.471603720064433
2.4591996711430373e6	-21.457594188903233
2.459199673457852e6	-21.443463466781274
2.459199675772667e6	-21.42921163350787
2.4591996780874818e6	-21.41483876957636
2.4591996804022966e6	-21.400344956163643
2.4591996827171114e6	-21.38573027512975
2.4591996850319263e6	-21.370994809017358
2.459199687346741e6	-21.35613864105133
2.459199689661556e6	-21.341161855138235
2.4591996919763708e6	-21.326064535865896
2.4591996942911856e6	-21.3108467685029
2.4591996966060004e6	-21.295508638998093
2.4591996989208153e6	-21.28005023398016
2.45919970123563e6	-21.26447164075705
2.459199703550445e6	-21.248772947315555
2.4591997058652597e6	-21.232954242320773
2.4591997081800746e6	-21.217015615115624
2.4591997104948894e6	-21.20095715572033
2.4591997128097042e6	-21.184778954831938
2.459199715124519e6	-21.168481103823755
2.459199717439334e6	-21.15206369474489
2.4591997197541487e6	-21.135526820319697
2.4591997220689636e6	-21.11887057394726
2.4591997243837784e6	-21.102095049700875
2.4591997266985932e6	-21.085200342327497
2.4591997290134076e6	-21.068186550681794
2.4591997313282224e6	-21.051053764011275
2.4591997336430373e6	-21.03380208249131
2.459199735957852e6	-21.016431603558157
2.459199738272667e6	-20.998942425319054
2.4591997405874818e6	-20.981334646551616
2.4591997429022966e6	-20.963608366703337
2.4591997452171114e6	-20.94576368589097
2.4591997475319263e6	-20.9278007049
2.459199749846741e6	-20.909719525184077
2.459199752161556e6	-20.891520248864392
2.4591997544763708e6	-20.873202978729168
2.4591997567911856e6	-20.854767818233036
2.4591997591060004e6	-20.836214871496473
2.4591997614208153e6	-20.817544243305193
2.45919976373563e6	-20.79875603910958
2.459199766050445e6	-20.77985036502406
2.4591997683652597e6	-20.760827327826537
2.4591997706800746e6	-20.741687034957767
2.4591997729948894e6	-20.722429594520758
2.4591997753097042e6	-20.70305511528016
2.459199777624519e6	-20.683563706661648
2.459199779939334e6	-20.663955478751312
2.4591997822541487e6	-20.64423054229501
2.4591997845689636e6	-20.62438900869779
2.4591997868837784e6	-20.60443099002321
2.4591997891985932e6	-20.584356598992738
2.4591997915134076e6	-20.564165953058456
2.4591997938282224e6	-20.543859158132367
2.4591997961430373e6	-20.52343633295576
2.459199798457852e6	-20.502897592875307
2.459199800772667e6	-20.482243053892347
2.4591998030874818e6	-20.46147283266224
2.4591998054022966e6	-20.440587046493707
2.4591998077171114e6	-20.41958581334818
2.4591998100319263e6	-20.398469251839135
2.459199812346741e6	-20.377237481231397
2.459199814661556e6	-20.35589062144049
2.4591998169763708e6	-20.334428793031957
2.4591998192911856e6	-20.312852117220675
2.4591998216060004e6	-20.291160715870166
2.4591998239208153e6	-20.26935471149192
2.45919982623563e6	-20.247434227244693
2.459199828550445e6	-20.22539938693381
2.4591998308652597e6	-20.203250315010482
2.4591998331800746e6	-20.18098713657109
2.4591998354948894e6	-20.15860997735647
2.4591998378097042e6	-20.136118963751226
2.459199840124519e6	-20.11351422278299
2.459199842439334e6	-20.090795882121736
2.4591998447541487e6	-20.067964070079025
2.4591998470689636e6	-20.045018915607304
2.4591998493837784e6	-20.02196054829917
2.4591998516985932e6	-19.998789098386627
2.4591998540134076e6	-19.975504701435757
2.4591998563282224e6	-19.952107479587124
2.4591998586430373e6	-19.92859756965924
2.459199860957852e6	-19.90497510443439
2.459199863272667e6	-19.881240217330575
2.4591998655874818e6	-19.857393042400748
2.4591998679022966e6	-19.83343371433205
2.4591998702171114e6	-19.80936236844505
2.4591998725319263e6	-19.785179140693
2.459199874846741e6	-19.76088416766104
2.459199877161556e6	-19.73647758656544
2.4591998794763708e6	-19.71195953525284
2.4591998817911856e6	-19.687330152199433
2.4591998841060004e6	-19.66258957651022
2.4591998864208153e6	-19.637737947918218
2.45919988873563e6	-19.612775406783634
2.459199891050445e6	-19.587702094093128
2.4591998933652597e6	-19.56251815145898
2.4591998956800746e6	-19.537223721118306
2.4591998979948894e6	-19.511818945932234
2.4591999003097042e6	-19.486303969385126
2.459199902624519e6	-19.460678935583747
2.459199904939334e6	-19.43494398925646
2.4591999072541487e6	-19.409099275752414
2.4591999095689636e6	-19.38314494104069
2.4591999118837784e6	-19.35708113170953
2.4591999141985932e6	-19.330907994965468
2.4591999165134076e6	-19.304625683930585
2.4591999188282224e6	-19.2782343364713
2.4591999211430373e6	-19.251734106920182
2.459199923457852e6	-19.225125144948635
2.459199925772667e6	-19.198407600842184
2.4591999280874818e6	-19.171581625499613
2.4591999304022966e6	-19.14464737043211
2.4591999327171114e6	-19.117604987762427
2.4591999350319263e6	-19.09045463022401
2.459199937346741e6	-19.063196451160145
2.459199939661556e6	-19.03583060452308
2.4591999419763708e6	-19.008357244873167
2.4591999442911856e6	-18.980776527377973
2.4591999466060004e6	-18.953088607811434
2.4591999489208153e6	-18.925293642552933
2.45919995123563e6	-18.897391788586454
2.459199953550445e6	-18.86938320349968
2.4591999558652597e6	-18.841268045483098
2.4591999581800746e6	-18.813046473329116
2.4591999604948894e6	-18.78471864643116
2.4591999628097042e6	-18.75628472478277
2.459199965124519e6	-18.727744868976707
2.459199967439334e6	-18.699099240204045
2.4591999697541487e6	-18.670348000253252
2.4591999720689636e6	-18.64149131150927
2.4591999743837784e6	-18.612529336952626
2.4591999766985932e6	-18.583462240158486
2.4591999790134076e6	-18.5542901911747
2.4591999813282224e6	-18.52501334302609
2.4591999836430373e6	-18.495631866924068
2.459199985957852e6	-18.466145928813116
2.459199988272667e6	-18.43655569522771
2.4591999905874818e6	-18.40686133329138
2.4591999929022966e6	-18.377063010715755
2.4591999952171114e6	-18.34716089579964
2.4591999975319263e6	-18.317155157428047
2.459199999846741e6	-18.287045965071243
2.459200002161556e6	-18.256833488783798
2.4592000044763708e6	-18.22651789920362
2.4592000067911856e6	-18.196099367551003
2.4592000091060004e6	-18.16557806562764
2.4592000114208153e6	-18.134954165815657
2.45920001373563e6	-18.104227841076668
2.459200016050445e6	-18.073399264950755
2.4592000183652597e6	-18.042468611555517
2.4592000206800746e6	-18.01143605558508
2.4592000229948894e6	-17.980301772309105
2.4592000253097042e6	-17.949065937571795
2.459200027624519e6	-17.917728727790927
2.459200029939334e6	-17.886290319956814
2.4592000322541487e6	-17.854750891631348
2.4592000345689636e6	-17.823110620946974
2.4592000368837784e6	-17.79136968660567
2.4592000391985932e6	-17.759528267877975
2.4592000415134076e6	-17.727586551037607
2.4592000438282224e6	-17.69554470363795
2.4592000461430373e6	-17.663402913064562
2.459200048457852e6	-17.631161360851994
2.459200050772667e6	-17.598820229098223
2.4592000530874818e6	-17.566379700463656
2.4592000554022966e6	-17.533839958170088
2.4592000577171114e6	-17.50120118599965
2.4592000600319263e6	-17.46846356829381
2.459200062346741e6	-17.435627289952293
2.459200064661556e6	-17.402692536432056
2.4592000669763708e6	-17.369659493746234
2.4592000692911856e6	-17.336528348463094
2.4592000716060004e6	-17.303299287704988
2.4592000739208153e6	-17.26997249914727
2.45920007623563e6	-17.23654817101727
2.459200078550445e6	-17.20302649209321
2.4592000808652597e6	-17.169407651703132
2.4592000831800746e6	-17.13569183972385
2.4592000854948894e6	-17.10187924657987
2.4592000878097042e6	-17.067970063242303
2.459200090124519e6	-17.03396448122779
2.459200092439334e6	-16.999862692597443
2.4592000947541487e6	-16.965664889955725
2.4592000970689636e6	-16.93137126644938
2.4592000993837784e6	-16.89698201576635
2.4592001016985932e6	-16.862497332134673
2.4592001040134076e6	-16.82791741728724
2.4592001063282224e6	-16.79324245261635
2.4592001086430373e6	-16.75847264091047
2.459200110957852e6	-16.723608178547003
2.459200113272667e6	-16.68864926243794
2.4592001155874818e6	-16.653596090028756
2.4592001179022966e6	-16.61844885929726
2.4592001202171114e6	-16.583207768752505
2.4592001225319263e6	-16.547873017433663
2.459200124846741e6	-16.51244480490887
2.459200127161556e6	-16.47692333127416
2.4592001294763708e6	-16.44130879715227
2.4592001317911856e6	-16.405601403691552
2.4592001341060004e6	-16.369801352564817
2.4592001364208153e6	-16.3339088459682
2.45920013873563e6	-16.29792408662001
2.459200141050445e6	-16.261847277759607
2.4592001433652597e6	-16.22567862314623
2.4592001456800746e6	-16.189418327057858
2.4592001479948894e6	-16.15306659429006
2.4592001503097042e6	-16.116623630154823
2.459200152624519e6	-16.080089640479414
2.459200154939334e6	-16.043464831605196
2.4592001572541487e6	-16.006749410386476
2.4592001595689636e6	-15.96994358418934
2.4592001618837784e6	-15.933047560890452
2.4592001641985932e6	-15.896061548875933
2.4592001665134076e6	-15.858985764507525
2.4592001688282224e6	-15.82182040226987
2.4592001711430373e6	-15.784565679519632
2.459200173457852e6	-15.74722180666883
2.459200175772667e6	-15.709788994632992
2.4592001780874818e6	-15.672267454829967
2.4592001804022966e6	-15.634657399178733
2.4592001827171114e6	-15.596959040098207
2.4592001850319263e6	-15.559172590506028
2.459200187346741e6	-15.521298263817364
2.459200189661556e6	-15.483336273943712
2.4592001919763708e6	-15.44528683529168
2.4592001942911856e6	-15.407150162761784
2.4592001966060004e6	-15.368926471747232
2.4592001989208153e6	-15.330615978132696
2.45920020123563e6	-15.292218898293116
2.459200203550445e6	-15.253735449092455
2.4592002058652597e6	-15.215165847882488
2.4592002081800746e6	-15.176510312501573
2.4592002104948894e6	-15.137769061273419
2.4592002128097042e6	-15.098942313005839
2.459200215124519e6	-15.060030286989543
2.459200217439334e6	-15.021033202996874
2.4592002197541487e6	-14.981951281280578
2.4592002220689636e6	-14.942784742572567
2.4592002243837784e6	-14.90353380808265
2.4592002266985932e6	-14.864198699497306
2.4592002290134076e6	-14.824779646916618
2.4592002313282224e6	-14.785276857117056
2.4592002336430373e6	-14.745690561128889
2.459200235957852e6	-14.706020982532689
2.459200238272667e6	-14.666268345379407
2.4592002405874818e6	-14.626432874189103
2.4592002429022966e6	-14.586514793949672
2.4592002452171114e6	-14.546514330115581
2.4592002475319263e6	-14.506431708606602
2.459200249846741e6	-14.466267155806515
2.459200252161556e6	-14.426020898561847
2.4592002544763708e6	-14.385693164180594
2.4592002567911856e6	-14.345284180430916
2.4592002591060004e6	-14.304794175539874
2.4592002614208153e6	-14.264223378192122
2.45920026373563e6	-14.223572017528632
2.459200266050445e6	-14.182840323145385
2.4592002683652597e6	-14.142028525092083
2.4592002706800746e6	-14.101136853870857
2.4592002729948894e6	-14.060165540434937
2.4592002753097042e6	-14.019114816187388
2.459200277624519e6	-13.977984912979764
2.459200279939334e6	-13.936776063110823
2.4592002822541487e6	-13.895488499325213
2.4592002845689636e6	-13.854122454812147
2.4592002868837784e6	-13.81267816320409
2.4592002891985932e6	-13.771155858575446
2.4592002915134076e6	-13.729555783817542
2.4592002938282224e6	-13.687878157147624
2.4592002961430373e6	-13.646123222318645
2.459200298457852e6	-13.604291215159499
2.459200300772667e6	-13.56238237193438
2.4592003030874818e6	-13.520396929341441
2.4592003054022966e6	-13.478335124511464
2.4592003077171114e6	-13.436197195006523
2.4592003100319263e6	-13.393983378818634
2.459200312346741e6	-13.35169391436842
2.459200314661556e6	-13.309329040503764
2.4592003169763708e6	-13.266888996498443
2.4592003192911856e6	-13.224374022050801
2.4592003216060004e6	-13.181784357282378
2.4592003239208153e6	-13.139120242736562
2.45920032623563e6	-13.096381919377224
2.459200328550445e6	-13.053569628587374
2.4592003308652597e6	-13.010683612167766
2.4592003331800746e6	-12.967724112335565
2.4592003354948894e6	-12.924691371722957
2.4592003378097042e6	-12.881585633375794
2.459200340124519e6	-12.838407140752206
2.459200342439334e6	-12.795156137721243
2.4592003447541487e6	-12.751832868561479
2.4592003470689636e6	-12.708437577959652
2.4592003493837784e6	-12.66497051100926
2.4592003516985932e6	-12.621431913209198
2.4592003540134076e6	-12.577822039242324
2.4592003563282224e6	-12.534141117868485
2.4592003586430373e6	-12.490389404560052
2.459200360957852e6	-12.44656714642358
2.459200363272667e6	-12.402674590964057
2.4592003655874818e6	-12.358711986083502
2.4592003679022966e6	-12.314679580079572
2.4592003702171114e6	-12.270577621644154
2.4592003725319263e6	-12.226406359861963
2.459200374846741e6	-12.182166044209131
2.459200377161556e6	-12.137856924551809
2.4592003794763708e6	-12.093479251144734
2.4592003817911856e6	-12.049033274629846
2.4592003841060004e6	-12.004519246034842
2.4592003864208153e6	-11.95993741677179
2.45920038873563e6	-11.91528803863567
2.459200391050445e6	-11.870571363802986
2.4592003933652597e6	-11.82578764483033
2.4592003956800746e6	-11.780937134652948
2.4592003979948894e6	-11.736020086583316
2.4592004003097042e6	-11.691036754309732
2.459200402624519e6	-11.64598739189483
2.459200404939334e6	-11.600872253774199
2.4592004072541487e6	-11.555691594754924
2.4592004095689636e6	-11.51044567001414
2.4592004118837784e6	-11.465134735097598
2.4592004141985932e6	-11.41975904591823
2.4592004165134076e6	-11.374318867902169
2.4592004188282224e6	-11.328814439410285
2.4592004211430373e6	-11.283246026582878
2.459200423457852e6	-11.237613886787088
2.459200425772667e6	-11.191918277749986
2.4592004280874818e6	-11.14615945755711
2.4592004304022966e6	-11.100337684651013
2.4592004327171114e6	-11.054453217829797
2.4592004350319263e6	-11.008506316245656
2.459200437346741e6	-10.962497239403413
2.459200439661556e6	-10.91642624715905
2.4592004419763708e6	-10.87029359971824
2.4592004442911856e6	-10.824099557634888
2.4592004466060004e6	-10.777844381809649
2.4592004489208153e6	-10.73152833348845
2.45920045123563e6	-10.68515167426103
2.459200453550445e6	-10.638714666059448
2.4592004558652597e6	-10.592217571156617
2.4592004581800746e6	-10.545660652164807
2.4592004604948894e6	-10.499044172034175
2.4592004628097042e6	-10.452368394051279
2.459200465124519e6	-10.405633581837575
2.459200467439334e6	-10.358839999347952
2.4592004697541487e6	-10.31198791086922
2.4592004720689636e6	-10.26507758101864
2.4592004743837784e6	-10.218109274742398
2.4592004766985932e6	-10.171083257314141
2.4592004790134076e6	-10.123999803810797
2.4592004813282224e6	-10.076859161213203
2.4592004836430373e6	-10.029661605234157
2.459200485957852e6	-9.982407402442085
2.459200488272667e6	-9.93509681972535
2.4592004905874818e6	-9.887730124290751
2.4592004929022966e6	-9.840307583662003
2.4592004952171114e6	-9.792829465678228
2.4592004975319263e6	-9.745296038492452
2.459200499846741e6	-9.69770757057008
2.459200502161556e6	-9.650064330687378
2.4592005044763708e6	-9.602366587929968
2.4592005067911856e6	-9.554614611691301
2.4592005091060004e6	-9.506808671671125
2.4592005114208153e6	-9.458949037873984
2.45920051373563e6	-9.411035980607668
2.459200516050445e6	-9.36306977048171
2.4592005183652597e6	-9.315050678405841
2.4592005206800746e6	-9.266978975588463
2.4592005229948894e6	-9.21885493353513
2.4592005253097042e6	-9.170678824046993
2.459200527624519e6	-9.122450919219276
2.459200529939334e6	-9.07417149143975
2.4592005322541487e6	-9.02584081338718
2.4592005345689636e6	-8.97745915802978
2.4592005368837784e6	-8.929026798623692
2.4592005391985932e6	-8.880544008711423
2.4592005415134076e6	-8.8320110718885
2.4592005438282224e6	-8.783428242739172
2.4592005461430373e6	-8.734795805413919
2.459200548457852e6	-8.686114034585275
2.459200550772667e6	-8.637383205204406
2.4592005530874818e6	-8.588603592499563
2.4592005554022966e6	-8.539775471974513
2.4592005577171114e6	-8.490899119406999
2.4592005600319263e6	-8.441974810847174
2.459200562346741e6	-8.39300282261604
2.459200564661556e6	-8.34398343130389
2.4592005669763708e6	-8.294916913768748
2.4592005692911856e6	-8.245803547134809
2.4592005716060004e6	-8.196643608790856
2.4592005739208153e6	-8.14743737638872
2.45920057623563e6	-8.098185127841685
2.459200578550445e6	-8.048887141322934
2.4592005808652597e6	-7.999543695263983
2.4592005831800746e6	-7.95015506835309
2.4592005854948894e6	-7.900721539533698
2.4592005878097042e6	-7.851243388002849
2.459200590124519e6	-7.8017208932096125
2.459200592439334e6	-7.752154334853503
2.4592005947541487e6	-7.70254399288291
2.4592005970689636e6	-7.6528901474935
2.4592005993837784e6	-7.603193079126648
2.4592006016985932e6	-7.553453068467856
2.4592006040134076e6	-7.503670406463984
2.4592006063282224e6	-7.453845354254837
2.4592006086430373e6	-7.40397820325904
2.459200610957852e6	-7.354069235122701
2.459200613272667e6	-7.304118731728112
2.4592006155874818e6	-7.254126975192149
2.4592006179022966e6	-7.204094247864688
2.4592006202171114e6	-7.154020832327002
2.4592006225319263e6	-7.1039070113901674
2.459200624846741e6	-7.053753068093473
2.459200627161556e6	-7.0035592857028055
2.4592006294763708e6	-6.95332594770907
2.4592006317911856e6	-6.903053337826573
2.4592006341060004e6	-6.852741739991429
2.4592006364208153e6	-6.802391438359951
2.45920063873563e6	-6.752002717307052
2.459200641050445e6	-6.7015758614246295
2.4592006433652597e6	-6.651111155519967
2.4592006456800746e6	-6.600608884614125
2.4592006479948894e6	-6.550069333940326
2.4592006503097042e6	-6.4994927889423435
2.459200652624519e6	-6.448879535272895
2.459200654939334e6	-6.398229858792025
2.4592006572541487e6	-6.347544045565494
2.4592006595689636e6	-6.296822381863155
2.4592006618837784e6	-6.246065154157347
2.4592006641985932e6	-6.195272649121271
2.4592006665134076e6	-6.1444451638556155
2.4592006688282224e6	-6.093582964980908
2.4592006711430373e6	-6.042686349984455
2.459200673457852e6	-5.991755606326703
2.459200675772667e6	-5.940791021660862
2.4592006780874818e6	-5.889792883831269
2.4592006804022966e6	-5.838761480871764
2.4592006827171114e6	-5.787697101004073
2.4592006850319263e6	-5.736600032636166
2.459200687346741e6	-5.685470564360641
2.459200689661556e6	-5.634308984953085
2.4592006919763708e6	-5.583115583370451
2.4592006942911856e6	-5.531890648749413
2.4592006966060004e6	-5.480634470404748
2.4592006989208153e6	-5.4293473378276955
2.45920070123563e6	-5.378029540684318
2.459200703550445e6	-5.326681368813874
2.4592007058652597e6	-5.2753031122271725
2.4592007081800746e6	-5.22389506110494
2.4592007104948894e6	-5.172457505796183
2.4592007128097042e6	-5.120990736816541
2.459200715124519e6	-5.0694950448466525
2.459200717439334e6	-5.017970720730512
2.4592007197541487e6	-4.966418055473825
2.4592007220689636e6	-4.914837340242366
2.4592007243837784e6	-4.863228866360334
2.4592007266985932e6	-4.811592925308706
2.4592007290134076e6	-4.759929819119153
2.4592007313282224e6	-4.70823981879553
2.4592007336430373e6	-4.656523226669392
2.459200735957852e6	-4.604780334832363
2.459200738272667e6	-4.553011435524598
2.4592007405874818e6	-4.501216821133153
2.4592007429022966e6	-4.449396784190308
2.4592007452171114e6	-4.397551617371938
2.4592007475319263e6	-4.3456816134958425
2.459200749846741e6	-4.293787065520105
2.459200752161556e6	-4.241868266541426
2.4592007544763708e6	-4.189925509793479
2.4592007567911856e6	-4.137959088645248
2.4592007591060004e6	-4.085969296599371
2.4592007614208153e6	-4.033956427290482
2.45920076373563e6	-3.981920774483557
2.459200766050445e6	-3.9298626320722487
2.4592007683652597e6	-3.8777822940772313
2.4592007706800746e6	-3.8256800546445366
2.4592007729948894e6	-3.773556208043895
2.4592007753097042e6	-3.721411048667073
2.459200777624519e6	-3.669244871026209
2.459200779939334e6	-3.617057969752152
2.4592007822541487e6	-3.564850639592797
2.4592007845689636e6	-3.5126231754114188
2.4592007868837784e6	-3.460375872185007
2.4592007891985932e6	-3.408109025002603
2.4592007915134076e6	-3.355822939583714
2.4592007938282224e6	-3.3035178902000935
2.4592007961430373e6	-3.251194182783169
2.459200798457852e6	-3.198852112853507
2.459200800772667e6	-3.146491976035382
2.4592008030874818e6	-3.0941140680551125
2.4592008054022966e6	-3.0417186847393825
2.4592008077171114e6	-2.9893061220135793
2.4592008100319263e6	-2.9368766759001175
2.459200812346741e6	-2.8844306425167665
2.459200814661556e6	-2.8319683180749804
2.4592008169763708e6	-2.779489998878225
2.4592008192911856e6	-2.7269959813203
2.4592008216060004e6	-2.6744865618836733
2.4592008239208153e6	-2.6219620371377967
2.45920082623563e6	-2.5694227037374384
2.459200828550445e6	-2.5168688584210046
2.4592008308652597e6	-2.464300798008863
2.4592008331800746e6	-2.411718819401668
2.4592008354948894e6	-2.3591232195786813
2.4592008378097042e6	-2.3065142955960987
2.459200840124519e6	-2.2538923445853682
2.459200842439334e6	-2.201257663751514
2.4592008447541487e6	-2.148610550371458
2.4592008470689636e6	-2.0959513017923386
2.4592008493837784e6	-2.0432802154298346
2.4592008516985932e6	-1.9905975887664833
2.4592008540134076e6	-1.9379037299513087
2.4592008563282224e6	-1.88519891539508
2.4592008586430373e6	-1.8324834533699057
2.459200860957852e6	-1.7797576416089536
2.459200863272667e6	-1.7270217779038455
2.4592008655874818e6	-1.6742761601029772
2.4592008679022966e6	-1.6215210861098333
2.4592008702171114e6	-1.5687568538813073
2.4592008725319263e6	-1.5159837614260172
2.459200874846741e6	-1.4632021068026244
2.459200877161556e6	-1.410412188118147
2.4592008794763708e6	-1.3576143035262784
2.4592008817911856e6	-1.3048087512257038
2.4592008841060004e6	-1.2519958294584133
2.4592008864208153e6	-1.199175836508021
2.45920088873563e6	-1.1463490706980777
2.459200891050445e6	-1.093515830390387
2.4592008933652597e6	-1.04067641398332
2.4592008956800746e6	-0.9878311199101298
2.4592008979948894e6	-0.9349802466372665
2.4592009003097042e6	-0.8821240926626908
2.459200902624519e6	-0.8292629565141881
2.459200904939334e6	-0.7763971367476837
2.4592009072541487e6	-0.723526931945555
2.4592009095689636e6	-0.6706526407149456
2.4592009118837784e6	-0.6177745616860796
2.4592009141985932e6	-0.5648929935105739
2.4592009165134076e6	-0.5120082454986505
2.4592009188282224e6	-0.4591205950624067
2.4592009211430373e6	-0.4062303515458049
2.459200923457852e6	-0.35333781366916633
2.459200925772667e6	-0.30044328016577043
2.4592009280874818e6	-0.24754704978016787
2.4592009304022966e6	-0.19464942126649326
2.4592009327171114e6	-0.14175069338677757
2.4592009350319263e6	-0.088851164909261
2.459200937346741e6	-0.035951134606705466
2.459200939661556e6	0.01694909874529282
2.4592009419763708e6	0.0698492363699909
2.4592009442911856e6	0.1227489794911864
2.4592009466060004e6	0.17564802933490523
2.4592009489208153e6	0.22854608713108857
2.45920095123563e6	0.281442854115281
2.459200953550445e6	0.33433803153031716
2.4592009558652597e6	0.3872313206280098
2.4592009581800746e6	0.44012242267083646
2.4592009604948894e6	0.4930110389336272
2.4592009628097042e6	0.5458968707052515
2.459200965124519e6	0.5987796192903055
2.459200967439334e6	0.651658986010799
2.4592009697541487e6	0.7045346722078418
2.4592009720689636e6	0.7574063792433319
2.4592009743837784e6	0.8102738085016408
2.4592009766985932e6	0.863136661391301
2.4592009790134076e6	0.9159946287139906
2.4592009813282224e6	0.9688474331980942
2.4592009836430373e6	1.0216947657010325
2.459200985957852e6	1.0745363277448425
2.459200988272667e6	1.127371820884153
2.4592009905874818e6	1.1802009467078682
2.4592009929022966e6	1.2330234068408565
2.4592009952171114e6	1.285838902945632
2.4592009975319263e6	1.3386471367240411
2.459200999846741e6	1.3914478099189487
2.459201002161556e6	1.44424062431592
2.4592010044763708e6	1.4970252817449063
2.4592010067911856e6	1.5498014840819303
2.4592010091060004e6	1.6025689332507664
2.4592010114208153e6	1.6553273312246268
2.45920101373563e6	1.7080763800278462
2.459201016050445e6	1.7608157817375596
2.4592010183652597e6	1.8135452384853898
2.4592010206800746e6	1.8662644524591288
2.4592010229948894e6	1.9189731259044176
2.4592010253097042e6	1.9716709611264296
2.459201027624519e6	2.024357660491552
2.459201029939334e6	2.0770329264290672
2.4592010322541487e6	2.1296964614328324
2.4592010345689636e6	2.1823479680629587
2.4592010368837784e6	2.234987148947495
2.4592010391985932e6	2.2876137067841027
2.4592010415134076e6	2.3402273337590014
2.4592010438282224e6	2.392827753882286
2.4592010461430373e6	2.44541465948517
2.459201048457852e6	2.4979877535605626
2.459201050772667e6	2.5505467391793806
2.4592010530874818e6	2.603091319492223
2.4592010554022966e6	2.6556211977310507
2.4592010577171114e6	2.70813607721086
2.4592010600319263e6	2.7606356613313587
2.459201062346741e6	2.8131196535786422
2.459201064661556e6	2.8655877575268676
2.4592010669763708e6	2.9180396768399275
2.4592010692911856e6	2.970475115273125
2.4592010716060004e6	3.0228937766748456
2.4592010739208153e6	3.075295364988231
2.45920107623563e6	3.127679584252849
2.459201078550445e6	3.1800461386063663
2.4592010808652597e6	3.2323947322862225
2.4592010831800746e6	3.284725069631297
2.4592010854948894e6	3.3370368550835754
2.4592010878097042e6	3.38932979318983
2.459201090124519e6	3.441603588603276
2.459201092439334e6	3.4938579460852472
2.4592010947541487e6	3.546092570506862
2.4592010970689636e6	3.5983071668506885
2.4592010993837784e6	3.6505014402124143
2.4592011016985932e6	3.7026750958025065
2.4592011040134076e6	3.754827828458663
2.4592011063282224e6	3.8069593646086455
2.4592011086430373e6	3.8590693993238023
2.459201110957852e6	3.9111576382903763
2.459201113272667e6	3.963223787317711
2.4592011155874818e6	4.015267552339911
2.4592011179022966e6	4.067288639417508
2.4592011202171114e6	4.119286754739113
2.4592011225319263e6	4.171261604623079
2.459201124846741e6	4.223212895519167
2.459201127161556e6	4.275140334010191
2.4592011294763708e6	4.3270436268136825
2.4592011317911856e6	4.378922480783549
2.4592011341060004e6	4.430776602911727
2.4592011364208153e6	4.482605700329834
2.45920113873563e6	4.534409480310824
2.459201141050445e6	4.586187650270647
2.4592011433652597e6	4.637939917769892
2.4592011456800746e6	4.689665990515449
2.4592011479948894e6	4.741365576362147
2.4592011503097042e6	4.793038383314416
2.459201152624519e6	4.844684119527928
2.459201154939334e6	4.896302493311252
2.4592011572541487e6	4.947893213127495
2.4592011595689636e6	4.999455987595952
2.4592011618837784e6	5.050990525493756
2.4592011641985932e6	5.1024965357575125
2.4592011665134076e6	5.153973717132425
2.4592011688282224e6	5.205421799589925
2.4592011711430373e6	5.25684048219656
2.459201173457852e6	5.308229474543284
2.459201175772667e6	5.359588486388732
2.4592011780874818e6	5.410917227660871
2.4592011804022966e6	5.462215408458634
2.4592011827171114e6	5.513482739053554
2.4592011850319263e6	5.56471892989141
2.459201187346741e6	5.615923691593849
2.459201189661556e6	5.667096734960033
2.4592011919763708e6	5.718237770968263
2.4592011942911856e6	5.769346510777619
2.4592011966060004e6	5.820422665729585
2.4592011989208153e6	5.871465947349679
2.45920120123563e6	5.922476067349096
2.459201203550445e6	5.973452737626315
2.4592012058652597e6	6.024395670268737
2.4592012081800746e6	6.075304577554317
2.4592012104948894e6	6.126179171953181
2.4592012128097042e6	6.177019166129246
2.459201215124519e6	6.227824272941856
2.459201217439334e6	6.278594205447393
2.4592012197541487e6	6.329328676900897
2.4592012220689636e6	6.3800274007577
2.4592012243837784e6	6.430690090675025
2.4592012266985932e6	6.481316460513612
2.4592012290134076e6	6.531906214166117
2.4592012313282224e6	6.5824590862590595
2.4592012336430373e6	6.63297478109281
2.459201235957852e6	6.683453013358328
2.459201238272667e6	6.733893497958159
2.4592012405874818e6	6.784295950008048
2.4592012429022966e6	6.83466008483854
2.4592012452171114e6	6.884985617996597
2.4592012475319263e6	6.9352722652472005
2.459201249846741e6	6.985519742574951
2.459201252161556e6	7.035727766185686
2.4592012544763708e6	7.085896052508068
2.4592012567911856e6	7.136024318195199
2.4592012591060004e6	7.186112280126209
2.4592012614208153e6	7.236159655407866
2.45920126373563e6	7.286166161376163
2.459201266050445e6	7.336131515597924
2.4592012683652597e6	7.386055435872394
2.4592012706800746e6	7.435937640232835
2.4592012729948894e6	7.485777846948113
2.4592012753097042e6	7.535575774524301
2.459201277624519e6	7.5853311417062566
2.459201279939334e6	7.635043667479214
2.4592012822541487e6	7.684713071070377
2.4592012845689636e6	7.734339071950499
2.4592012868837784e6	7.783921389835466
2.4592012891985932e6	7.8334597446878895
2.4592012915134076e6	7.882953846766625
2.4592012938282224e6	7.932403436445541
2.4592012961430373e6	7.9818082244759045
2.459201298457852e6	8.031167931823003
2.459201300772667e6	8.080482279706727
2.4592013030874818e6	8.129750989603163
2.4592013054022966e6	8.178973783246155
2.4592013077171114e6	8.228150382628868
2.4592013100319263e6	8.277280510005388
2.459201312346741e6	8.326363887892255
2.459201314661556e6	8.375400239070057
2.4592013169763708e6	8.42438928658498
2.4592013192911856e6	8.473330753750378
2.4592013216060004e6	8.52222436414834
2.4592013239208153e6	8.571069841631243
2.45920132623563e6	8.619866910323315
2.459201328550445e6	8.668615294622194
2.4592013308652597e6	8.717314719200484
2.4592013331800746e6	8.76596490900731
2.4592013354948894e6	8.814565589269877
2.4592013378097042e6	8.863116485495
2.459201340124519e6	8.911617323470692
2.459201342439334e6	8.960067829267677
2.4592013447541487e6	9.008467729240955
2.4592013470689636e6	9.056816750031345
2.4592013493837784e6	9.10511461856703
2.4592013516985932e6	9.153361062065093
2.4592013540134076e6	9.201555798343152
2.4592013563282224e6	9.249698574591026
2.4592013586430373e6	9.297789109201416
2.459201360957852e6	9.34582713056241
2.459201363272667e6	9.39381236735869
2.4592013655874818e6	9.441744548573068
2.4592013679022966e6	9.489623403487998
2.4592013702171114e6	9.537448661687133
2.4592013725319263e6	9.58522005305682
2.459201374846741e6	9.632937307787651
2.459201377161556e6	9.680600156375979
2.4592013794763708e6	9.728208329625435
2.4592013817911856e6	9.775761558648455
2.4592013841060004e6	9.823259574867791
2.4592013864208153e6	9.87070211001804
2.45920138873563e6	9.918088896147149
2.459201391050445e6	9.96541966561793
2.4592013933652597e6	10.012694151109578
2.4592013956800746e6	10.059912085619167
2.4592013979948894e6	10.107073202463178
2.4592014003097042e6	10.154177235278983
2.459201402624519e6	10.201223918026372
2.459201404939334e6	10.248212984989031
2.4592014072541487e6	10.29514417077607
2.4592014095689636e6	10.342017210323498
2.4592014118837784e6	10.388831838895731
2.4592014141985932e6	10.435587792087087
2.4592014165134076e6	10.482284796435392
2.4592014188282224e6	10.528922606986962
2.4592014211430373e6	10.575500950934991
2.459201423457852e6	10.622019565208324
2.459201425772667e6	10.668478187073143
2.4592014280874818e6	10.714876554134468
2.4592014304022966e6	10.761214404337633
2.4592014327171114e6	10.807491475969766
2.4592014350319263e6	10.85370750766127
2.459201437346741e6	10.899862238387291
2.459201439661556e6	10.945955407469214
2.4592014419763708e6	10.9919867545761
2.4592014442911856e6	11.037956019726188
2.4592014466060004e6	11.083862943288349
2.4592014489208153e6	11.129707265983555
2.45920145123563e6	11.175488728886343
2.459201453550445e6	11.221207073426276
2.4592014558652597e6	11.26686204138941
2.4592014581800746e6	11.312453374919741
2.4592014604948894e6	11.35798081652067
2.4592014628097042e6	11.403444109056455
2.459201465124519e6	11.448842995753669
2.459201467439334e6	11.494177220202634
2.4592014697541487e6	11.53944652635889
2.4592014720689636e6	11.584650658544625
2.4592014743837784e6	11.629789361450126
2.4592014766985932e6	11.674862380135215
2.4592014790134076e6	11.719869450983476
2.4592014813282224e6	11.764810337905931
2.4592014836430373e6	11.809684778019138
2.459201485957852e6	11.854492517875466
2.459201488272667e6	11.899233304403992
2.4592014905874818e6	11.943906884911948
2.4592014929022966e6	11.988513007086139
2.4592014952171114e6	12.033051418994372
2.4592014975319263e6	12.077521869086873
2.459201499846741e6	12.12192410619771
2.459201502161556e6	12.166257879546224
2.4592015044763708e6	12.210522938738423
2.4592015067911856e6	12.25471903376841
2.4592015091060004e6	12.298845915019795
2.4592015114208153e6	12.342903333267106
2.45920151373563e6	12.386891039677181
2.459201516050445e6	12.430808785810596
2.4592015183652597e6	12.47465632362306
2.4592015206800746e6	12.5184334054668
2.4592015229948894e6	12.562139784091988
2.4592015253097042e6	12.605775212648114
2.459201527624519e6	12.64933944468539
2.459201529939334e6	12.692832234156148
2.4592015322541487e6	12.736253335416208
2.4592015345689636e6	12.779602503226295
2.4592015368837784e6	12.822879492753401
2.4592015391985932e6	12.866084059572175
2.4592015415134076e6	12.909215950996979
2.4592015438282224e6	12.95227494077527
2.4592015461430373e6	12.995260777028978
2.459201548457852e6	13.038173216977164
2.459201550772667e6	13.081012018253425
2.4592015530874818e6	13.123776938907277
2.4592015554022966e6	13.166467737405496
2.4592015577171114e6	13.209084172633494
2.4592015600319263e6	13.251626003896694
2.459201562346741e6	13.294092990921863
2.459201564661556e6	13.33648489385849
2.4592015669763708e6	13.378801473280133
2.4592015692911856e6	13.421042490185771
2.4592015716060004e6	13.463207706001155
2.4592015739208153e6	13.505296882580158
2.45920157623563e6	13.547309782206108
2.459201578550445e6	13.589246167593148
2.4592015808652597e6	13.631105801887566
2.4592015831800746e6	13.672888448669138
2.4592015854948894e6	13.714593871952452
2.4592015878097042e6	13.756221836188256
2.459201590124519e6	13.797772106264784
2.459201592439334e6	13.839244447509065
2.4592015947541487e6	13.88063862568828
2.4592015970689636e6	13.921954407011063
2.4592015993837784e6	13.96319155812883
2.4592016016985932e6	14.004349846137101
2.4592016040134076e6	14.045429030321042
2.4592016063282224e6	14.086428895195791
2.4592016086430373e6	14.127349200925355
2.459201610957852e6	14.168189716394762
2.459201613272667e6	14.2089502109397
2.4592016155874818e6	14.2496304543478
2.4592016179022966e6	14.290230216859957
2.4592016202171114e6	14.330749269171605
2.4592016225319263e6	14.371187382434023
2.459201624846741e6	14.411544328255642
2.459201627161556e6	14.451819878703306
2.4592016294763708e6	14.492013806303584
2.4592016317911856e6	14.532125884044035
2.4592016341060004e6	14.57215588537452
2.4592016364208153e6	14.61210358420843
2.45920163873563e6	14.651968754924024
2.459201641050445e6	14.691751172365663
2.4592016433652597e6	14.731450611845085
2.4592016456800746e6	14.771066849142693
2.4592016479948894e6	14.810599660508808
2.4592016503097042e6	14.850048822664931
2.459201652624519e6	14.889414112805005
2.459201654939334e6	14.928695308596687
2.4592016572541487e6	14.96789218818258
2.4592016595689636e6	15.00700453018151
2.4592016618837784e6	15.04603211368976
2.4592016641985932e6	15.08497471828232
2.4592016665134076e6	15.12383211620595
2.4592016688282224e6	15.16260410363038
2.4592016711430373e6	15.201290453748847
2.459201673457852e6	15.239890948063595
2.459201675772667e6	15.278405368561794
2.4592016780874818e6	15.316833497716747
2.4592016804022966e6	15.355175118489116
2.4592016827171114e6	15.393430014328167
2.4592016850319263e6	15.431597969172978
2.459201687346741e6	15.469678767453663
2.459201689661556e6	15.507672194092596
2.4592016919763708e6	15.545578034505608
2.4592016942911856e6	15.583396074603215
2.4592016966060004e6	15.621126100791834
2.4592016989208153e6	15.658767899974961
2.45920170123563e6	15.696321259554406
2.459201703550445e6	15.733785967431473
2.4592017058652597e6	15.771161812008165
2.4592017081800746e6	15.808448582188376
2.4592017104948894e6	15.845646067379095
2.4592017128097042e6	15.882754057491573
2.459201715124519e6	15.919772342942535
2.459201717439334e6	15.956700714655343
2.4592017197541487e6	15.993538964061193
2.4592017220689636e6	16.030286883100278
2.4592017243837784e6	16.066944264222972
2.4592017266985932e6	16.103510900391008
2.4592017290134076e6	16.139986577750136
2.4592017313282224e6	16.176371104963636
2.4592017336430373e6	16.212664269187492
2.459201735957852e6	16.248865865440496
2.459201738272667e6	16.284975689258616
2.4592017405874818e6	16.320993536696143
2.4592017429022966e6	16.356919204326847
2.4592017452171114e6	16.39275248924512
2.4592017475319263e6	16.42849318906713
2.459201749846741e6	16.464141101931947
2.459201752161556e6	16.499696026502715
2.4592017544763708e6	16.535157761967742
2.4592017567911856e6	16.570526108041687
2.4592017591060004e6	16.605800864966653
2.4592017614208153e6	16.640981833513326
2.45920176373563e6	16.67606881498211
2.459201766050445e6	16.711061611204244
2.4592017683652597e6	16.7459600245429
2.4592017706800746e6	16.780763857894335
2.4592017729948894e6	16.815472914688986
2.4592017753097042e6	16.85008699889257
2.459201777624519e6	16.88460591500721
2.459201779939334e6	16.919029468072537
2.4592017822541487e6	16.953357463666777
2.4592017845689636e6	16.98758970790786
2.4592017868837784e6	17.02172600745451
2.4592017891985932e6	17.055766169507347
2.4592017915134076e6	17.08970999499133
2.4592017938282224e6	17.123557305850827
2.4592017961430373e6	17.157307904080596
2.459201798457852e6	17.19096159905968
2.459201800772667e6	17.2245182007144
2.4592018030874818e6	17.257977519519475
2.4592018054022966e6	17.291339366499052
2.4592018077171114e6	17.324603553227806
2.4592018100319263e6	17.357769891831982
2.459201812346741e6	17.390838194990465
2.459201814661556e6	17.423808275935837
2.4592018169763708e6	17.456679948455434
2.4592018192911856e6	17.4894530268924
2.4592018216060004e6	17.522127326146723
2.4592018239208153e6	17.554702661676295
2.45920182623563e6	17.587178849497946
2.459201828550445e6	17.619555706188475
2.4592018308652597e6	17.651833048885717
2.4592018331800746e6	17.68401069528954
2.4592018354948894e6	17.716088463662892
2.4592018378097042e6	17.74806617283283
2.459201840124519e6	17.779943642191533
2.459201842439334e6	17.811720691697325
2.4592018447541487e6	17.843397141875705
2.4592018470689636e6	17.874972813820335
2.4592018493837784e6	17.90644752919408
2.4592018516985932e6	17.93782111022999
2.4592018540134076e6	17.969093373451614
2.4592018563282224e6	18.00026415481724
2.4592018586430373e6	18.031333271975438
2.459201860957852e6	18.062300549450033
2.459201863272667e6	18.093165812340054
2.4592018655874818e6	18.12392888632071
2.4592018679022966e6	18.15458959764434
2.4592018702171114e6	18.18514777314144
2.4592018725319263e6	18.21560324022162
2.459201874846741e6	18.245955826874567
2.459201877161556e6	18.27620536167104
2.4592018794763708e6	18.30635167376383
2.4592018817911856e6	18.336394592888716
2.4592018841060004e6	18.366333949365433
2.4592018864208153e6	18.396169574098636
2.45920188873563e6	18.425901298578836
2.459201891050445e6	18.455528954883377
2.4592018933652597e6	18.485052375677377
2.4592018956800746e6	18.51447139421466
2.4592018979948894e6	18.54378584433871
2.4592019003097042e6	18.572995560483598
2.459201902624519e6	18.60210037767494
2.459201904939334e6	18.631100131530804
2.4592019072541487e6	18.659994658262644
2.4592019095689636e6	18.688783794676233
2.4592019118837784e6	18.717467378172593
2.4592019141985932e6	18.74604524674889
2.4592019165134076e6	18.774517233282424
2.4592019188282224e6	18.802883188420626
2.4592019211430373e6	18.831142946216357
2.459201923457852e6	18.85929634706053
2.459201925772667e6	18.887343231944737
2.4592019280874818e6	18.91528344246218
2.4592019304022966e6	18.943116820808537
2.4592019327171114e6	18.970843209782885
2.4592019350319263e6	18.998462452788548
2.459201937346741e6	19.025974393834012
2.459201939661556e6	19.053378877533806
2.4592019419763708e6	19.080675749109346
2.4592019442911856e6	19.107864854389863
2.4592019466060004e6	19.134946039813233
2.4592019489208153e6	19.161919152426837
2.45920195123563e6	19.188784039888475
2.459201953550445e6	19.21554055046717
2.4592019558652597e6	19.242188533044068
2.4592019581800746e6	19.26872783711326
2.4592019604948894e6	19.29515831278265
2.4592019628097042e6	19.3214798107748
2.459201965124519e6	19.34769218242777
2.459201967439334e6	19.373795279695948
2.4592019697541487e6	19.39978895515091
2.4592019720689636e6	19.425673061982224
2.4592019743837784e6	19.451447453998313
2.4592019766985932e6	19.47711198562724
2.4592019790134076e6	19.502666506787946
2.4592019813282224e6	19.528110883431705
2.4592019836430373e6	19.553444966698727
2.459201985957852e6	19.578668613503915
2.459201988272667e6	19.603781681385918
2.4592019905874818e6	19.628784028507912
2.4592019929022966e6	19.653675513658442
2.4592019952171114e6	19.678455996252154
2.4592019975319263e6	19.703125336330665
2.459201999846741e6	19.727683394563297
2.459202002161556e6	19.75213003224789
2.4592020044763708e6	19.77646511131158
2.4592020067911856e6	19.80068849431158
2.4592020091060004e6	19.824800044435943
2.4592020114208153e6	19.848799625504363
2.45920201373563e6	19.872687101968914
2.459202016050445e6	19.89646233891484
2.4592020183652597e6	19.920125202061293
2.4592020206800746e6	19.94367555776211
2.4592020229948894e6	19.967113273006564
2.4592020253097042e6	19.990438215420117
2.459202027624519e6	20.01365025326515
2.459202029939334e6	20.036749255441737
2.4592020322541487e6	20.059735091488356
2.4592020345689636e6	20.08260763158265
2.4592020368837784e6	20.10536674654214
2.4592020391985932e6	20.12801230782497
2.4592020415134076e6	20.150544183009437
2.4592020438282224e6	20.172962253902384
2.4592020461430373e6	20.19526638934407
2.459202048457852e6	20.217456463362332
2.459202050772667e6	20.23953235062921
2.4592020530874818e6	20.26149392646168
2.4592020554022966e6	20.283341066822317
2.4592020577171114e6	20.305073648320032
2.4592020600319263e6	20.32669154821076
2.459202062346741e6	20.34819464439815
2.459202064661556e6	20.369582815434235
2.4592020669763708e6	20.390855940520165
2.4592020692911856e6	20.412013899506835
2.4592020716060004e6	20.433056572895616
2.4592020739208153e6	20.45398384183898
2.45920207623563e6	20.47479558814121
2.459202078550445e6	20.495491694259044
2.4592020808652597e6	20.51607204330236
2.4592020831800746e6	20.536536519034804
2.4592020854948894e6	20.556885005874488
2.4592020878097042e6	20.577117388894603
2.459202090124519e6	20.597233553824097
2.459202092439334e6	20.6172333870483
2.4592020947541487e6	20.63711677560959
2.4592020970689636e6	20.656883607208005
2.4592020993837784e6	20.67653377020189
2.4592021016985932e6	20.696067153608524
2.4592021040134076e6	20.715483643210586
2.4592021063282224e6	20.734783137156985
2.4592021086430373e6	20.75396552252787
2.459202110957852e6	20.773030690982498
2.459202113272667e6	20.791978534842148
2.4592021155874818e6	20.810808947090756
2.4592021179022966e6	20.829521821375504
2.4592021202171114e6	20.848117052007403
2.4592021225319263e6	20.86659453396192
2.459202124846741e6	20.884954162879563
2.459202127161556e6	20.903195835066445
2.4592021294763708e6	20.921319447494913
2.4592021317911856e6	20.93932489780409
2.4592021341060004e6	20.957212084300487
2.4592021364208153e6	20.97498090595854
2.45920213873563e6	20.992631262421227
2.459202141050445e6	21.010163054000582
2.4592021433652597e6	21.027576181678302
2.4592021456800746e6	21.044870547106285
2.4592021479948894e6	21.062046052607183
2.4592021503097042e6	21.07910260117497
2.459202152624519e6	21.09604009647548
2.459202154939334e6	21.11285844284695
2.4592021572541487e6	21.12955754530055
2.4592021595689636e6	21.146137309520952
2.4592021618837784e6	21.16259764186682
2.4592021641985932e6	21.178938449371383
2.4592021665134076e6	21.19515963649181
2.4592021688282224e6	21.21126111813828
2.4592021711430373e6	21.227242800095606
2.459202173457852e6	21.243104592100376
2.459202175772667e6	21.258846404566327
2.4592021780874818e6	21.274468148584827
2.4592021804022966e6	21.28996973592537
2.4592021827171114e6	21.305351079036114
2.4592021850319263e6	21.320612091044314
2.459202187346741e6	21.33575268575687
2.459202189661556e6	21.350772777660787
2.4592021919763708e6	21.365672281923654
2.4592021942911856e6	21.380451114394134
2.4592021966060004e6	21.39510919160244
2.4592021989208153e6	21.40964643076079
2.45920220123563e6	21.424062749763902
2.459202203550445e6	21.43835806718943
2.4592022058652597e6	21.452532302298444
2.4592022081800746e6	21.466585375035873
2.4592022104948894e6	21.48051720603097
2.4592022128097042e6	21.494327716597745
2.459202215124519e6	21.508016828735418
2.459202217439334e6	21.521584465128864
2.4592022197541487e6	21.535030549149038
2.4592022220689636e6	21.548355004853416
2.4592022243837784e6	21.561557756986428
2.4592022266985932e6	21.574638730979867
2.4592022290134076e6	21.58759785035866
2.4592022313282224e6	21.600435047144483
2.4592022336430373e6	21.61315024621457
2.459202235957852e6	21.62574337575439
2.459202238272667e6	21.638214364638845
2.4592022405874818e6	21.650563142432684
2.4592022429022966e6	21.662789639390883
2.4592022452171114e6	21.67489378645906
2.4592022475319263e6	21.68687551527386
2.459202249846741e6	21.69873475816334
2.459202252161556e6	21.710471448147327
2.4592022544763708e6	21.72208551893785
2.4592022567911856e6	21.73357690493945
2.4592022591060004e6	21.74494554124961
2.4592022614208153e6	21.75619136365908
2.45920226373563e6	21.76731430865226
2.459202266050445e6	21.77831431340754
2.4592022683652597e6	21.789191315797698
2.4592022706800746e6	21.79994525439018
2.4592022729948894e6	21.81057606844752
2.4592022753097042e6	21.821083697927637
2.459202277624519e6	21.83146808348419
2.459202279939334e6	21.841729166466905
2.4592022822541487e6	21.851866888921922
2.4592022845689636e6	21.861881193592108
2.4592022868837784e6	21.871772023917387
2.4592022891985932e6	21.88153932403505
2.4592022915134076e6	21.891183036852535
2.4592022938282224e6	21.900703111782807
2.4592022961430373e6	21.910099493104745
2.459202298457852e6	21.919372127748264
2.459202300772667e6	21.928520963342173
2.4592023030874818e6	21.93754594821451
2.4592023054022966e6	21.946447031392808
2.4592023077171114e6	21.955224162604374
2.4592023100319263e6	21.9638772922766
2.459202312346741e6	21.972406371537236
2.459202314661556e6	21.98081135221464
2.4592023169763708e6	21.989092186838086
2.4592023192911856e6	21.99724882863801
2.4592023216060004e6	22.005281231546284
2.4592023239208153e6	22.013189350196463
2.45920232623563e6	22.020973139924067
2.459202328550445e6	22.028632556766794
2.4592023308652597e6	22.036167557464818
2.4592023331800746e6	22.04357809946098
2.4592023354948894e6	22.050864140901076
2.4592023378097042e6	22.058025640634064
2.459202340124519e6	22.065062558212304
2.459202342439334e6	22.071974853891778
2.4592023447541487e6	22.07876248863235
2.4592023470689636e6	22.08542542409793
2.4592023493837784e6	22.091963622656742
2.4592023516985932e6	22.0983770473815
2.4592023540134076e6	22.10466566079715
2.4592023563282224e6	22.110829429916148
2.4592023586430373e6	22.116868318648365
2.459202360957852e6	22.122782292886583
2.459202363272667e6	22.128571319229103
2.4592023655874818e6	22.134235364979915
2.4592023679022966e6	22.139774398148894
2.4592023702171114e6	22.145188387451974
2.4592023725319263e6	22.150477302311327
2.459202374846741e6	22.155641112855545
2.459202377161556e6	22.16067978991979
2.4592023794763708e6	22.16559330504598
2.4592023817911856e6	22.170381630482925
2.4592023841060004e6	22.17504473918651
2.4592023864208153e6	22.179582604819824
2.45920238873563e6	22.18399520175333
2.459202391050445e6	22.188282505064993
2.4592023933652597e6	22.19244449054043
2.4592023956800746e6	22.196481134673054
2.4592023979948894e6	22.20039241466417
2.4592024003097042e6	22.204178308423156
2.459202402624519e6	22.207838794567557
2.459202404939334e6	22.211373852423204
2.4592024072541487e6	22.214783462024347
2.4592024095689636e6	22.21806760411375
2.4592024118837784e6	22.221226260142814
2.4592024141985932e6	22.224259412271675
2.4592024165134076e6	22.227167042797014
2.4592024188282224e6	22.22994913646658
2.4592024211430373e6	22.23260567696976
2.459202423457852e6	22.235136649302603
2.459202425772667e6	22.237542039170357
2.4592024280874818e6	22.239821832987555
2.4592024304022966e6	22.241976017878077
2.4592024327171114e6	22.24400458167525
2.4592024350319263e6	22.245907512921885
2.459202437346741e6	22.247684800870363
2.459202439661556e6	22.24933643548269
2.4592024419763708e6	22.25086240743055
2.4592024442911856e6	22.25226270809536
2.4592024466060004e6	22.253537329568324
2.4592024489208153e6	22.25468626465047
2.45920245123563e6	22.2557095068527
2.459202453550445e6	22.256607050395804
2.4592024558652597e6	22.257378890210536
2.4592024581800746e6	22.25802502193758
2.4592024604948894e6	22.258545441927648
2.4592024628097042e6	22.25894014724144
2.459202465124519e6	22.25920913564968
2.459202467439334e6	22.259352405633148
2.4592024697541487e6	22.25936995638267
2.4592024720689636e6	22.259261787799108
2.4592024743837784e6	22.259027900493404
2.4592024766985932e6	22.258668295786528
2.4592024790134076e6	22.258182975819775
2.4592024813282224e6	22.257571943138945
2.4592024836430373e6	22.256835201280087
2.459202485957852e6	22.255972754404265
2.459202488272667e6	22.25498460738252
2.4592024905874818e6	22.253870765795842
2.4592024929022966e6	22.252631235935123
2.4592024952171114e6	22.251266024801136
2.4592024975319263e6	22.2497751401045
2.459202499846741e6	22.248158590265625
2.459202502161556e6	22.24641638441467
2.4592025044763708e6	22.244548532391487
2.4592025067911856e6	22.242555044745572
2.4592025091060004e6	22.240435932736002
2.4592025114208153e6	22.238191208331365
2.45920251373563e6	22.235820884209712
2.459202516050445e6	22.23332497375846
2.4592025183652597e6	22.23070349107434
2.4592025206800746e6	22.227956450963283
2.4592025229948894e6	22.2250838689404
2.4592025253097042e6	22.222085761229803
2.459202527624519e6	22.218962144764607
2.459202529939334e6	22.21571303718677
2.4592025322541487e6	22.21233845684702
2.4592025345689636e6	22.208838422804746
2.4592025368837784e6	22.205212954827893
2.4592025391985932e6	22.20146207339284
2.4592025415134076e6	22.197585800476684
2.4592025438282224e6	22.193584156412797
2.4592025461430373e6	22.189457164569333
2.459202548457852e6	22.185204848255253
2.459202550772667e6	22.180827231487335
2.4592025530874818e6	22.176324338990046
2.4592025554022966e6	22.171696196195402
2.4592025577171114e6	22.16694282924282
2.4592025600319263e6	22.162064264978977
2.459202562346741e6	22.15706053095766
2.459202564661556e6	22.1519316554396
2.4592025669763708e6	22.146677667392318
2.4592025692911856e6	22.14129859648997
2.4592025716060004e6	22.135794473113158
2.4592025739208153e6	22.130165328348777
2.45920257623563e6	22.124411193989847
2.459202578550445e6	22.11853210253529
2.4592025808652597e6	22.112528087189805
2.4592025831800746e6	22.106399181863647
2.4592025854948894e6	22.100145421172428
2.4592025878097042e6	22.093766840436942
2.459202590124519e6	22.087263475682967
2.459202592439334e6	22.08063536364103
2.4592025947541487e6	22.073882541746244
2.4592025970689636e6	22.06700504813806
2.4592025993837784e6	22.060002921660075
2.4592026016985932e6	22.052876201859796
2.4592026040134076e6	22.045624930459667
2.4592026063282224e6	22.03824914549693
2.4592026086430373e6	22.030748890075678
2.459202610957852e6	22.023124206556822
2.459202613272667e6	22.015375138004018
2.4592026155874818e6	22.00750172818346
2.4592026179022966e6	21.99950402156361
2.4592026202171114e6	21.991382063314937
2.4592026225319263e6	21.98313589930968
2.459202624846741e6	21.97476557612159
2.459202627161556e6	21.96627114102565
2.4592026294763708e6	21.957652641997836
2.4592026317911856e6	21.948910127714797
2.4592026341060004e6	21.940043647553644
2.4592026364208153e6	21.931053251591617
2.45920263873563e6	21.92193899060583
2.459202641050445e6	21.912700916072982
2.4592026433652597e6	21.90333908016906
2.4592026456800746e6	21.893853535769043
2.4592026479948894e6	21.88424433644661
2.4592026503097042e6	21.874511536473836
2.459202652624519e6	21.864655190820873
2.459202654939334e6	21.854675355155663
2.4592026572541487e6	21.844572085843605
2.4592026595689636e6	21.83434543994724
2.4592026618837784e6	21.823995475225935
2.4592026641985932e6	21.81352225013556
2.4592026665134076e6	21.80292582597216
2.4592026688282224e6	21.792206258320313
2.4592026711430373e6	21.781363609842618
2.459202673457852e6	21.770397941777578
2.459202675772667e6	21.759309316058506
2.4592026780874818e6	21.74809779531317
2.4592026804022966e6	21.73676344286344
2.4592026827171114e6	21.72530632272493
2.4592026850319263e6	21.713726499606633
2.459202687346741e6	21.70202403891056
2.459202689661556e6	21.69019900673139
2.4592026919763708e6	21.678251469856043
2.4592026942911856e6	21.666181495763364
2.4592026966060004e6	21.653989152623705
2.4592026989208153e6	21.641674509298543
2.45920270123563e6	21.629237635340118
2.459202703550445e6	21.616678600990994
2.4592027058652597e6	21.603997477183704
2.4592027081800746e6	21.591194335540337
2.4592027104948894e6	21.578269248372116
2.4592027128097042e6	21.56522228867901
2.459202715124519e6	21.552053530149326
2.459202717439334e6	21.53876304715926
2.4592027197541487e6	21.525350914772524
2.4592027220689636e6	21.511817208739874
2.4592027243837784e6	21.498162005498717
2.4592027266985932e6	21.484385382172675
2.4592027290134076e6	21.47048741937912
2.4592027313282224e6	21.456468190021166
2.4592027336430373e6	21.44232777606202
2.459202735957852e6	21.428066257365725
2.459202738272667e6	21.413683714480324
2.4592027405874818e6	21.399180228637395
2.4592027429022966e6	21.384555881751588
2.4592027452171114e6	21.369810756420165
2.4592027475319263e6	21.354944935922553
2.459202749846741e6	21.339958504219837
2.459202752161556e6	21.324851545954314
2.4592027544763708e6	21.30962414644901
2.4592027567911856e6	21.294276391707193
2.4592027591060004e6	21.278808368411877
2.4592027614208153e6	21.26322016392536
2.45920276373563e6	21.24751186628871
2.459202766050445e6	21.23168356422127
2.4592027683652597e6	21.215735347120162
2.4592027706800746e6	21.199667305059773
2.4592027729948894e6	21.18347952879126
2.4592027753097042e6	21.16717210974203
2.459202777624519e6	21.150745140015225
2.459202779939334e6	21.13419871238919
2.4592027822541487e6	21.117532920316968
2.4592027845689636e6	21.100747857925775
2.4592027868837784e6	21.08384362001643
2.4592027891985932e6	21.066820302062872
2.4592027915134076e6	21.04967800367199
2.4592027938282224e6	21.032416814765377
2.4592027961430373e6	21.015036836269473
2.459202798457852e6	20.997538166345162
2.459202800772667e6	20.97992090382368
2.4592028030874818e6	20.96218514820606
2.4592028054022966e6	20.9443309996626
2.4592028077171114e6	20.926358559032245
2.4592028100319263e6	20.908267927822067
2.459202812346741e6	20.890059208206647
2.459202814661556e6	20.87173250302755
2.4592028169763708e6	20.85328791579268
2.4592028192911856e6	20.834725550675763
2.4592028216060004e6	20.81604551251571
2.4592028239208153e6	20.797247906816043
2.45920282623563e6	20.778332839744298
2.459202828550445e6	20.75930041813142
2.4592028308652597e6	20.740150749471177
2.4592028331800746e6	20.720883941919524
2.4592028354948894e6	20.701500104294013
2.4592028378097042e6	20.681999346073184
2.459202840124519e6	20.66238177739592
2.459202842439334e6	20.642647509060854
2.4592028447541487e6	20.62279665252572
2.4592028470689636e6	20.602829319906746
2.4592028493837784e6	20.582745623978
2.4592028516985932e6	20.562545678170757
2.4592028540134076e6	20.54222960067145
2.4592028563282224e6	20.52179749805004
2.4592028586430373e6	20.501249489780804
2.459202860957852e6	20.480585691917423
2.459202863272667e6	20.459806221167554
2.4592028655874818e6	20.43891119489217
2.4592028679022966e6	20.417900731104886
2.4592028702171114e6	20.396774948471304
2.4592028725319263e6	20.375533966308332
2.459202874846741e6	20.35417790458352
2.459202877161556e6	20.332706883914387
2.4592028794763708e6	20.311121025567726
2.4592028817911856e6	20.289420451458916
2.4592028841060004e6	20.26760528415126
2.4592028864208153e6	20.24567564685526
2.45920288873563e6	20.22363166342795
2.459202891050445e6	20.201473458372167
2.4592028933652597e6	20.179201156835877
2.4592028956800746e6	20.156814884611446
2.4592028979948894e6	20.134314768134946
2.4592029003097042e6	20.111700934485427
2.459202902624519e6	20.088973511384207
2.459202904939334e6	20.066132627194158
2.4592029072541487e6	20.043178410918948
2.4592029095689636e6	20.020110992202365
2.4592029118837784e6	19.99693050132754
2.4592029141985932e6	19.97363706921623
2.4592029165134076e6	19.950230832147955
2.4592029188282224e6	19.9267119129024
2.4592029211430373e6	19.90308044900994
2.459202923457852e6	19.879336573939394
2.459202925772667e6	19.855480421794482
2.4592029280874818e6	19.831512127313033
2.4592029304022966e6	19.807431825866278
2.4592029327171114e6	19.783239653458036
2.4592029350319263e6	19.758935746723967
2.459202937346741e6	19.734520242930806
2.459202939661556e6	19.709993279975578
2.4592029419763708e6	19.685354996384813
2.4592029442911856e6	19.660605531313784
2.4592029466060004e6	19.635745024545702
2.4592029489208153e6	19.61077361649093
2.45920295123563e6	19.58569144818621
2.459202953550445e6	19.560498661293835
2.4592029558652597e6	19.53519539810086
2.4592029581800746e6	19.509781801518322
2.4592029604948894e6	19.48425801508039
2.4592029628097042e6	19.458624182943588
2.459202965124519e6	19.43288044988598
2.459202967439334e6	19.40702696130633
2.4592029697541487e6	19.38106386322329
2.4592029720689636e6	19.354991302274595
2.4592029743837784e6	19.3288094257162
2.4592029766985932e6	19.302518381421482
2.4592029790134076e6	19.27611832320212
2.4592029813282224e6	19.249609389542194
2.4592029836430373e6	19.222991735462095
2.459202985957852e6	19.196265511296435
2.459202988272667e6	19.16943086799302
2.4592029905874818e6	19.142487957112
2.4592029929022966e6	19.115436930825012
2.4592029952171114e6	19.088277941914324
2.4592029975319263e6	19.061011143771967
2.459202999846741e6	19.03363669039887
2.459203002161556e6	19.006154736403992
2.4592030044763708e6	18.97856543700345
2.4592030067911856e6	18.950868948019632
2.4592030091060004e6	18.923065425880342
2.4592030114208153e6	18.895155027617882
2.45920301373563e6	18.86713791086819
2.459203016050445e6	18.839014233869943
2.4592030183652597e6	18.810784155463665
2.4592030206800746e6	18.78244783509082
2.4592030229948894e6	18.754005432792926
2.4592030253097042e6	18.725457109210637
2.459203027624519e6	18.696803025582852
2.459203029939334e6	18.66804334374579
2.4592030322541487e6	18.639178226132078
2.4592030345689636e6	18.610207835769845
2.4592030368837784e6	18.581132336281783
2.4592030391985932e6	18.551951891884247
2.4592030415134076e6	18.522666673288008
2.4592030438282224e6	18.493276834111537
2.4592030461430373e6	18.46378254622719
2.459203048457852e6	18.43418397621661
2.459203050772667e6	18.404481291250395
2.4592030530874818e6	18.3746746590872
2.4592030554022966e6	18.344764248072753
2.4592030577171114e6	18.314750227138926
2.4592030600319263e6	18.28463276580276
2.459203062346741e6	18.25441203416553
2.459203064661556e6	18.224088202911773
2.4592030669763708e6	18.193661443308315
2.4592030692911856e6	18.163131927203345
2.4592030716060004e6	18.13249982702537
2.4592030739208153e6	18.101765315782316
2.45920307623563e6	18.07092856706051
2.459203078550445e6	18.039989755023704
2.4592030808652597e6	18.0089490544121
2.4592030831800746e6	17.97780664054136
2.4592030854948894e6	17.94656268930162
2.4592030878097042e6	17.91521737715648
2.459203090124519e6	17.883770881142038
2.459203092439334e6	17.852223378865844
2.4592030947541487e6	17.82057504850595
2.4592030970689636e6	17.788826068809865
2.4592030993837784e6	17.75697661909356
2.4592031016985932e6	17.725026879240456
2.4592031040134076e6	17.692977036157785
2.4592031063282224e6	17.66082725796613
2.4592031086430373e6	17.628577732682402
2.459203110957852e6	17.596228642449624
2.459203113272667e6	17.563780169973143
2.4592031155874818e6	17.531232498519618
2.4592031179022966e6	17.498585811915984
2.4592031202171114e6	17.465840294548386
2.4592031225319263e6	17.432996131361172
2.459203124846741e6	17.400053507855834
2.459203127161556e6	17.367012610089954
2.4592031294763708e6	17.333873624676173
2.4592031317911856e6	17.30063673878111
2.4592031341060004e6	17.267302140124325
2.4592031364208153e6	17.233870016977257
2.45920313873563e6	17.200340558162146
2.459203141050445e6	17.166713953050987
2.4592031433652597e6	17.13299039156444
2.4592031456800746e6	17.099170064170778
2.4592031479948894e6	17.065253161884797
2.4592031503097042e6	17.031239876266746
2.459203152624519e6	16.997130399421224
2.459203154939334e6	16.962924923996123
2.4592031572541487e6	16.92862364318154
2.4592031595689636e6	16.894226750708647
2.4592031618837784e6	16.859734440848644
2.4592031641985932e6	16.82514690841164
2.4592031665134076e6	16.790464355732034
2.4592031688282224e6	16.75568696474053
2.4592031711430373e6	16.720814938824734
2.459203173457852e6	16.685848474939373
2.459203175772667e6	16.650787770572535
2.4592031780874818e6	16.61563302374457
2.4592031804022966e6	16.580384433006987
2.4592031827171114e6	16.545042197441308
2.4592031850319263e6	16.509606516657954
2.459203187346741e6	16.474077590795126
2.459203189661556e6	16.438455620517665
2.4592031919763708e6	16.402740807015913
2.4592031942911856e6	16.36693335200459
2.4592031966060004e6	16.331033457721645
2.4592031989208153e6	16.295041326927116
2.45920320123563e6	16.258957162902
2.459203203550445e6	16.222781169447064
2.4592032058652597e6	16.186513550881752
2.4592032081800746e6	16.150154512042977
2.4592032104948894e6	16.113704258284002
2.4592032128097042e6	16.077162995473252
2.459203215124519e6	16.040530929993178
2.459203217439334e6	16.003808268739068
2.4592032197541487e6	15.966995219117898
2.4592032220689636e6	15.93009198904714
2.4592032243837784e6	15.893098786953601
2.4592032266985932e6	15.856015821772251
2.4592032290134076e6	15.818843310431859
2.4592032313282224e6	15.781581447924454
2.4592032336430373e6	15.74423045217121
2.459203235957852e6	15.70679053412789
2.459203238272667e6	15.66926190525247
2.4592032405874818e6	15.631644777503979
2.4592032429022966e6	15.593939363341262
2.4592032452171114e6	15.556145875721807
2.4592032475319263e6	15.518264528100545
2.459203249846741e6	15.480295534428612
2.459203252161556e6	15.44223910915218
2.4592032544763708e6	15.404095467211226
2.4592032567911856e6	15.365864824038313
2.4592032591060004e6	15.32754739555739
2.4592032614208153e6	15.289143398182555
2.45920326373563e6	15.250653048816844
2.459203266050445e6	15.212076564851005
2.4592032683652597e6	15.173414164162267
2.4592032706800746e6	15.134666065113112
2.4592032729948894e6	15.095832486550028
2.4592032753097042e6	15.056913647802313
2.459203277624519e6	15.017909768680779
2.459203279939334e6	14.978821069476558
2.4592032822541487e6	14.93964777095983
2.4592032845689636e6	14.90039009437859
2.4592032868837784e6	14.861048261457393
2.4592032891985932e6	14.821622494396108
2.4592032915134076e6	14.782113023825005
2.4592032938282224e6	14.742520056994863
2.4592032961430373e6	14.702843825463468
2.459203298457852e6	14.66308455331935
2.459203300772667e6	14.623242465120034
2.4592033030874818e6	14.58331778589079
2.4592033054022966e6	14.543310741123369
2.4592033077171114e6	14.503221556774697
2.4592033100319263e6	14.46305045926563
2.459203312346741e6	14.422797675479657
2.459203314661556e6	14.382463432761627
2.4592033169763708e6	14.342047958916469
2.4592033192911856e6	14.301551482207891
2.4592033216060004e6	14.260974231357105
2.4592033239208153e6	14.22031643554153
2.45920332623563e6	14.179578324393493
2.459203328550445e6	14.13876012799894
2.4592033308652597e6	14.097862076896133
2.4592033331800746e6	14.05688440207434
2.4592033354948894e6	14.015827334972553
2.4592033378097042e6	13.974691107478147
2.459203340124519e6	13.933475951925608
2.459203342439334e6	13.892182101095193
2.4592033447541487e6	13.850809788211619
2.4592033470689636e6	13.80935924694276
2.4592033493837784e6	13.767830711398316
2.4592033516985932e6	13.72622441612849
2.4592033540134076e6	13.684540604515803
2.4592033563282224e6	13.642779495216754
2.4592033586430373e6	13.60094133247267
2.459203360957852e6	13.55902635258251
2.459203363272667e6	13.517034792279086
2.4592033655874818e6	13.474966888727739
2.4592033679022966e6	13.432822879524979
2.4592033702171114e6	13.390603002697167
2.4592033725319263e6	13.348307496699155
2.459203374846741e6	13.305936600412942
2.459203377161556e6	13.263490553146326
2.4592033794763708e6	13.220969594631551
2.4592033817911856e6	13.178373965023962
2.4592033841060004e6	13.135703904900632
2.4592033864208153e6	13.092959655259014
2.45920338873563e6	13.050141457515581
2.459203391050445e6	13.007249553504451
2.4592033933652597e6	12.964284185476055
2.4592033956800746e6	12.921245596095716
2.4592033979948894e6	12.87813402844231
2.4592034003097042e6	12.834949726006904
2.459203402624519e6	12.79169293269135
2.459203404939334e6	12.748363892806932
2.4592034072541487e6	12.704962851072976
2.4592034095689636e6	12.661490052615468
2.4592034118837784e6	12.61794574296567
2.4592034141985932e6	12.574330168058738
2.4592034165134076e6	12.5306435830277
2.4592034188282224e6	12.486886217034785
2.4592034211430373e6	12.443058325999575
2.459203423457852e6	12.399160157458889
2.459203425772667e6	12.355191959346444
2.4592034280874818e6	12.31115397999148
2.4592034304022966e6	12.267046468117366
2.4592034327171114e6	12.222869672840183
2.4592034350319263e6	12.178623843667317
2.459203437346741e6	12.13430923049605
2.459203439661556e6	12.089926083612163
2.4592034419763708e6	12.045474653688492
2.4592034442911856e6	12.000955191783547
2.4592034466060004e6	11.956367949340073
2.4592034489208153e6	11.91171317818363
2.45920345123563e6	11.866991130521182
2.459203453550445e6	11.822202058939661
2.4592034558652597e6	11.777346216404549
2.4592034581800746e6	11.732423856258443
2.4592034604948894e6	11.687435232219626
2.4592034628097042e6	11.642380598380637
2.459203465124519e6	11.597260209206832
2.459203467439334e6	11.552074319534949
2.4592034697541487e6	11.506823184571672
2.4592034720689636e6	11.46150705989218
2.4592034743837784e6	11.416126201438706
2.4592034766985932e6	11.370680865519109
2.4592034790134076e6	11.325171317966799
2.4592034813282224e6	11.279597797506545
2.4592034836430373e6	11.23396057068285
2.459203485957852e6	11.188259895251509
2.459203488272667e6	11.142496029326676
2.4592034905874818e6	11.096669231379407
2.4592034929022966e6	11.050779760236177
2.4592034952171114e6	11.004827875077451
2.4592034975319263e6	10.958813835436194
2.459203499846741e6	10.912737901196422
2.459203502161556e6	10.86660033259172
2.4592035044763708e6	10.82040139020378
2.4592035067911856e6	10.774141334960941
2.4592035091060004e6	10.727820428136678
2.4592035114208153e6	10.681438931348186
2.45920351373563e6	10.63499710655484
2.459203516050445e6	10.588495216056756
2.4592035183652597e6	10.541933522493292
2.4592035206800746e6	10.495312288841564
2.4592035229948894e6	10.448631778414983
2.4592035253097042e6	10.401892254861734
2.459203527624519e6	10.35509398216331
2.459203529939334e6	10.30823722463302
2.4592035322541487e6	10.261322246914485
2.4592035345689636e6	10.21434931398015
2.4592035368837784e6	10.16731869112979
2.4592035391985932e6	10.120230643989006
2.4592035415134076e6	10.073085447997451
2.4592035438282224e6	10.025883350459853
2.4592035461430373e6	9.978624627448543
2.459203548457852e6	9.931309545877415
2.459203550772667e6	9.883938372978674
2.4592035530874818e6	9.836511376301324
2.4592035554022966e6	9.789028823709657
2.4592035577171114e6	9.741490983381741
2.4592035600319263e6	9.693898123807907
2.459203562346741e6	9.646250513789234
2.459203564661556e6	9.598548422436014
2.4592035669763708e6	9.550792119166264
2.4592035692911856e6	9.502981873704169
2.4592035716060004e6	9.45511795607859
2.4592035739208153e6	9.407200636621516
2.45920357623563e6	9.359230185966545
2.459203578550445e6	9.311206875047365
2.4592035808652597e6	9.263130975096205
2.4592035831800746e6	9.215002757642319
2.4592035854948894e6	9.166822494510441
2.4592035878097042e6	9.118590457819264
2.459203590124519e6	9.070306919979886
2.459203592439334e6	9.021972153694284
2.4592035947541487e6	8.97358643195377
2.4592035970689636e6	8.925150028037436
2.4592035993837784e6	8.876663215510657
2.4592036016985932e6	8.828126268223478
2.4592036040134076e6	8.779539470088112
2.4592036063282224e6	8.730903075971334
2.4592036086430373e6	8.682217370337025
2.459203610957852e6	8.633482628158571
2.459203613272667e6	8.584699124686326
2.4592036155874818e6	8.535867135446031
2.4592036179022966e6	8.486986936237274
2.4592036202171114e6	8.43805880313194
2.4592036225319263e6	8.389083012472625
2.459203624846741e6	8.340059840871106
2.459203627161556e6	8.290989565206745
2.4592036294763708e6	8.241872462624976
2.4592036317911856e6	8.192708810535683
2.4592036341060004e6	8.143498886611663
2.4592036364208153e6	8.094242968787054
2.45920363873563e6	8.044941335255766
2.459203641050445e6	7.995594264469905
2.4592036433652597e6	7.946202035138206
2.4592036456800746e6	7.896764926224458
2.4592036479948894e6	7.8472832169459235
2.4592036503097042e6	7.797757186771763
2.459203652624519e6	7.748187115421462
2.459203654939334e6	7.698573282863248
2.4592036572541487e6	7.6489159693125055
2.4592036595689636e6	7.599215455230197
2.4592036618837784e6	7.54947202132128
2.4592036641985932e6	7.499685948533119
2.4592036665134076e6	7.449857528081909
2.4592036688282224e6	7.39998702134749
2.4592036711430373e6	7.35007472001444
2.459203673457852e6	7.300120905983876
2.459203675772667e6	7.250125861391374
2.4592036780874818e6	7.200089868605378
2.4592036804022966e6	7.150013210225605
2.4592036827171114e6	7.099896169081449
2.4592036850319263e6	7.049739028230381
2.459203687346741e6	6.999542070956354
2.459203689661556e6	6.9493055807682
2.4592036919763708e6	6.899029841398029
2.4592036942911856e6	6.848715136799632
2.4592036966060004e6	6.79836175114687
2.4592036989208153e6	6.747969968832071
2.45920370123563e6	6.697540074464424
2.459203703550445e6	6.647072352868377
2.4592037058652597e6	6.596567089082017
2.4592037081800746e6	6.546024568355473
2.4592037104948894e6	6.495445076149292
2.4592037128097042e6	6.444828898132839
2.459203715124519e6	6.394176320182666
2.459203717439334e6	6.343487628380935
2.4592037197541487e6	6.292763109013754
2.4592037220689636e6	6.242003048569586
2.4592037243837784e6	6.191207733737633
2.4592037266985932e6	6.140377451406205
2.4592037290134076e6	6.08951249889687
2.4592037313282224e6	6.038613143026679
2.4592037336430373e6	5.987679681500375
2.459203735957852e6	5.936712401986513
2.459203738272667e6	5.88571159234465
2.4592037405874818e6	5.83467754062372
2.4592037429022966e6	5.783610535060396
2.4592037452171114e6	5.7325108640775
2.4592037475319263e6	5.681378816282318
2.459203749846741e6	5.630214680465006
2.459203752161556e6	5.579018745596954
2.4592037544763708e6	5.527791300829147
2.4592037567911856e6	5.476532635490537
2.4592037591060004e6	5.425243039086411
2.4592037614208153e6	5.373922801296746
2.45920376373563e6	5.3225722119745855
2.459203766050445e6	5.271191561144392
2.4592037683652597e6	5.219781139000416
2.4592037706800746e6	5.168341235905052
2.4592037729948894e6	5.116872142387202
2.4592037753097042e6	5.065374149140633
2.459203777624519e6	5.013847547022338
2.459203779939334e6	4.9622926270508865
2.4592037822541487e6	4.910709680404788
2.4592037845689636e6	4.859098998420845
2.4592037868837784e6	4.8074608725925065
2.4592037891985932e6	4.75579559456822
2.4592037915134076e6	4.704103466551154
2.4592037938282224e6	4.6523847596974095
2.4592037961430373e6	4.600639776506536
2.459203798457852e6	4.548868809230508
2.459203800772667e6	4.497072150268054
2.4592038030874818e6	4.445250092163009
2.4592038054022966e6	4.393402927602657
2.4592038077171114e6	4.341530949416086
2.4592038100319263e6	4.289634450572525
2.459203812346741e6	4.237713724179697
2.459203814661556e6	4.18576906348216
2.4592038169763708e6	4.13380076185965
2.4592038192911856e6	4.081809112825426
2.4592038216060004e6	4.029794410024613
2.4592038239208153e6	3.9777569472325403
2.45920382623563e6	3.9256970183530835
2.459203828550445e6	3.873614917417006
2.4592038308652597e6	3.8215109385802877
2.4592038331800746e6	3.7693853761225022
2.4592038354948894e6	3.7172385244450967
2.4592038378097042e6	3.6650706780697693
2.459203840124519e6	3.612882131636793
2.459203842439334e6	3.5606731799033535
2.4592038447541487e6	3.508444117741885
2.4592038470689636e6	3.4561952401384035
2.4592038493837784e6	3.4039268421908404
2.4592038516985932e6	3.351639219107379
2.4592038540134076e6	3.299332676728953
2.4592038563282224e6	3.2470074894346177
2.4592038586430373e6	3.19466396327369
2.459203860957852e6	3.1423023938786594
2.459203863272667e6	3.089923076983954
2.4592038655874818e6	3.037526308424208
2.4592038679022966e6	2.9851123841326306
2.4592038702171114e6	2.932681600139327
2.4592038725319263e6	2.8802342525696223
2.459203874846741e6	2.827770637642394
2.459203877161556e6	2.7752910516683955
2.4592038794763708e6	2.722795791048582
2.4592038817911856e6	2.6702851522724416
2.4592038841060004e6	2.6177594319163124
2.4592038864208153e6	2.5652189266417165
2.45920388873563e6	2.512663933193678
2.459203891050445e6	2.4600947483990496
2.4592038933652597e6	2.407511669164835
2.4592038956800746e6	2.354914992476514
2.4592038979948894e6	2.3023050153963633
2.4592039003097042e6	2.2496820350617788
2.459203902624519e6	2.197046348683598
2.459203904939334e6	2.144398253544422
2.4592039072541487e6	2.0917380469969356
2.4592039095689636e6	2.0390660264622262
2.4592039118837784e6	1.9863824894281084
2.4592039141985932e6	1.9336877334474392
2.4592039165134076e6	1.8809820667400865
2.4592039188282224e6	1.8282657657787693
2.4592039211430373e6	1.775539138902872
2.459203923457852e6	1.7228024839086218
2.459203925772667e6	1.670056098648882
2.4592039280874818e6	1.6173002810314732
2.4592039304022966e6	1.564535329017488
2.4592039327171114e6	1.5117615406196105
2.4592039350319263e6	1.4589792139004314
2.459203937346741e6	1.4061886469707652
2.459203939661556e6	1.3533901379879671
2.4592039419763708e6	1.3005839851542484
2.4592039442911856e6	1.2477704867149912
2.4592039466060004e6	1.1949499409570665
2.4592039489208153e6	1.1421226462071379
2.45920395123563e6	1.0892889008300155
2.459203953550445e6	1.036449003226913
2.4592039558652597e6	0.9836032518338017
2.4592039581800746e6	0.9307519451197144
2.4592039604948894e6	0.87789538158506
2.4592039628097042e6	0.825033859759937
2.459203965124519e6	0.772167678202449
2.459203967439334e6	0.7192971354970168
2.4592039697541487e6	0.6664225302526924
2.4592039720689636e6	0.6135441611014734
2.4592039743837784e6	0.5606623266966153
2.4592039766985932e6	0.5077773257109448
2.4592039790134076e6	0.4548894674746614
2.4592039813282224e6	0.40199902941618626
2.4592039836430373e6	0.3491063208958798
2.459203985957852e6	0.2962116406479853
2.459203988272667e6	0.2433152874178821
2.4592039905874818e6	0.1904175599603987
2.4592039929022966e6	0.1375187570381249
2.4592039952171114e6	0.08461917741972474
2.4592039975319263e6	0.031719119878248984
2.459203999846741e6	-0.021181116810552365
2.459204002161556e6	-0.07408123386991747
2.4592040044763708e6	-0.1269809325237601
2.4592040067911856e6	-0.17987991399835732
2.4592040091060004e6	-0.2327778795240365
2.4592040114208153e6	-0.2856745303368633
2.45920401373563e6	-0.33856956768032853
2.459204016050445e6	-0.391462692807036
2.4592040183652597e6	-0.44435360698038934
2.4592040206800746e6	-0.4972420114762798
2.4592040229948894e6	-0.5501276075847729
2.4592040253097042e6	-0.6030100966117954
2.459204027624519e6	-0.6558891798808233
2.459204029939334e6	-0.7087645587345679
2.4592040322541487e6	-0.7616359345366625
2.4592040345689636e6	-0.8145030086733491
2.4592040368837784e6	-0.8673654825551761
2.4592040391985932e6	-0.9202230576186432
2.4592040415134076e6	-0.9730754246964018
2.4592040438282224e6	-1.025922306546223
2.4592040461430373e6	-1.0787633940600667
2.459204048457852e6	-1.1315983887952419
2.459204050772667e6	-1.1844269923434683
2.4592040530874818e6	-1.2372489063325633
2.4592040554022966e6	-1.2900638324281257
2.4592040577171114e6	-1.3428714723352217
2.4592040600319263e6	-1.3956715278000702
2.459204062346741e6	-1.4484637006117254
2.459204064661556e6	-1.501247692603762
2.4592040669763708e6	-1.5540232056559702
2.4592040692911856e6	-1.606789941695999
2.4592040716060004e6	-1.6595476027010978
2.4592040739208153e6	-1.7122958906997627
2.45920407623563e6	-1.765034507773427
2.459204078550445e6	-1.8177631560581449
2.4592040808652597e6	-1.8704815377462733
2.4592040831800746e6	-1.9231893550881551
2.4592040854948894e6	-1.9758863103937987
2.4592040878097042e6	-2.028572106034561
2.459204090124519e6	-2.0812464444448286
2.459204092439334e6	-2.133909028123696
2.4592040947541487e6	-2.1865595596366494
2.4592040970689636e6	-2.2391977416172435
2.4592040993837784e6	-2.291823276768783
2.4592041016985932e6	-2.3444358678660002
2.4592041040134076e6	-2.3970352071769088
2.4592041063282224e6	-2.4496210187865413
2.4592041086430373e6	-2.502192995111465
2.459204110957852e6	-2.55475083922891
2.459204113272667e6	-2.6072942542959234
2.4592041155874818e6	-2.6598229435510454
2.4592041179022966e6	-2.712336610315988
2.4592041202171114e6	-2.76483495799731
2.4592041225319263e6	-2.817317690088088
2.459204124846741e6	-2.8697845101695973
2.459204127161556e6	-2.9222351219129816
2.4592041294763708e6	-2.97466922908093
2.4592041317911856e6	-3.0270865355293446
2.4592041341060004e6	-3.0794867452090218
2.4592041364208153e6	-3.131869562167315
2.45920413873563e6	-3.1842346905498125
2.459204141050445e6	-3.2365818346020054
2.4592041433652597e6	-3.28891069867096
2.4592041456800746e6	-3.341220987206987
2.4592041479948894e6	-3.393512404765309
2.4592041503097042e6	-3.445784656007732
2.459204152624519e6	-3.4980374457043086
2.459204154939334e6	-3.550270478735023
2.4592041572541487e6	-3.602483460091413
2.4592041595689636e6	-3.654676094878295
2.4592041618837784e6	-3.706848088315392
2.4592041641985932e6	-3.7589991457390077
2.4592041665134076e6	-3.8111289621191116
2.4592041688282224e6	-3.8632372640036814
2.4592041711430373e6	-3.9153237465998667
2.459204173457852e6	-3.96738811572693
2.459204175772667e6	-4.01943007732903
2.4592041780874818e6	-4.071449337476881
2.4592041804022966e6	-4.123445602369414
2.4592041827171114e6	-4.175418578335436
2.4592041850319263e6	-4.227367971835297
2.459204187346741e6	-4.27929348946251
2.459204189661556e6	-4.331194837945464
2.4592041919763708e6	-4.383071724149051
2.4592041942911856e6	-4.434923855076317
2.4592041966060004e6	-4.486750937870127
2.4592041989208153e6	-4.538552679814817
2.45920420123563e6	-4.590328788337844
2.459204203550445e6	-4.642078971011441
2.4592042058652597e6	-4.69380293555427
2.4592042081800746e6	-4.745500389833072
2.4592042104948894e6	-4.7971710418643125
2.4592042128097042e6	-4.848814599815837
2.459204215124519e6	-4.900430772008514
2.459204217439334e6	-4.952019266917888
2.4592042197541487e6	-5.003579793175819
2.4592042220689636e6	-5.055112059572136
2.4592042243837784e6	-5.106615775056275
2.4592042266985932e6	-5.158090648738926
2.4592042290134076e6	-5.209536379547514
2.4592042313282224e6	-5.260952697618436
2.4592042336430373e6	-5.312339302203946
2.459204235957852e6	-5.363695903076169
2.459204238272667e6	-5.415022210176685
2.4592042405874818e6	-5.466317933618177
2.4592042429022966e6	-5.517582783686057
2.4592042452171114e6	-5.568816470840112
2.4592042475319263e6	-5.6200187057161335
2.459204249846741e6	-5.671189199127551
2.459204252161556e6	-5.72232766206707
2.4592042544763708e6	-5.773433805708301
2.4592042567911856e6	-5.824507341407391
2.4592042591060004e6	-5.8755479807046544
2.4592042614208153e6	-5.926555435326207
2.45920426373563e6	-5.977529417185581
2.459204266050445e6	-6.028469638385364
2.4592042683652597e6	-6.079375811218825
2.4592042706800746e6	-6.130247648171529
2.4592042729948894e6	-6.181084861922985
2.4592042753097042e6	-6.231887165348213
2.459204277624519e6	-6.282654271519442
2.459204279939334e6	-6.333385893707678
2.4592042822541487e6	-6.38408174538434
2.4592042845689636e6	-6.434741540222873
2.4592042868837784e6	-6.485364992100371
2.4592042891985932e6	-6.535951815099193
2.4592042915134076e6	-6.586501713343393
2.4592042938282224e6	-6.637014421668564
2.4592042961430373e6	-6.687489644609902
2.459204298457852e6	-6.737927097086947
2.459204300772667e6	-6.788326494232571
2.4592043030874818e6	-6.838687551394582
2.4592043054022966e6	-6.889009984137304
2.4592043077171114e6	-6.939293508243236
2.4592043100319263e6	-6.989537839714627
2.459204312346741e6	-7.0397426947750725
2.459204314661556e6	-7.089907789871138
2.4592043169763708e6	-7.1400328416739445
2.4592043192911856e6	-7.190117567080776
2.4592043216060004e6	-7.2401616832166775
2.4592043239208153e6	-7.290164907436054
2.45920432623563e6	-7.340126957324263
2.459204328550445e6	-7.39004755069921
2.4592043308652597e6	-7.439926405612947
2.4592043331800746e6	-7.489763240353261
2.4592043354948894e6	-7.5395577734452655
2.4592043378097042e6	-7.589309723652991
2.459204340124519e6	-7.639018809980974
2.459204342439334e6	-7.688684751675841
2.4592043447541487e6	-7.738307268227897
2.4592043470689636e6	-7.7878860793727105
2.4592043493837784e6	-7.837420905092695
2.4592043516985932e6	-7.886911465618689
2.4592043540134076e6	-7.936357471489199
2.4592043563282224e6	-7.98575866333038
2.4592043586430373e6	-8.035114752176494
2.459204360957852e6	-8.084425459267877
2.459204363272667e6	-8.133690506101175
2.4592043655874818e6	-8.182909614430919
2.4592043679022966e6	-8.232082506271093
2.4592043702171114e6	-8.281208903896719
2.4592043725319263e6	-8.330288529845404
2.459204374846741e6	-8.379321106918924
2.459204377161556e6	-8.428306358184786
2.4592043794763708e6	-8.477244006977783
2.4592043817911856e6	-8.526133776901567
2.4592043841060004e6	-8.574975391830208
2.4592043864208153e6	-8.623768575909748
2.45920438873563e6	-8.672513053559767
2.459204391050445e6	-8.721208549474943
2.4592043933652597e6	-8.76985478862657
2.4592043956800746e6	-8.818451496264172
2.4592043979948894e6	-8.86699839791701
2.4592044003097042e6	-8.915495219395648
2.459204402624519e6	-8.9639416867935
2.459204404939334e6	-9.012337526488379
2.4592044072541487e6	-9.060682465144028
2.4592044095689636e6	-9.108976229711688
2.4592044118837784e6	-9.157218547431624
2.4592044141985932e6	-9.205409145834665
2.4592044165134076e6	-9.253547743065157
2.4592044188282224e6	-9.301634086607415
2.4592044211430373e6	-9.349667895184126
2.459204423457852e6	-9.397648897503753
2.459204425772667e6	-9.44557682257303
2.4592044280874818e6	-9.493451399698449
2.4592044304022966e6	-9.541272358487818
2.4592044327171114e6	-9.589039428851777
2.4592044350319263e6	-9.636752341005318
2.459204437346741e6	-9.68441082546932
2.459204439661556e6	-9.732014613072062
2.4592044419763708e6	-9.779563434950749
2.4592044442911856e6	-9.827057022553031
2.4592044466060004e6	-9.874495107638511
2.4592044489208153e6	-9.921877422280268
2.45920445123563e6	-9.969203698866375
2.459204453550445e6	-10.016473670101398
2.4592044558652597e6	-10.063687069007909
2.4592044581800746e6	-10.110843628928004
2.4592044604948894e6	-10.157943083524795
2.4592044628097042e6	-10.204985166783924
2.459204465124519e6	-10.251969613015063
2.459204467439334e6	-10.298896156853415
2.4592044697541487e6	-10.345764533261201
2.4592044720689636e6	-10.392574477529184
2.4592044743837784e6	-10.439325725278136
2.4592044766985932e6	-10.486018012460345
2.4592044790134076e6	-10.53265106598611
2.4592044813282224e6	-10.579224641237204
2.4592044836430373e6	-10.625738465782463
2.459204485957852e6	-10.672192276915123
2.459204488272667e6	-10.718585812267374
2.4592044905874818e6	-10.764918809811839
2.4592044929022966e6	-10.811191007863055
2.4592044952171114e6	-10.857402145078948
2.4592044975319263e6	-10.903551960462314
2.459204499846741e6	-10.94964019336229
2.459204502161556e6	-10.995666583475824
2.4592045044763708e6	-11.041630870849149
2.4592045067911856e6	-11.087532795879248
2.4592045091060004e6	-11.13337209931534
2.4592045114208153e6	-11.179148522260283
2.45920451373563e6	-11.224861806172122
2.459204516050445e6	-11.27051169286549
2.4592045183652597e6	-11.316097924513086
2.4592045206800746e6	-11.361620243647122
2.4592045229948894e6	-11.407078393160791
2.4592045253097042e6	-11.452472116309712
2.459204527624519e6	-11.497801156713372
2.459204529939334e6	-11.543065258356584
2.4592045322541487e6	-11.588264165590935
2.4592045345689636e6	-11.633397623136222
2.4592045368837784e6	-11.678465376081897
2.4592045391985932e6	-11.723467169888506
2.4592045415134076e6	-11.768402741356317
2.4592045438282224e6	-11.8132718547714
2.4592045461430373e6	-11.858074247670048
2.459204548457852e6	-11.902809667011542
2.459204550772667e6	-11.947477860133427
2.4592045530874818e6	-11.992078574752933
2.4592045554022966e6	-12.036611558968408
2.4592045577171114e6	-12.081076561260733
2.4592045600319263e6	-12.125473330494751
2.459204562346741e6	-12.16980161592068
2.459204564661556e6	-12.21406116717552
2.4592045669763708e6	-12.25825173428449
2.4592045692911856e6	-12.302373067662417
2.4592045716060004e6	-12.346424918115156
2.4592045739208153e6	-12.390407036841008
2.45920457623563e6	-12.434319175432098
2.459204578550445e6	-12.478161085875803
2.4592045808652597e6	-12.521932520556138
2.4592045831800746e6	-12.56563323225517
2.4592045854948894e6	-12.609262974154394
2.4592045878097042e6	-12.65282149983614
2.459204590124519e6	-12.696308563284965
2.459204592439334e6	-12.73972391888904
2.4592045947541487e6	-12.78306732144153
2.4592045970689636e6	-12.826338526142
2.4592045993837784e6	-12.869537288597764
2.4592046016985932e6	-12.91266336482529
2.4592046040134076e6	-12.955716502598118
2.4592046063282224e6	-12.998696476076828
2.4592046086430373e6	-13.041603033845432
2.459204610957852e6	-13.084435933570758
2.459204613272667e6	-13.127194933335637
2.4592046155874818e6	-13.169879791640296
2.4592046179022966e6	-13.212490267403698
2.4592046202171114e6	-13.255026119964917
2.4592046225319263e6	-13.297487109084496
2.459204624846741e6	-13.339872994945797
2.459204627161556e6	-13.382183538156367
2.4592046294763708e6	-13.424418499749262
2.4592046317911856e6	-13.466577641184443
2.4592046341060004e6	-13.508660724350085
2.4592046364208153e6	-13.55066751156394
2.45920463873563e6	-13.592597765574672
2.459204641050445e6	-13.634451249563194
2.4592046433652597e6	-13.676227727144019
2.4592046456800746e6	-13.717926962366581
2.4592046479948894e6	-13.759548719716577
2.4592046503097042e6	-13.801092764117287
2.459204652624519e6	-13.84255886093092
2.459204654939334e6	-13.883946775959915
2.4592046572541487e6	-13.925256275448282
2.4592046595689636e6	-13.966487126082917
2.4592046618837784e6	-14.00763909499492
2.4592046641985932e6	-14.048711949760902
2.4592046665134076e6	-14.089705450165829
2.4592046688282224e6	-14.13061938117429
2.4592046711430373e6	-14.171453503452849
2.459204673457852e6	-14.212207586373301
2.459204675772667e6	-14.252881399759497
2.4592046780874818e6	-14.293474713888637
2.4592046804022966e6	-14.33398729949258
2.4592046827171114e6	-14.374418927759134
2.4592046850319263e6	-14.414769370333346
2.459204687346741e6	-14.455038399318799
2.459204689661556e6	-14.49522578727889
2.4592046919763708e6	-14.535331307238119
2.4592046942911856e6	-14.575354732683369
2.4592046966060004e6	-14.615295837565194
2.4592046989208153e6	-14.655154396299078
2.45920470123563e6	-14.694930183766735
2.459204703550445e6	-14.734622975317343
2.4592047058652597e6	-14.774232546768859
2.4592047081800746e6	-14.813758674409241
2.4592047104948894e6	-14.85320113499775
2.4592047128097042e6	-14.892559705766173
2.459204715124519e6	-14.93183416442013
2.459204717439334e6	-14.971024289140255
2.4592047197541487e6	-15.010129858583534
2.4592047220689636e6	-15.049150651884501
2.4592047243837784e6	-15.0880864486565
2.4592047266985932e6	-15.126937028992925
2.4592047290134076e6	-15.165702165678862
2.4592047313282224e6	-15.204381655368019
2.4592047336430373e6	-15.242975271794576
2.459204735957852e6	-15.281482796984545
2.459204738272667e6	-15.319904013450167
2.4592047405874818e6	-15.358238704191155
2.4592047429022966e6	-15.396486652695915
2.4592047452171114e6	-15.434647642942757
2.4592047475319263e6	-15.47272145940113
2.459204749846741e6	-15.510707887032842
2.459204752161556e6	-15.548606711293257
2.4592047544763708e6	-15.58641771813252
2.4592047567911856e6	-15.624140693996765
2.4592047591060004e6	-15.661775425829312
2.4592047614208153e6	-15.699321701071888
2.45920476373563e6	-15.7367793076658
2.459204766050445e6	-15.77414803405317
2.4592047683652597e6	-15.81142766917809
2.4592047706800746e6	-15.848618002487845
2.4592047729948894e6	-15.885718823934083
2.4592047753097042e6	-15.922729923974014
2.459204777624519e6	-15.959651093571589
2.459204779939334e6	-15.996482124198671
2.4592047822541487e6	-16.033222807836232
2.4592047845689636e6	-16.069872936975514
2.4592047868837784e6	-16.106432304619194
2.4592047891985932e6	-16.14290070428258
2.4592047915134076e6	-16.17927792268609
2.4592047938282224e6	-16.215563769009474
2.4592047961430373e6	-16.25175803098584
2.459204798457852e6	-16.287860504192583
2.459204800772667e6	-16.323870984725502
2.4592048030874818e6	-16.359789269199972
2.4592048054022966e6	-16.395615154752093
2.4592048077171114e6	-16.431348439039823
2.4592048100319263e6	-16.46698892024411
2.459204812346741e6	-16.502536397070067
2.459204814661556e6	-16.537990668748083
2.4592048169763708e6	-16.573351535034952
2.4592048192911856e6	-16.608618796215037
2.4592048216060004e6	-16.643792253101356
2.4592048239208153e6	-16.678871707036738
2.45920482623563e6	-16.71385695989493
2.459204828550445e6	-16.748747814081717
2.4592048308652597e6	-16.783544072536053
2.4592048331800746e6	-16.81824553873114
2.4592048354948894e6	-16.852852016675584
2.4592048378097042e6	-16.88736331091446
2.459204840124519e6	-16.921779226530447
2.459204842439334e6	-16.956099569144907
2.4592048447541487e6	-16.99032414491899
2.4592048470689636e6	-17.02445276055474
2.4592048493837784e6	-17.058485223296167
2.4592048516985932e6	-17.092421340930358
2.4592048540134076e6	-17.12626091499089
2.4592048563282224e6	-17.160003767968995
2.4592048586430373e6	-17.19364970247036
2.459204860957852e6	-17.227198528465152
2.459204863272667e6	-17.26065005647199
2.4592048655874818e6	-17.294004097559043
2.4592048679022966e6	-17.327260463345056
2.4592048702171114e6	-17.36041896600045
2.4592048725319263e6	-17.39347941824837
2.459204874846741e6	-17.42644163336574
2.459204877161556e6	-17.459305425184326
2.4592048794763708e6	-17.49207060809177
2.4592048817911856e6	-17.524736997032658
2.4592048841060004e6	-17.557304407509562
2.4592048864208153e6	-17.589772655584063
2.45920488873563e6	-17.622141557877825
2.459204891050445e6	-17.654410931573597
2.4592048933652597e6	-17.68658059441624
2.4592048956800746e6	-17.718650364713813
2.4592048979948894e6	-17.75062006133853
2.4592049003097042e6	-17.782489503727835
2.459204902624519e6	-17.814258511885384
2.459204904939334e6	-17.84592690638209
2.4592049072541487e6	-17.87749450835712
2.4592049095689636e6	-17.908961139518915
2.4592049118837784e6	-17.94032662214618
2.4592049141985932e6	-17.97159077908891
2.4592049165134076e6	-18.002753427510747
2.4592049188282224e6	-18.033814403944977
2.4592049211430373e6	-18.06477352668236
2.459204923457852e6	-18.095630620867965
2.459204925772667e6	-18.126385512223138
2.4592049280874818e6	-18.157038027046443
2.4592049304022966e6	-18.187587992214663
2.4592049327171114e6	-18.21803523518378
2.4592049350319263e6	-18.24837958398993
2.459204937346741e6	-18.2786208672504
2.459204939661556e6	-18.30875891416458
2.4592049419763708e6	-18.338793554514936
2.4592049442911856e6	-18.368724618667958
2.4592049466060004e6	-18.39855193757513
2.4592049489208153e6	-18.42827534277389
2.45920495123563e6	-18.45789466638856
2.459204953550445e6	-18.487409741131316
2.4592049558652597e6	-18.51682040030312
2.4592049581800746e6	-18.546126477794676
2.4592049604948894e6	-18.57532780808734
2.4592049628097042e6	-18.604424226254086
2.459204965124519e6	-18.633415567960423
2.459204967439334e6	-18.662301669465318
2.4592049697541487e6	-18.691082367622133
2.4592049720689636e6	-18.719757499879535
2.4592049743837784e6	-18.74832690428243
2.4592049766985932e6	-18.776790419472857
2.4592049790134076e6	-18.805147878997047
2.4592049813282224e6	-18.83339913410317
2.4592049836430373e6	-18.861544019514948
2.459204985957852e6	-18.889582376272067
2.459204988272667e6	-18.917514046015892
2.4592049905874818e6	-18.945338870990348
2.4592049929022966e6	-18.973056694042803
2.4592049952171114e6	-19.00066735862498
2.4592049975319263e6	-19.0281707087938
2.459204999846741e6	-19.055566589212322
2.459205002161556e6	-19.08285484515056
2.4592050044763708e6	-19.11003532248639
2.4592050067911856e6	-19.13710786770642
2.4592050091060004e6	-19.164072327906844
2.4592050114208153e6	-19.19092855079431
2.45920501373563e6	-19.217676384686797
2.459205016050445e6	-19.244315678514443
2.4592050183652597e6	-19.270846281820415
2.4592050206800746e6	-19.297268044761765
2.4592050229948894e6	-19.323580818110255
2.4592050253097042e6	-19.349784453253225
2.459205027624519e6	-19.375878802194414
2.459205029939334e6	-19.40186371755479
2.4592050322541487e6	-19.427739052573415
2.4592050345689636e6	-19.453504661108244
2.4592050368837784e6	-19.479160397636957
2.4592050391985932e6	-19.504706117257783
2.4592050415134076e6	-19.53014167058466
2.4592050438282224e6	-19.555466924192896
2.4592050461430373e6	-19.580681729919426
2.459205048457852e6	-19.605785945352835
2.459205050772667e6	-19.630779428706298
2.4592050530874818e6	-19.655662038818406
2.4592050554022966e6	-19.680433635153957
2.4592050577171114e6	-19.705094077804738
2.4592050600319263e6	-19.729643227490335
2.459205062346741e6	-19.75408094555889
2.459205064661556e6	-19.778407093987926
2.4592050669763708e6	-19.80262153538509
2.4592050692911856e6	-19.826724132988943
2.4592050716060004e6	-19.850714750669734
2.4592050739208153e6	-19.874593252930172
2.45920507623563e6	-19.89835950490617
2.459205078550445e6	-19.922013372367644
2.4592050808652597e6	-19.94555472171923
2.4592050831800746e6	-19.96898342000107
2.4592050854948894e6	-19.992299334889545
2.4592050878097042e6	-20.015502334698038
2.459205090124519e6	-20.038592288377654
2.459205092439334e6	-20.061569065517993
2.4592050947541487e6	-20.084432536347844
2.4592050970689636e6	-20.10718257173597
2.4592050993837784e6	-20.129819043191777
2.4592051016985932e6	-20.152341822866102
2.4592051040134076e6	-20.174750779055433
2.4592051063282224e6	-20.19704579421141
2.4592051086430373e6	-20.219226737894008
2.459205110957852e6	-20.241293484826844
2.459205113272667e6	-20.2632459103785
2.4592051155874818e6	-20.28508389056325
2.4592051179022966e6	-20.306807302041737
2.4592051202171114e6	-20.328416022121683
2.4592051225319263e6	-20.349909928758578
2.459205124846741e6	-20.37128890055637
2.459205127161556e6	-20.39255281676817
2.4592051294763708e6	-20.413701557296864
2.4592051317911856e6	-20.434735002695895
2.4592051341060004e6	-20.455653034169856
2.4592051364208153e6	-20.476455533575212
2.45920513873563e6	-20.497142383420915
2.459205141050445e6	-20.51771346686912
2.4592051433652597e6	-20.53816866773582
2.4592051456800746e6	-20.558507870491493
2.4592051479948894e6	-20.57873096026178
2.4592051503097042e6	-20.598837822828102
2.459205152624519e6	-20.618828344628344
2.459205154939334e6	-20.638702412757464
2.4592051572541487e6	-20.65845991496814
2.4592051595689636e6	-20.678100739671414
2.4592051618837784e6	-20.697624775937307
2.4592051641985932e6	-20.71703191349545
2.4592051665134076e6	-20.73632203886699
2.4592051688282224e6	-20.75549505086369
2.4592051711430373e6	-20.77455083730546
2.459205173457852e6	-20.793489290566583
2.459205175772667e6	-20.81231030368402
2.4592051780874818e6	-20.83101377035804
2.4592051804022966e6	-20.84959958495279
2.4592051827171114e6	-20.868067642496925
2.4592051850319263e6	-20.886417838684164
2.459205187346741e6	-20.904650069873913
2.459205189661556e6	-20.92276423309183
2.4592051919763708e6	-20.94076022603041
2.4592051942911856e6	-20.958637947049578
2.4592051966060004e6	-20.976397295177236
2.4592051989208153e6	-20.994038170109857
2.45920520123563e6	-21.011560472213034
2.459205203550445e6	-21.02896410252206
2.4592052058652597e6	-21.046248962742464
2.4592052081800746e6	-21.063414955250597
2.4592052104948894e6	-21.080461983094153
2.4592052128097042e6	-21.097389949992742
2.459205215124519e6	-21.114198760338414
2.459205217439334e6	-21.130888319196195
2.4592052197541487e6	-21.14745853230466
2.4592052220689636e6	-21.16390930607643
2.4592052243837784e6	-21.1802405475987
2.4592052266985932e6	-21.196452164633783
2.4592052290134076e6	-21.212544062394535
2.4592052313282224e6	-21.228516156469347
2.4592052336430373e6	-21.24436835339978
2.459205235957852e6	-21.260100563653754
2.459205238272667e6	-21.275712698376875
2.4592052405874818e6	-21.29120466939292
2.4592052429022966e6	-21.30657638920434
2.4592052452171114e6	-21.32182777099276
2.4592052475319263e6	-21.33695872861946
2.459205249846741e6	-21.351969176625875
2.459205252161556e6	-21.366859030234068
2.4592052544763708e6	-21.381628205347198
2.4592052567911856e6	-21.39627661855003
2.4592052591060004e6	-21.410804187109363
2.4592052614208153e6	-21.42521082897453
2.45920526373563e6	-21.43949646277785
2.459205266050445e6	-21.453661007835073
2.4592052683652597e6	-21.46770438414587
2.4592052706800746e6	-21.481626512394243
2.4592052729948894e6	-21.49542731394902
2.4592052753097042e6	-21.509106710864238
2.459205277624519e6	-21.522664625879656
2.459205279939334e6	-21.536100982421132
2.4592052822541487e6	-21.549415704601085
2.4592052845689636e6	-21.56260871721891
2.4592052868837784e6	-21.575679945761415
2.4592052891985932e6	-21.588629316403235
2.4592052915134076e6	-21.601456753439084
2.4592052938282224e6	-21.614162189581375
2.4592052961430373e6	-21.626745550478017
2.459205298457852e6	-21.639206765059082
2.459205300772667e6	-21.65154576294452
2.4592053030874818e6	-21.66376247444455
2.4592053054022966e6	-21.675856830560058
2.4592053077171114e6	-21.687828762982985
2.4592053100319263e6	-21.69967820409671
2.459205312346741e6	-21.711405086976434
2.459205314661556e6	-21.72300934538956
2.4592053169763708e6	-21.734490913796066
2.4592053192911856e6	-21.74584972734887
2.4592053216060004e6	-21.75708572189421
2.4592053239208153e6	-21.768198833971983
2.45920532623563e6	-21.779189000816128
2.459205328550445e6	-21.79005616035497
2.4592053308652597e6	-21.800800251211566
2.4592053331800746e6	-21.811421212704047
2.4592053354948894e6	-21.821918984845997
2.4592053378097042e6	-21.83229350834674
2.459205340124519e6	-21.84254472461171
2.459205342439334e6	-21.852672575742762
2.4592053447541487e6	-21.862677004538522
2.4592053470689636e6	-21.87255795449469
2.4592053493837784e6	-21.882315369804363
2.4592053516985932e6	-21.89194919535836
2.4592053540134076e6	-21.901459374844837
2.4592053563282224e6	-21.91084585837722
2.4592053586430373e6	-21.920108591015758
2.459205360957852e6	-21.929247520445212
2.459205363272667e6	-21.93826259504954
2.4592053655874818e6	-21.947153763912254
2.4592053679022966e6	-21.955920976816664
2.4592053702171114e6	-21.964564184246186
2.4592053725319263e6	-21.97308333738459
2.459205374846741e6	-21.98147838811631
2.459205377161556e6	-21.989749289026705
2.4592053794763708e6	-21.99789599340231
2.4592053817911856e6	-22.00591845523112
2.4592053841060004e6	-22.013816629202847
2.4592053864208153e6	-22.021590470709164
2.45920538873563e6	-22.029239935843975
2.459205391050445e6	-22.036764981403643
2.4592053933652597e6	-22.044165564887244
2.4592053956800746e6	-22.051441644496816
2.4592053979948894e6	-22.058593179137578
2.4592054003097042e6	-22.06562012841817
2.459205402624519e6	-22.072522452650894
2.459205404939334e6	-22.079300112851904
2.4592054072541487e6	-22.085953070741464
2.4592054095689636e6	-22.092481288744143
2.4592054118837784e6	-22.09888472998903
2.4592054141985932e6	-22.105163358309948
2.4592054165134076e6	-22.11131713702028
2.4592054188282224e6	-22.11734603383978
2.4592054211430373e6	-22.123250013467185
2.459205423457852e6	-22.12902904255724
2.459205425772667e6	-22.134683088470393
2.4592054280874818e6	-22.140212119273002
2.4592054304022966e6	-22.145616103737495
2.4592054327171114e6	-22.15089501134256
2.4592054350319263e6	-22.156048812273287
2.459205437346741e6	-22.161077477421387
