2.4591993216060004e6	0.0550573137410778
2.4591993239208153e6	0.05360145588443802
2.45919932623563e6	0.05214529529060042
2.459199328550445e6	0.050688840183856124
2.4591993308652597e6	0.04923209879015965
2.4591993331800746e6	0.047775079337082416
2.4591993354948894e6	0.04631779005376636
2.4591993378097042e6	0.044860239170877315
2.459199340124519e6	0.043402434920558675
2.459199342439334e6	0.04194438553638481
2.4591993447541487e6	0.04048609925331463
2.4591993470689636e6	0.039027584307644816
2.4591993493837784e6	0.03756884893696399
2.4591993516985932e6	0.03610990138010529
2.4591993540134076e6	0.03465075017065158
2.4591993563282224e6	0.03319140296272263
2.4591993586430373e6	0.03173186829211829
2.459199360957852e6	0.03027215440218625
2.459199363272667e6	0.02881226953728637
2.4591993655874818e6	0.027352221942744195
2.4591993679022966e6	0.025892019864804355
2.4591993702171114e6	0.024431671550583987
2.4591993725319263e6	0.022971185248026143
2.459199374846741e6	0.021510569205853262
2.459199377161556e6	0.02004983167352036
2.4591993794763708e6	0.018588980901169075
2.4591993817911856e6	0.017128025139580172
2.4591993841060004e6	0.015666972640127542
2.4591993864208153e6	0.014205831654731445
2.45919938873563e6	0.012744610435811895
2.459199391050445e6	0.011283317236242063
2.4591993933652597e6	0.009821960309301662
2.4591993956800746e6	0.008360547908630332
2.4591993979948894e6	0.0068990882881810245
2.4591994003097042e6	0.0054375897021733885
2.459199402624519e6	0.0039760604050471425
2.459199404939334e6	0.002514508651415327
2.4591994072541487e6	0.0010529426960182188
2.4591994095689636e6	-0.0004086292063240973
2.4591994118837784e6	-0.001870198800757816
2.4591994141985932e6	-0.0033317578324421663
2.4591994165134076e6	-0.00479329775258676
2.4591994188282224e6	-0.00625481089454159
2.4591994211430373e6	-0.00771628870977083
2.459199423457852e6	-0.009177722943952074
2.459199425772667e6	-0.010639105343009058
2.4591994280874818e6	-0.012100427653158276
2.4591994304022966e6	-0.0135616816209556
2.4591994327171114e6	-0.015022858993342896
2.4591994350319263e6	-0.01648395151769477
2.459199437346741e6	-0.017944950941864636
2.459199439661556e6	-0.019405849014232143
2.4591994419763708e6	-0.020866637483749215
2.4591994442911856e6	-0.02232730809998684
2.4591994466060004e6	-0.023787852613181597
2.4591994489208153e6	-0.025248262774282305
2.45919945123563e6	-0.02670853033499659
2.459199453550445e6	-0.02816864704783747
2.4591994558652597e6	-0.02962860466616996
2.4591994581800746e6	-0.031088394944257594
2.4591994604948894e6	-0.032548009637309055
2.4591994628097042e6	-0.03400744050152474
2.459199465124519e6	-0.035466679294143384
2.459199467439334e6	-0.036925717773488145
2.4591994697541487e6	-0.03838454769901396
2.4591994720689636e6	-0.03984316083135351
2.4591994743837784e6	-0.041301548932363895
2.4591994766985932e6	-0.04275970376517322
2.4591994790134076e6	-0.04421761680096975
2.4591994813282224e6	-0.04567528039212865
2.4591994836430373e6	-0.047132686012563305
2.459199485957852e6	-0.04858982543095076
2.459199488272667e6	-0.050046690417471576
2.4591994905874818e6	-0.05150327274385625
2.4591994929022966e6	-0.05295956418343191
2.4591994952171114e6	-0.05441555651116814
2.4591994975319263e6	-0.05587124150372429
2.459199499846741e6	-0.05732661093949544
2.459199502161556e6	-0.05878165659865884
2.4591995044763708e6	-0.06023637026322046
2.4591995067911856e6	-0.06169074371706131
2.4591995091060004e6	-0.06314476874598392
2.4591995114208153e6	-0.06459843713775872
2.45919951373563e6	-0.06605174068217029
2.459199516050445e6	-0.06750467117106398
2.4591995183652597e6	-0.06895722039839207
2.4591995206800746e6	-0.07040938016026013
2.4591995229948894e6	-0.07186114225497363
2.4591995253097042e6	-0.07331249848308358
2.459199527624519e6	-0.0747634406474337
2.459199529939334e6	-0.0762139605532062
2.4591995322541487e6	-0.07766405000796814
2.4591995345689636e6	-0.07911370082171777
2.4591995368837784e6	-0.08056290480693075
2.4591995391985932e6	-0.08201165377860636
2.4591995415134076e6	-0.08345993926301559
2.4591995438282224e6	-0.08490775366303582
2.4591995461430373e6	-0.08635508851012243
2.459199548457852e6	-0.08780193562983143
2.459199550772667e6	-0.0892482868504736
2.4591995530874818e6	-0.09069413400316058
2.4591995554022966e6	-0.09213946892185049
2.4591995577171114e6	-0.09358428344339507
2.4591995600319263e6	-0.09502856940758496
2.459199562346741e6	-0.0964723186571961
2.459199564661556e6	-0.09791552303803579
2.4591995669763708e6	-0.09935817439898863
2.4591995692911856e6	-0.10080026459206272
2.4591995716060004e6	-0.1022417854724355
2.4591995739208153e6	-0.10368272889849996
2.45919957623563e6	-0.10512308673191044
2.459199578550445e6	-0.10656285083762869
2.4591995808652597e6	-0.1080020130839699
2.4591995831800746e6	-0.10944056534264812
2.4591995854948894e6	-0.11087849948882299
2.4591995878097042e6	-0.11231580740114513
2.459199590124519e6	-0.11375248096180193
2.459199592439334e6	-0.11518851205656372
2.4591995947541487e6	-0.11662389257482925
2.4591995970689636e6	-0.11805861440967186
2.4591995993837784e6	-0.11949266945788499
2.4591996016985932e6	-0.12092604962002808
2.4591996040134076e6	-0.12235874651233196
2.4591996063282224e6	-0.1237907526194456
2.4591996086430373e6	-0.12522205956522217
2.459199610957852e6	-0.12665265926574235
2.459199613272667e6	-0.12808254364108082
2.4591996155874818e6	-0.12951170461535286
2.4591996179022966e6	-0.13094013411675923
2.4591996202171114e6	-0.132367824077632
2.4591996225319263e6	-0.13379476643448027
2.459199624846741e6	-0.13522095312803528
2.459199627161556e6	-0.13664637610329647
2.4591996294763708e6	-0.1380710273095766
2.4591996317911856e6	-0.13949489870054727
2.4591996341060004e6	-0.14091798223428445
2.4591996364208153e6	-0.14234026987331394
2.45919963873563e6	-0.14376175358465665
2.459199641050445e6	-0.14518242533987408
2.4591996433652597e6	-0.1466022771151134
2.4591996456800746e6	-0.14802130089115312
2.4591996479948894e6	-0.14943948865344828
2.4591996503097042e6	-0.15085683239217562
2.459199652624519e6	-0.15227332410227876
2.459199654939334e6	-0.1536889557835137
2.4591996572541487e6	-0.15510371944049361
2.4591996595689636e6	-0.1565176070827344
2.4591996618837784e6	-0.15793061072469952
2.4591996641985932e6	-0.1593427223858453
2.4591996665134076e6	-0.16075393380686948
2.4591996688282224e6	-0.1621642375851251
2.4591996711430373e6	-0.16357362547133905
2.459199673457852e6	-0.16498208950538892
2.459199675772667e6	-0.16638962173237046
2.4591996780874818e6	-0.16779621420264204
2.4591996804022966e6	-0.16920185897186982
2.4591996827171114e6	-0.17060654810107242
2.4591996850319263e6	-0.17201027365666588
2.459199687346741e6	-0.1734130277105085
2.459199689661556e6	-0.17481480233994537
2.4591996919763708e6	-0.17621558962785347
2.4591996942911856e6	-0.17761538166268623
2.4591996966060004e6	-0.17901417053851798
2.4591996989208153e6	-0.1804119483550892
2.45919970123563e6	-0.18180870721785028
2.459199703550445e6	-0.18320443923800683
2.4591997058652597e6	-0.18459913653256416
2.4591997081800746e6	-0.1859927912243714
2.4591997104948894e6	-0.18738539544216637
2.4591997128097042e6	-0.18877694132061973
2.459199715124519e6	-0.1901674210003797
2.459199717439334e6	-0.19155682662811627
2.4591997197541487e6	-0.19294515035656562
2.4591997220689636e6	-0.1943323843445744
2.4591997243837784e6	-0.19571852075714402
2.4591997266985932e6	-0.19710355176547495
2.4591997290134076e6	-0.19848746926872676
2.4591997313282224e6	-0.19987026600742513
2.4591997336430373e6	-0.20125193389312393
2.459199735957852e6	-0.20263246512226146
2.459199738272667e6	-0.2040118518976959
2.4591997405874818e6	-0.20539008642874926
2.4591997429022966e6	-0.20676716093125114
2.4591997452171114e6	-0.20814306762758308
2.4591997475319263e6	-0.20951779874672216
2.459199749846741e6	-0.21089134652428523
2.459199752161556e6	-0.2122637032025724
2.4591997544763708e6	-0.2136348610306111
2.4591997567911856e6	-0.2150048122641998
2.4591997591060004e6	-0.21637354916595172
2.4591997614208153e6	-0.21774106400533835
2.45919976373563e6	-0.21910734905873355
2.459199766050445e6	-0.22047239660945683
2.4591997683652597e6	-0.22183619894781706
2.4591997706800746e6	-0.22319874837115591
2.4591997729948894e6	-0.2245600371838916
2.4591997753097042e6	-0.22592005769756185
2.459199777624519e6	-0.227278802230868
2.459199779939334e6	-0.2286362631097179
2.4591997822541487e6	-0.22999243266726924
2.4591997845689636e6	-0.23134730324397326
2.4591997868837784e6	-0.23270086718761776
2.4591997891985932e6	-0.23405311685336982
2.4591997915134076e6	-0.2354040443321932
2.4591997938282224e6	-0.23675364253766623
2.4591997961430373e6	-0.238101903575461
2.459199798457852e6	-0.23944881983069544
2.459199800772667e6	-0.2407943836960826
2.4591998030874818e6	-0.24213858757197385
2.4591998054022966e6	-0.24348142386640154
2.4591998077171114e6	-0.2448228849951222
2.4591998100319263e6	-0.24616296338165908
2.459199812346741e6	-0.24750165145734507
2.459199814661556e6	-0.24883894166136533
2.4591998169763708e6	-0.2501748264408005
2.4591998192911856e6	-0.25150929825066837
2.4591998216060004e6	-0.25284234955396756
2.4591998239208153e6	-0.25417397282171933
2.45919982623563e6	-0.2555041605330106
2.459199828550445e6	-0.2568329051750361
2.4591998308652597e6	-0.2581601992431407
2.4591998331800746e6	-0.25948603524086244
2.4591998354948894e6	-0.26081040567997427
2.4591998378097042e6	-0.26213330308052624
2.459199840124519e6	-0.2634547199708883
2.459199842439334e6	-0.2647746488877923
2.4591998447541487e6	-0.26609308237637375
2.4591998470689636e6	-0.2674100129902146
2.4591998493837784e6	-0.2687254332913843
2.4591998516985932e6	-0.2700393358504833
2.4591998540134076e6	-0.271351712982832
2.4591998563282224e6	-0.2726625578042285
2.4591998586430373e6	-0.27397186264695583
2.459199860957852e6	-0.27527962011615364
2.459199863272667e6	-0.2765858228257011
2.4591998655874818e6	-0.2778904633982585
2.4591998679022966e6	-0.279193534465309
2.4591998702171114e6	-0.28049502866720016
2.4591998725319263e6	-0.2817949386531857
2.459199874846741e6	-0.2830932570814666
2.459199877161556e6	-0.2843899766192334
2.4591998794763708e6	-0.2856850899427062
2.4591998817911856e6	-0.28697858973717766
2.4591998841060004e6	-0.2882704686970532
2.4591998864208153e6	-0.2895607195258925
2.45919988873563e6	-0.2908493349364512
2.459199891050445e6	-0.29213630765072124
2.4591998933652597e6	-0.2934216303999726
2.4591998956800746e6	-0.29470529592479416
2.4591998979948894e6	-0.2959872969751346
2.4591999003097042e6	-0.29726762631034354
2.459199902624519e6	-0.29854627669921213
2.459199904939334e6	-0.29982324092001444
2.4591999072541487e6	-0.3010985117605474
2.4591999095689636e6	-0.30237208201817245
2.4591999118837784e6	-0.3036439444998556
2.4591999141985932e6	-0.3049140920222085
2.4591999165134076e6	-0.3061825171565384
2.4591999188282224e6	-0.3074492132491977
2.4591999211430373e6	-0.3087141728906404
2.459199923457852e6	-0.3099773889364645
2.459199925772667e6	-0.311238854252116
2.4591999280874818e6	-0.31249856171292884
2.4591999304022966e6	-0.31375650420416507
2.4591999327171114e6	-0.31501267462105526
2.4591999350319263e6	-0.31626706586883885
2.459199937346741e6	-0.31751967086280325
2.459199939661556e6	-0.31877048252832485
2.4591999419763708e6	-0.32001949380090877
2.4591999442911856e6	-0.3212666976262283
2.4591999466060004e6	-0.32251208696016553
2.4591999489208153e6	-0.32375565476885004
2.45919995123563e6	-0.3249973940286997
2.459199953550445e6	-0.32623729772645993
2.4591999558652597e6	-0.3274753588592429
2.4591999581800746e6	-0.3287115704345679
2.4591999604948894e6	-0.3299459254704
2.4591999628097042e6	-0.3311784169951902
2.459199965124519e6	-0.3324090380479142
2.459199967439334e6	-0.33363778167811203
2.4591999697541487e6	-0.33486464094592755
2.4591999720689636e6	-0.33608960892214707
2.4591999743837784e6	-0.3373126786882388
2.4591999766985932e6	-0.3385338433363921
2.4591999790134076e6	-0.33975309572447715
2.4591999813282224e6	-0.3409704294567867
2.4591999836430373e6	-0.3421858374124425
2.459199985957852e6	-0.3433993127269071
2.459199988272667e6	-0.34461084854655855
2.4591999905874818e6	-0.3458204380287289
2.4591999929022966e6	-0.3470280743417432
2.4591999952171114e6	-0.34823375066495765
2.4591999975319263e6	-0.34943746018879834
2.459199999846741e6	-0.35063919611479993
2.459200002161556e6	-0.35183895165564366
2.4592000044763708e6	-0.35303672003519576
2.4592000067911856e6	-0.35423249448854593
2.4592000091060004e6	-0.3554262682620453
2.4592000114208153e6	-0.3566180346133449
2.45920001373563e6	-0.35780778681143355
2.459200016050445e6	-0.3589955181366754
2.4592000183652597e6	-0.36018122188084906
2.4592000206800746e6	-0.361364891347184
2.4592000229948894e6	-0.3625465198503998
2.4592000253097042e6	-0.36372610071674294
2.459200027624519e6	-0.36490362728402487
2.459200029939334e6	-0.3660790929016595
2.4592000322541487e6	-0.36725249093070106
2.4592000345689636e6	-0.36842381474388103
2.4592000368837784e6	-0.36959305772564616
2.4592000391985932e6	-0.37076021327219566
2.4592000415134076e6	-0.37192527455735874
2.4592000438282224e6	-0.3730882354696931
2.4592000461430373e6	-0.37424908920629735
2.459200048457852e6	-0.37540782921075216
2.459200050772667e6	-0.376564448938577
2.4592000530874818e6	-0.3777189418572659
2.4592000554022966e6	-0.37887130144632525
2.4592000577171114e6	-0.38002152119731064
2.4592000600319263e6	-0.3811695946138627
2.459200062346741e6	-0.3823155152117447
2.459200064661556e6	-0.383459276518879
2.4592000669763708e6	-0.38460087207538335
2.4592000692911856e6	-0.38574029543360744
2.4592000716060004e6	-0.38687754015816944
2.4592000739208153e6	-0.38801259982599245
2.45920007623563e6	-0.38914546802634037
2.459200078550445e6	-0.39027613836085434
2.4592000808652597e6	-0.3914046044435891
2.4592000831800746e6	-0.3925308599010488
2.4592000854948894e6	-0.39365489837222284
2.4592000878097042e6	-0.3947767135086223
2.459200090124519e6	-0.3958962989743153
2.459200092439334e6	-0.39701364844596293
2.4592000947541487e6	-0.39812875561285527
2.4592000970689636e6	-0.3992416141769463
2.4592000993837784e6	-0.40035221785289066
2.4592001016985932e6	-0.40146056036807787
2.4592001040134076e6	-0.40256663524039266
2.4592001063282224e6	-0.40367043666781144
2.4592001086430373e6	-0.40477195819340994
2.459200110957852e6	-0.4058711935958733
2.459200113272667e6	-0.4069681366667983
2.4592001155874818e6	-0.4080627812107288
2.4592001179022966e6	-0.40915512104519064
2.4592001202171114e6	-0.4102451500007262
2.4592001225319263e6	-0.4113328619209299
2.459200124846741e6	-0.41241825066248217
2.459200127161556e6	-0.4135013100951851
2.4592001294763708e6	-0.41458203410199623
2.4592001317911856e6	-0.4156604165790634
2.4592001341060004e6	-0.4167364514357595
2.4592001364208153e6	-0.4178101325947162
2.45920013873563e6	-0.4188814539918593
2.459200141050445e6	-0.4199504095764416
2.4592001433652597e6	-0.42101699331107856
2.4592001456800746e6	-0.4220811991717811
2.4592001479948894e6	-0.4231430211479907
2.4592001503097042e6	-0.42420245324261247
2.459200152624519e6	-0.42525948947204956
2.459200154939334e6	-0.4263141238662368
2.4592001572541487e6	-0.42736635046867427
2.4592001595689636e6	-0.42841616333646143
2.4592001618837784e6	-0.4294635565403299
2.4592001641985932e6	-0.4305085241646778
2.4592001665134076e6	-0.4315510600981248
2.4592001688282224e6	-0.4325911588719474
2.4592001711430373e6	-0.4336288144017744
2.459200173457852e6	-0.4346640208270017
2.459200175772667e6	-0.43569677230085707
2.4592001780874818e6	-0.43672706299043407
2.4592001804022966e6	-0.4377548870767243
2.4592001827171114e6	-0.4387802387546505
2.4592001850319263e6	-0.4398031122330998
2.459200187346741e6	-0.44082350173495577
2.459200189661556e6	-0.4418414014971312
2.4592001919763708e6	-0.44285680577060094
2.4592001942911856e6	-0.4438697088204342
2.4592001966060004e6	-0.44488010492582675
2.4592001989208153e6	-0.4458879883801333
2.45920020123563e6	-0.4468933534909003
2.459200203550445e6	-0.44789619457989727
2.4592002058652597e6	-0.44889650598314934
2.4592002081800746e6	-0.449894282050969
2.4592002104948894e6	-0.4508895171479883
2.4592002128097042e6	-0.4518822056531903
2.459200215124519e6	-0.45287234195994125
2.459200217439334e6	-0.453859920476022
2.4592002197541487e6	-0.4548449356236594
2.4592002220689636e6	-0.4558273818395585
2.4592002243837784e6	-0.4568072535749328
2.4592002266985932e6	-0.457784545295537
2.4592002290134076e6	-0.4587592512858798
2.4592002313282224e6	-0.4597313664330464
2.4592002336430373e6	-0.4607008850502619
2.459200235957852e6	-0.4616678016617545
2.459200238272667e6	-0.46263211080644817
2.4592002405874818e6	-0.46359380703799336
2.4592002429022966e6	-0.4645528849247988
2.4592002452171114e6	-0.4655093390500608
2.4592002475319263e6	-0.4664631640117947
2.459200249846741e6	-0.4674143544228653
2.459200252161556e6	-0.46836290491101706
2.4592002544763708e6	-0.46930881011890424
2.4592002567911856e6	-0.4702520647041221
2.4592002591060004e6	-0.4711926633392358
2.4592002614208153e6	-0.4721306007118114
2.45920026373563e6	-0.4730658715244455
2.459200266050445e6	-0.4739984704947956
2.4592002683652597e6	-0.47492839235560896
2.4592002706800746e6	-0.4758556318547533
2.4592002729948894e6	-0.4767801837552462
2.4592002753097042e6	-0.47770204283528456
2.459200277624519e6	-0.47862120388827367
2.459200279939334e6	-0.4795376617228581
2.4592002822541487e6	-0.480451411162949
2.4592002845689636e6	-0.48136244704775477
2.4592002868837784e6	-0.4822707642318099
2.4592002891985932e6	-0.4831763575850036
2.4592002915134076e6	-0.4840792218112588
2.4592002938282224e6	-0.4849793521745133
2.4592002961430373e6	-0.485876743408995
2.459200298457852e6	-0.4867713904463023
2.459200300772667e6	-0.48766328823353255
2.4592003030874818e6	-0.4885524317333107
2.4592003054022966e6	-0.4894388159238176
2.4592003077171114e6	-0.49032243579881873
2.4592003100319263e6	-0.4912032863676921
2.459200312346741e6	-0.4920813626554565
2.459200314661556e6	-0.49295665970279967
2.4592003169763708e6	-0.4938291725661064
2.4592003192911856e6	-0.49469889631748637
2.4592003216060004e6	-0.4955658260448018
2.4592003239208153e6	-0.49642995685169555
2.45920032623563e6	-0.49729128385761834
2.459200328550445e6	-0.49814980219785676
2.4592003308652597e6	-0.49900550702356056
2.4592003331800746e6	-0.4998583935017699
2.4592003354948894e6	-0.5007084568154426
2.4592003378097042e6	-0.5015556921634823
2.459200340124519e6	-0.5024000947607637
2.459200342439334e6	-0.5032416598381615
2.4592003447541487e6	-0.5040803826425758
2.4592003470689636e6	-0.5049162584369604
2.4592003493837784e6	-0.5057492825003483
2.4592003516985932e6	-0.5065794501278792
2.4592003540134076e6	-0.5074067564646878
2.4592003563282224e6	-0.5082311971710582
2.4592003586430373e6	-0.5090527674238947
2.459200360957852e6	-0.5098714625830267
2.459200363272667e6	-0.510687278024523
2.4592003655874818e6	-0.5115002091407156
2.4592003679022966e6	-0.5123102513402279
2.4592003702171114e6	-0.5131174000479992
2.4592003725319263e6	-0.5139216507053114
2.459200374846741e6	-0.514722998769814
2.459200377161556e6	-0.5155214397155503
2.4592003794763708e6	-0.516316969032983
2.4592003817911856e6	-0.5171095822290189
2.4592003841060004e6	-0.5178992748270357
2.4592003864208153e6	-0.5186860423669059
2.45920038873563e6	-0.5194698804050222
2.459200391050445e6	-0.5202507845143236
2.4592003933652597e6	-0.5210287502843192
2.4592003956800746e6	-0.5218037733211142
2.4592003979948894e6	-0.5225758492474336
2.4592004003097042e6	-0.5233449737026475
2.459200402624519e6	-0.5241111423427962
2.459200404939334e6	-0.5248743508406135
2.4592004072541487e6	-0.5256345948855525
2.4592004095689636e6	-0.5263918701838091
2.4592004118837784e6	-0.5271461724583465
2.4592004141985932e6	-0.5278974974489192
2.4592004165134076e6	-0.5286458407618563
2.4592004188282224e6	-0.5293911984716504
2.4592004211430373e6	-0.530133566217733
2.459200423457852e6	-0.5308729398072639
2.459200425772667e6	-0.5316093150643143
2.4592004280874818e6	-0.5323426878298889
2.4592004304022966e6	-0.5330730539619508
2.4592004327171114e6	-0.5338004093354443
2.4592004350319263e6	-0.534524749842318
2.459200437346741e6	-0.5352460713915485
2.459200439661556e6	-0.5359643699091632
2.4592004419763708e6	-0.5366796413382632
2.4592004442911856e6	-0.5373918816390465
2.4592004466060004e6	-0.5381010867888308
2.4592004489208153e6	-0.5388072527820762
2.45920045123563e6	-0.539510375630407
2.459200453550445e6	-0.5402104513626363
2.4592004558652597e6	-0.5409074760247856
2.4592004581800746e6	-0.5416014456801098
2.4592004604948894e6	-0.5422923564091178
2.4592004628097042e6	-0.5429802043095947
2.459200465124519e6	-0.5436649854966251
2.459200467439334e6	-0.5443466961026135
2.4592004697541487e6	-0.5450253322773072
2.4592004720689636e6	-0.5457008901878173
2.4592004743837784e6	-0.5463733660186411
2.4592004766985932e6	-0.547042755971683
2.4592004790134076e6	-0.5477090561325505
2.4592004813282224e6	-0.5483722630061013
2.4592004836430373e6	-0.5490323727122428
2.459200485957852e6	-0.5496893815227225
2.459200488272667e6	-0.550343285726801
2.4592004905874818e6	-0.5509940816312747
2.4592004929022966e6	-0.5516417655604946
2.4592004952171114e6	-0.5522863338563877
2.4592004975319263e6	-0.5529277828784785
2.459200499846741e6	-0.553566109003909
2.459200502161556e6	-0.5542013086274583
2.4592005044763708e6	-0.5548333781615646
2.4592005067911856e6	-0.555462314036344
2.4592005091060004e6	-0.5560881126996119
2.4592005114208153e6	-0.5567107706169019
2.45920051373563e6	-0.5573302842714863
2.459200516050445e6	-0.5579466501643967
2.4592005183652597e6	-0.5585598648144422
2.4592005206800746e6	-0.5591699247582302
2.4592005229948894e6	-0.5597768265501857
2.4592005253097042e6	-0.5603805667625709
2.459200527624519e6	-0.5609811419855038
2.459200529939334e6	-0.5615785488269786
2.4592005322541487e6	-0.562172783912884
2.4592005345689636e6	-0.5627638438870229
2.4592005368837784e6	-0.5633517254111305
2.4592005391985932e6	-0.563936425164894
2.4592005415134076e6	-0.5645179397293105
2.4592005438282224e6	-0.565096266053989
2.4592005461430373e6	-0.5656714007552823
2.459200548457852e6	-0.5662433405848706
2.459200550772667e6	-0.5668120823124786
2.4592005530874818e6	-0.5673776227258938
2.4592005554022966e6	-0.5679399586309839
2.4592005577171114e6	-0.568499086851716
2.4592005600319263e6	-0.5690550042301741
2.459200562346741e6	-0.569607707626576
2.459200564661556e6	-0.5701571939192929
2.4592005669763708e6	-0.570703460004865
2.4592005692911856e6	-0.5712465027980207
2.4592005716060004e6	-0.5717863192316929
2.4592005739208153e6	-0.572322906257037
2.45920057623563e6	-0.5728562608434475
2.459200578550445e6	-0.5733863799785763
2.4592005808652597e6	-0.5739132606683479
2.4592005831800746e6	-0.574436899936978
2.4592005854948894e6	-0.5749572948269891
2.4592005878097042e6	-0.5754744423992283
2.459200590124519e6	-0.5759883397328829
2.459200592439334e6	-0.5764989839254974
2.4592005947541487e6	-0.5770063720929898
2.4592005970689636e6	-0.577510501369668
2.4592005993837784e6	-0.5780113689082458
2.4592006016985932e6	-0.5785089718798592
2.4592006040134076e6	-0.5790033073749675
2.4592006063282224e6	-0.5794943728004858
2.4592006086430373e6	-0.5799821652831394
2.459200610957852e6	-0.580466682067911
2.459200613272667e6	-0.5809479204182848
2.4592006155874818e6	-0.5814258776162607
2.4592006179022966e6	-0.5819005509623706
2.4592006202171114e6	-0.5823719377756932
2.4592006225319263e6	-0.5828400353938697
2.459200624846741e6	-0.5833048411731178
2.459200627161556e6	-0.5837663524882479
2.4592006294763708e6	-0.5842245667326769
2.4592006317911856e6	-0.5846794813184434
2.4592006341060004e6	-0.5851310936762225
2.4592006364208153e6	-0.5855794012553395
2.45920063873563e6	-0.5860244015237854
2.459200641050445e6	-0.5864660919682305
2.4592006433652597e6	-0.5869044700940385
2.4592006456800746e6	-0.5873395334252813
2.4592006479948894e6	-0.5877712795047519
2.4592006503097042e6	-0.5881997058939795
2.459200652624519e6	-0.5886248101732423
2.459200654939334e6	-0.5890465899415818
2.4592006572541487e6	-0.5894650428168158
2.4592006595689636e6	-0.5898801664355524
2.4592006618837784e6	-0.5902919584532031
2.4592006641985932e6	-0.5907004165439959
2.4592006665134076e6	-0.5911055383198278
2.4592006688282224e6	-0.5915073216555929
2.4592006711430373e6	-0.5919057642002156
2.459200673457852e6	-0.5923008637033207
2.459200675772667e6	-0.5926926179334143
2.4592006780874818e6	-0.5930810246778966
2.4592006804022966e6	-0.5934660817430741
2.4592006827171114e6	-0.5938477869541718
2.4592006850319263e6	-0.5942261381553459
2.459200687346741e6	-0.5946011332096959
2.459200689661556e6	-0.5949727699992766
2.4592006919763708e6	-0.5953410464251097
2.4592006942911856e6	-0.5957059604071965
2.4592006966060004e6	-0.5960675098845286
2.4592006989208153e6	-0.5964256928151005
2.45920070123563e6	-0.5967805071759205
2.459200703550445e6	-0.5971319509630224
2.4592007058652597e6	-0.5974800221914769
2.4592007081800746e6	-0.5978247188954023
2.4592007104948894e6	-0.5981660391279765
2.4592007128097042e6	-0.5985039809614471
2.459200715124519e6	-0.5988385424871426
2.459200717439334e6	-0.5991697218154834
2.4592007197541487e6	-0.5994975170759924
2.4592007220689636e6	-0.5998219264173054
2.4592007243837784e6	-0.6001429480071815
2.4592007266985932e6	-0.6004605800325136
2.4592007290134076e6	-0.6007748206364656
2.4592007313282224e6	-0.6010856681706577
2.4592007336430373e6	-0.6013931208158897
2.459200735957852e6	-0.6016971768356909
2.459200738272667e6	-0.6019978345127749
2.4592007405874818e6	-0.602295092149048
2.4592007429022966e6	-0.6025889480656208
2.4592007452171114e6	-0.602879400602816
2.4592007475319263e6	-0.6031664481201781
2.459200749846741e6	-0.6034500889964837
2.459200752161556e6	-0.6037303216297486
2.4592007544763708e6	-0.6040071444372398
2.4592007567911856e6	-0.604280555855481
2.4592007591060004e6	-0.6045505543402645
2.4592007614208153e6	-0.6048171383666582
2.45920076373563e6	-0.6050803064290143
2.459200766050445e6	-0.6053400570409785
2.4592007683652597e6	-0.6055963887354977
2.4592007706800746e6	-0.605849300064829
2.4592007729948894e6	-0.6060987896005471
2.4592007753097042e6	-0.6063448559335529
2.459200777624519e6	-0.6065874976740814
2.459200779939334e6	-0.6068267134517095
2.4592007822541487e6	-0.6070625019153633
2.4592007845689636e6	-0.6072948617333264
2.4592007868837784e6	-0.6075237915932471
2.4592007891985932e6	-0.6077492902021463
2.4592007915134076e6	-0.6079713562420967
2.4592007938282224e6	-0.6081899885482296
2.4592007961430373e6	-0.6084051858407077
2.459200798457852e6	-0.6086169469041123
2.459200800772667e6	-0.608825270542432
2.4592008030874818e6	-0.6090301555790695
2.4592008054022966e6	-0.6092316008568489
2.4592008077171114e6	-0.6094296052380217
2.4592008100319263e6	-0.6096241676042732
2.459200812346741e6	-0.6098152868567291
2.459200814661556e6	-0.6100029619159614
2.4592008169763708e6	-0.610187191721995
2.4592008192911856e6	-0.6103679752343127
2.4592008216060004e6	-0.6105453114318625
2.4592008239208153e6	-0.6107191993130621
2.45920082623563e6	-0.610889637895805
2.459200828550445e6	-0.6110566262174665
2.4592008308652597e6	-0.6112201633349084
2.4592008331800746e6	-0.6113802483244845
2.4592008354948894e6	-0.6115368802820464
2.4592008378097042e6	-0.611690058322948
2.459200840124519e6	-0.6118397815820505
2.459200842439334e6	-0.6119860492137279
2.4592008447541487e6	-0.6121288603918709
2.4592008470689636e6	-0.6122682143098919
2.4592008493837784e6	-0.6124041101807305
2.4592008516985932e6	-0.6125365472368559
2.4592008540134076e6	-0.6126655247046756
2.4592008563282224e6	-0.6127910419076256
2.4592008586430373e6	-0.6129130981104999
2.459200860957852e6	-0.613031692623934
2.459200863272667e6	-0.6131468247781141
2.4592008655874818e6	-0.6132584939227822
2.4592008679022966e6	-0.6133666994272391
2.4592008702171114e6	-0.6134714406803476
2.4592008725319263e6	-0.6135727170905367
2.459200874846741e6	-0.6136705280858045
2.459200877161556e6	-0.6137648731137215
2.4592008794763708e6	-0.6138557516414335
2.4592008817911856e6	-0.6139431631556652
2.4592008841060004e6	-0.6140271071627226
2.4592008864208153e6	-0.6141075831884959
2.45920088873563e6	-0.6141845907784624
2.459200891050445e6	-0.6142581294976887
2.4592008933652597e6	-0.614328198930833
2.4592008956800746e6	-0.6143947986821487
2.4592008979948894e6	-0.6144579283754847
2.4592009003097042e6	-0.6145175876542892
2.459200902624519e6	-0.6145737761816109
2.459200904939334e6	-0.6146264936401009
2.4592009072541487e6	-0.6146757397320148
2.4592009095689636e6	-0.6147215141792142
2.4592009118837784e6	-0.6147638167231682
2.4592009141985932e6	-0.614802647124955
2.4592009165134076e6	-0.6148380051585001
2.4592009188282224e6	-0.614869890638329
2.4592009211430373e6	-0.6148983033768929
2.459200923457852e6	-0.6149232432137188
2.459200925772667e6	-0.6149447100079481
2.4592009280874818e6	-0.6149627036383382
2.4592009304022966e6	-0.6149772240032617
2.4592009327171114e6	-0.6149882710207092
2.4592009350319263e6	-0.6149958446282879
2.459200937346741e6	-0.6149999447832224
2.459200939661556e6	-0.6150005714623552
2.4592009419763708e6	-0.6149977246621472
2.4592009442911856e6	-0.6149914043986768
2.4592009466060004e6	-0.6149816107076403
2.4592009489208153e6	-0.6149683436443518
2.45920095123563e6	-0.6149516032837428
2.459200953550445e6	-0.6149313897203617
2.4592009558652597e6	-0.6149077030683732
2.4592009581800746e6	-0.6148805434615576
2.4592009604948894e6	-0.6148499110533108
2.4592009628097042e6	-0.6148158060166422
2.459200965124519e6	-0.6147782285441747
2.459200967439334e6	-0.6147371788481433
2.4592009697541487e6	-0.6146926571603935
2.4592009720689636e6	-0.6146446637323807
2.4592009743837784e6	-0.6145931988351685
2.4592009766985932e6	-0.6145382627594268
2.4592009790134076e6	-0.6144798558275294
2.4592009813282224e6	-0.6144179783458554
2.4592009836430373e6	-0.6143526306752846
2.459200985957852e6	-0.6142838131848963
2.459200988272667e6	-0.6142115262633666
2.4592009905874818e6	-0.6141357703189672
2.4592009929022966e6	-0.6140565457795616
2.4592009952171114e6	-0.6139738530926049
2.4592009975319263e6	-0.6138876927251392
2.459200999846741e6	-0.6137980651637924
2.459201002161556e6	-0.6137049709147745
2.4592010044763708e6	-0.6136084105038748
2.4592010067911856e6	-0.6135083844764601
2.4592010091060004e6	-0.61340489339747
2.4592010114208153e6	-0.6132979378514146
2.45920101373563e6	-0.6131875184423716
2.459201016050445e6	-0.6130736357939817
2.4592010183652597e6	-0.612956290549446
2.4592010206800746e6	-0.6128354833715219
2.4592010229948894e6	-0.61271121494252
2.4592010253097042e6	-0.6125834859642995
2.459201027624519e6	-0.6124522971582642
2.459201029939334e6	-0.6123176492653595
2.4592010322541487e6	-0.612179543046067
2.4592010345689636e6	-0.6120379792804006
2.4592010368837784e6	-0.6118929587679026
2.4592010391985932e6	-0.6117444823276385
2.4592010415134076e6	-0.6115925508291031
2.4592010438282224e6	-0.6114371650692683
2.4592010461430373e6	-0.6112783259559577
2.459201048457852e6	-0.6111160343862829
2.459201050772667e6	-0.6109502912768555
2.4592010530874818e6	-0.6107810975637806
2.4592010554022966e6	-0.6106084542026522
2.4592010577171114e6	-0.6104323621685477
2.4592010600319263e6	-0.6102528224560222
2.459201062346741e6	-0.6100698360791036
2.459201064661556e6	-0.6098834040712854
2.4592010669763708e6	-0.6096935274855226
2.4592010692911856e6	-0.6095002073942245
2.4592010716060004e6	-0.6093034448892491
2.4592010739208153e6	-0.6091032410818973
2.45920107623563e6	-0.6088995971029055
2.459201078550445e6	-0.6086925141024407
2.4592010808652597e6	-0.6084819932500928
2.4592010831800746e6	-0.6082680357348683
2.4592010854948894e6	-0.6080506427651844
2.4592010878097042e6	-0.6078298155688607
2.459201090124519e6	-0.6076055553931137
2.459201092439334e6	-0.6073778635045488
2.4592010947541487e6	-0.6071467411891535
2.4592010970689636e6	-0.6069121897522902
2.4592010993837784e6	-0.6066742105186886
2.4592011016985932e6	-0.6064328048324386
2.4592011040134076e6	-0.606187974106578
2.4592011063282224e6	-0.6059397196253904
2.4592011086430373e6	-0.6056880428399064
2.459201110957852e6	-0.6054329451715786
2.459201113272667e6	-0.6051744280611805
2.4592011155874818e6	-0.604912492968798
2.4592011179022966e6	-0.6046471413738221
2.4592011202171114e6	-0.6043783747749395
2.4592011225319263e6	-0.6041061946901248
2.459201124846741e6	-0.6038306026566318
2.459201127161556e6	-0.6035516002309845
2.4592011294763708e6	-0.6032691889889688
2.4592011317911856e6	-0.6029833705256231
2.4592011341060004e6	-0.60269414645523
2.4592011364208153e6	-0.6024015184113058
2.45920113873563e6	-0.6021054880465936
2.459201141050445e6	-0.6018060570330511
2.4592011433652597e6	-0.6015032270618439
2.4592011456800746e6	-0.6011969998433334
2.4592011479948894e6	-0.6008873771070696
2.4592011503097042e6	-0.6005743606017795
2.459201152624519e6	-0.6002579520953577
2.459201154939334e6	-0.5999381533748571
2.4592011572541487e6	-0.5996149662464784
2.4592011595689636e6	-0.5992883925355588
2.4592011618837784e6	-0.5989584340865636
2.4592011641985932e6	-0.5986250927630745
2.4592011665134076e6	-0.5982883705158566
2.4592011688282224e6	-0.5979482691112192
2.4592011711430373e6	-0.5976047905374277
2.459201173457852e6	-0.5972579367344243
2.459201175772667e6	-0.5969077096612149
2.4592011780874818e6	-0.5965541112958569
2.4592011804022966e6	-0.5961971436354486
2.4592011827171114e6	-0.5958368086961178
2.4592011850319263e6	-0.5954731085130107
2.459201187346741e6	-0.5951060451402799
2.459201189661556e6	-0.5947356206510731
2.4592011919763708e6	-0.5943618371375214
2.4592011942911856e6	-0.5939846967107275
2.4592011966060004e6	-0.5936042015007534
2.4592011989208153e6	-0.5932203536566092
2.45920120123563e6	-0.5928331553462398
2.459201203550445e6	-0.592442608756514
2.4592012058652597e6	-0.5920487160932106
2.4592012081800746e6	-0.5916514795810078
2.4592012104948894e6	-0.5912509014634686
2.4592012128097042e6	-0.5908469840030299
2.459201215124519e6	-0.5904397294809886
2.459201217439334e6	-0.590029140197489
2.4592012197541487e6	-0.5896152184715104
2.4592012220689636e6	-0.589197966640853
2.4592012243837784e6	-0.5887773870621255
2.4592012266985932e6	-0.5883534821107311
2.4592012290134076e6	-0.5879262542671326
2.4592012313282224e6	-0.5874957057723952
2.4592012336430373e6	-0.5870618391438355
2.459201235957852e6	-0.5866246568319012
2.459201238272667e6	-0.586184161305767
2.4592012405874818e6	-0.5857403550533199
2.4592012429022966e6	-0.5852932405811461
2.4592012452171114e6	-0.5848428204145163
2.4592012475319263e6	-0.5843890970973713
2.459201249846741e6	-0.5839320731923082
2.459201252161556e6	-0.5834717512805654
2.4592012544763708e6	-0.5830081339620079
2.4592012567911856e6	-0.5825412238551138
2.4592012591060004e6	-0.5820710235969574
2.4592012614208153e6	-0.5815975358431966
2.45920126373563e6	-0.5811207632680563
2.459201266050445e6	-0.5806407085643142
2.4592012683652597e6	-0.5801573744432847
2.4592012706800746e6	-0.5796707636348046
2.4592012729948894e6	-0.5791808788872171
2.4592012753097042e6	-0.5786877229673562
2.459201277624519e6	-0.5781912986605314
2.459201279939334e6	-0.5776916087705116
2.4592012822541487e6	-0.5771886561195098
2.4592012845689636e6	-0.5766824435481666
2.4592012868837784e6	-0.5761729739155346
2.4592012891985932e6	-0.5756602500990617
2.4592012915134076e6	-0.5751442750986989
2.4592012938282224e6	-0.5746250516210434
2.4592012961430373e6	-0.5741025827021017
2.459201298457852e6	-0.573576871292741
2.459201300772667e6	-0.573047920362142
2.4592013030874818e6	-0.5725157328977817
2.4592013054022966e6	-0.5719803119054169
2.4592013077171114e6	-0.5714416604090671
2.4592013100319263e6	-0.5708997814509976
2.459201312346741e6	-0.5703546780917021
2.459201314661556e6	-0.5698063534098856
2.4592013169763708e6	-0.5692548105024465
2.4592013192911856e6	-0.5687000524844598
2.4592013216060004e6	-0.5681420824891595
2.4592013239208153e6	-0.5675809036679199
2.45920132623563e6	-0.5670165191902394
2.459201328550445e6	-0.5664489322437211
2.4592013308652597e6	-0.5658781460340552
2.4592013331800746e6	-0.5653041637850019
2.4592013354948894e6	-0.5647269887383718
2.4592013378097042e6	-0.5641466241540085
2.459201340124519e6	-0.5635630733097697
2.459201342439334e6	-0.5629763395015088
2.4592013447541487e6	-0.5623864260430567
2.4592013470689636e6	-0.5617933362662024
2.4592013493837784e6	-0.5611970735206745
2.4592013516985932e6	-0.5605976411741228
2.4592013540134076e6	-0.5599950427336384
2.4592013563282224e6	-0.5593892813602103
2.4592013586430373e6	-0.5587803605960393
2.459201360957852e6	-0.5581682838802665
2.459201363272667e6	-0.5575530546698575
2.4592013655874818e6	-0.5569346764395827
2.4592013679022966e6	-0.5563131526819987
2.4592013702171114e6	-0.5556884869074269
2.4592013725319263e6	-0.555060682643935
2.459201374846741e6	-0.5544297434373171
2.459201377161556e6	-0.5537956728510726
2.4592013794763708e6	-0.5531584744663868
2.4592013817911856e6	-0.5525181518821107
2.4592013841060004e6	-0.5518747087147409
2.4592013864208153e6	-0.5512281485983982
2.45920138873563e6	-0.5505784751848078
2.459201391050445e6	-0.5499256921432794
2.4592013933652597e6	-0.5492698031606844
2.4592013956800746e6	-0.5486108119414373
2.4592013979948894e6	-0.5479487222074736
2.4592014003097042e6	-0.5472835376982285
2.459201402624519e6	-0.5466152621706168
2.459201404939334e6	-0.5459438993990111
2.4592014072541487e6	-0.5452694531752204
2.4592014095689636e6	-0.5445919273084687
2.4592014118837784e6	-0.5439113256253739
2.4592014141985932e6	-0.5432276519699256
2.4592014165134076e6	-0.5425409103419212
2.4592014188282224e6	-0.5418511043437306
2.4592014211430373e6	-0.5411582380091694
2.459201423457852e6	-0.5404623152514971
2.459201425772667e6	-0.539763340001236
2.4592014280874818e6	-0.5390613162061483
2.4592014304022966e6	-0.5383562478312142
2.4592014327171114e6	-0.5376481388586096
2.4592014350319263e6	-0.5369369932876835
2.459201437346741e6	-0.5362228151349354
2.459201439661556e6	-0.5355056084339923
2.4592014419763708e6	-0.5347853772355868
2.4592014442911856e6	-0.5340621256075332
2.4592014466060004e6	-0.5333358576347049
2.4592014489208153e6	-0.5326065774190117
2.45920145123563e6	-0.5318742890793765
2.459201453550445e6	-0.5311389967517111
2.4592014558652597e6	-0.5304007045888941
2.4592014581800746e6	-0.5296594167607475
2.4592014604948894e6	-0.5289151374540115
2.4592014628097042e6	-0.528167870872323
2.459201465124519e6	-0.52741762123619
2.459201467439334e6	-0.5266643927829688
2.4592014697541487e6	-0.5259081897668402
2.4592014720689636e6	-0.5251490164587849
2.4592014743837784e6	-0.5243868771465593
2.4592014766985932e6	-0.523621776134672
2.4592014790134076e6	-0.5228537178991632
2.4592014813282224e6	-0.5220827064689572
2.4592014836430373e6	-0.5213087463528808
2.459201485957852e6	-0.5205318419222058
2.459201488272667e6	-0.5197519975648331
2.4592014905874818e6	-0.5189692176852679
2.4592014929022966e6	-0.5181835067045949
2.4592014952171114e6	-0.5173948690604537
2.4592014975319263e6	-0.5166033092070137
2.459201499846741e6	-0.5158088316149483
2.459201502161556e6	-0.51501144077141
2.4592015044763708e6	-0.514211141180006
2.4592015067911856e6	-0.5134079373607707
2.4592015091060004e6	-0.5126018338501422
2.4592015114208153e6	-0.5117928352009357
2.45920151373563e6	-0.5109809459823175
2.459201516050445e6	-0.5101661707797802
2.4592015183652597e6	-0.5093485141951161
2.4592015206800746e6	-0.5085279808463908
2.4592015229948894e6	-0.5077045753679188
2.4592015253097042e6	-0.5068783024102351
2.459201527624519e6	-0.5060491666400702
2.459201529939334e6	-0.505217172740324
2.4592015322541487e6	-0.5043823254100386
2.4592015345689636e6	-0.5035446293643723
2.4592015368837784e6	-0.5027040893345724
2.4592015391985932e6	-0.5018607100679492
2.4592015415134076e6	-0.5010144964983624
2.4592015438282224e6	-0.5001654530647076
2.4592015461430373e6	-0.499313584732266
2.459201548457852e6	-0.4984588963123291
2.459201550772667e6	-0.4976013926321159
2.4592015530874818e6	-0.49674107853474614
2.4592015554022966e6	-0.49587795887921254
2.4592015577171114e6	-0.4950120385403532
2.4592015600319263e6	-0.4941433224088242
2.459201562346741e6	-0.4932718153910727
2.459201564661556e6	-0.4923975224093079
2.4592015669763708e6	-0.4915204484014741
2.4592015692911856e6	-0.49064059832122286
2.4592015716060004e6	-0.4897579771378846
2.4592015739208153e6	-0.4888725898364407
2.45920157623563e6	-0.4879844414174957
2.459201578550445e6	-0.48709353689724816
2.4592015808652597e6	-0.48619988130746344
2.4592015831800746e6	-0.4853034796954446
2.4592015854948894e6	-0.4844043371240037
2.4592015878097042e6	-0.4835024586714341
2.459201590124519e6	-0.4825978494314807
2.459201592439334e6	-0.4816905145133122
2.4592015947541487e6	-0.48078045904149136
2.4592015970689636e6	-0.4798676881559465
2.4592015993837784e6	-0.4789522070119425
2.4592016016985932e6	-0.4780340207800514
2.4592016040134076e6	-0.47711313483164547
2.4592016063282224e6	-0.47618955399732177
2.4592016086430373e6	-0.47526328367837817
2.459201610957852e6	-0.4743343291063233
2.459201613272667e6	-0.4734026955278264
2.4592016155874818e6	-0.4724683882046871
2.4592016179022966e6	-0.47153141241380686
2.4592016202171114e6	-0.47059177344715797
2.4592016225319263e6	-0.4696494766117542
2.459201624846741e6	-0.46870452722962097
2.459201627161556e6	-0.4677569306377649
2.4592016294763708e6	-0.46680669218814375
2.4592016317911856e6	-0.46585381724763675
2.4592016341060004e6	-0.46489831119801334
2.4592016364208153e6	-0.46394017943590365
2.45920163873563e6	-0.4629794273727674
2.459201641050445e6	-0.4620160604348637
2.4592016433652597e6	-0.46105008406322034
2.4592016456800746e6	-0.46008150371360285
2.4592016479948894e6	-0.45911032485648406
2.4592016503097042e6	-0.4581365529770126
2.459201652624519e6	-0.4571601935749829
2.459201654939334e6	-0.4561812521648029
2.4592016572541487e6	-0.45519973427546406
2.4592016595689636e6	-0.454215645450509
2.4592016618837784e6	-0.4532289912480016
2.4592016641985932e6	-0.4522397772404942
2.4592016665134076e6	-0.45124800921476316
2.4592016688282224e6	-0.4502536923732243
2.4592016711430373e6	-0.4492568325309613
2.459201673457852e6	-0.44825743531816725
2.459201675772667e6	-0.4472555063793662
2.4592016780874818e6	-0.44625105137338156
2.4592016804022966e6	-0.44524407597330334
2.4592016827171114e6	-0.44423458586645675
2.4592016850319263e6	-0.4432225867543701
2.459201687346741e6	-0.4422080843527419
2.459201689661556e6	-0.44119108439140936
2.4592016919763708e6	-0.44017159261431577
2.4592016942911856e6	-0.43914961477947784
2.4592016966060004e6	-0.4381251566589536
2.4592016989208153e6	-0.43709822403880927
2.45920170123563e6	-0.436068822719087
2.459201703550445e6	-0.43503695851377217
2.4592017058652597e6	-0.4340026372507599
2.4592017081800746e6	-0.4329658647718231
2.4592017104948894e6	-0.4319266469325787
2.4592017128097042e6	-0.4308849896024548
2.459201715124519e6	-0.42984089866465774
2.459201717439334e6	-0.42879438001613873
2.4592017197541487e6	-0.4277454395675602
2.4592017220689636e6	-0.426694083243263
2.4592017243837784e6	-0.4256403169812328
2.4592017266985932e6	-0.4245841467330661
2.4592017290134076e6	-0.42352557867712554
2.4592017313282224e6	-0.42246461836623295
2.4592017336430373e6	-0.421401272005323
2.459201735957852e6	-0.4203355456001002
2.459201738272667e6	-0.4192674451697111
2.4592017405874818e6	-0.4181969767467108
2.4592017429022966e6	-0.41712414637702855
2.4592017452171114e6	-0.4160489601199336
2.4592017475319263e6	-0.4149714240480013
2.459201749846741e6	-0.4138915442470785
2.459201752161556e6	-0.4128093268162492
2.4592017544763708e6	-0.4117247778678003
2.4592017567911856e6	-0.4106379035271869
2.4592017591060004e6	-0.4095487099329975
2.4592017614208153e6	-0.40845720323692014
2.45920176373563e6	-0.40736338960370644
2.459201766050445e6	-0.40626727521113787
2.4592017683652597e6	-0.40516886624999027
2.4592017706800746e6	-0.4040681689239991
2.4592017729948894e6	-0.4029651894498244
2.4592017753097042e6	-0.40185993405701526
2.459201777624519e6	-0.4007524089879755
2.459201779939334e6	-0.3996426204979276
2.4592017822541487e6	-0.39853057485487775
2.4592017845689636e6	-0.39741627833958043
2.4592017868837784e6	-0.3962997372455029
2.4592017891985932e6	-0.3951809578787894
2.4592017915134076e6	-0.3940599467839591
2.4592017938282224e6	-0.392936709841385
2.4592017961430373e6	-0.3918112536203137
2.459201798457852e6	-0.39068358447724183
2.459201800772667e6	-0.3895537087811642
2.4592018030874818e6	-0.388421632913538
2.4592018054022966e6	-0.38728736326824703
2.4592018077171114e6	-0.3861509062515653
2.4592018100319263e6	-0.3850122682821209
2.459201812346741e6	-0.38387145579085985
2.459201814661556e6	-0.3827284752210097
2.4592018169763708e6	-0.3815833330280431
2.4592018192911856e6	-0.38043603567964157
2.4592018216060004e6	-0.3792865896556586
2.4592018239208153e6	-0.37813500144808315
2.45920182623563e6	-0.37698127756100347
2.459201828550445e6	-0.37582542451056966
2.4592018308652597e6	-0.3746674488249572
2.4592018331800746e6	-0.37350735704433025
2.4592018354948894e6	-0.37234515572080423
2.4592018378097042e6	-0.3711808514184094
2.459201840124519e6	-0.3700144507130534
2.459201842439334e6	-0.36884596019248417
2.4592018447541487e6	-0.36767538645625264
2.4592018470689636e6	-0.36650273611567596
2.4592018493837784e6	-0.3653280157937995
2.4592018516985932e6	-0.3641512321253597
2.4592018540134076e6	-0.36297239199409537
2.4592018563282224e6	-0.3617915015837274
2.4592018586430373e6	-0.36060856780077616
2.459201860957852e6	-0.3594235973263671
2.459201863272667e6	-0.35823659685312886
2.4592018655874818e6	-0.3570475730851555
2.4592018679022966e6	-0.3558565327379684
2.4592018702171114e6	-0.35466348253847846
2.4592018725319263e6	-0.35346842922494803
2.459201874846741e6	-0.3522713795469531
2.459201877161556e6	-0.35107234026534456
2.4592018794763708e6	-0.34987131815221084
2.4592018817911856e6	-0.3486683199908393
2.4592018841060004e6	-0.34746335257567734
2.4592018864208153e6	-0.3462564227122953
2.45920188873563e6	-0.3450475372173467
2.459201891050445e6	-0.3438367029185306
2.4592018933652597e6	-0.3426239266545527
2.4592018956800746e6	-0.3414092152750869
2.4592018979948894e6	-0.34019257564073624
2.4592019003097042e6	-0.3389740146229947
2.459201902624519e6	-0.3377535391042078
2.459201904939334e6	-0.33653115597753436
2.4592019072541487e6	-0.3353068721469069
2.4592019095689636e6	-0.3340806945269932
2.4592019118837784e6	-0.33285263004315674
2.4592019141985932e6	-0.3316226856314185
2.4592019165134076e6	-0.33039086848640375
2.4592019188282224e6	-0.3291571850697294
2.4592019211430373e6	-0.32792164259676254
2.459201923457852e6	-0.32668424804575896
2.459201925772667e6	-0.32544500840543467
2.4592019280874818e6	-0.3242039306749268
2.4592019304022966e6	-0.32296102186375364
2.4592019327171114e6	-0.3217162889917758
2.4592019350319263e6	-0.3204697390891553
2.459201937346741e6	-0.31922137919631743
2.459201939661556e6	-0.3179712163639096
2.4592019419763708e6	-0.3167192576527623
2.4592019442911856e6	-0.3154655101338489
2.4592019466060004e6	-0.31420998088824614
2.4592019489208153e6	-0.31295267700709334
2.45920195123563e6	-0.31169360559155324
2.459201953550445e6	-0.31043277375277134
2.4592019558652597e6	-0.3091701886118359
2.4592019581800746e6	-0.30790585729973774
2.4592019604948894e6	-0.3066397869573297
2.4592019628097042e6	-0.30537198473528687
2.459201965124519e6	-0.3041024577940656
2.459201967439334e6	-0.3028312133038637
2.4592019697541487e6	-0.3015582584445792
2.4592019720689636e6	-0.30028360040577035
2.4592019743837784e6	-0.29900724638661474
2.4592019766985932e6	-0.2977292035958688
2.4592019790134076e6	-0.29644947950943223
2.4592019813282224e6	-0.2951680808402225
2.4592019836430373e6	-0.29388501508275533
2.459201985957852e6	-0.2926002894836949
2.459201988272667e6	-0.2913139112990794
2.4592019905874818e6	-0.2900258877942812
2.4592019929022966e6	-0.28873622624396494
2.4592019952171114e6	-0.2874449339320474
2.4592019975319263e6	-0.2861520181516551
2.459201999846741e6	-0.28485748620508416
2.459202002161556e6	-0.2835613454037587
2.4592020044763708e6	-0.28226360306818943
2.4592020067911856e6	-0.2809642665279325
2.4592020091060004e6	-0.2796633431215479
2.4592020114208153e6	-0.2783608401965582
2.45920201373563e6	-0.277056765109407
2.459202016050445e6	-0.27575112522541734
2.4592020183652597e6	-0.2744439279187502
2.4592020206800746e6	-0.2731351805723625
2.4592020229948894e6	-0.2718248905779659
2.4592020253097042e6	-0.27051306533598485
2.459202027624519e6	-0.26919971225551476
2.459202029939334e6	-0.26788483875428
2.4592020322541487e6	-0.2665684522585924
2.4592020345689636e6	-0.2652505602033088
2.4592020368837784e6	-0.26393117003178956
2.4592020391985932e6	-0.26261028919585616
2.4592020415134076e6	-0.26128792542191237
2.4592020438282224e6	-0.259964085646546
2.4592020461430373e6	-0.25863877761257503
2.459202048457852e6	-0.25731200880524474
2.459202050772667e6	-0.2559837867180505
2.4592020530874818e6	-0.25465411885269595
2.4592020554022966e6	-0.2533230127190504
2.4592020577171114e6	-0.25199047583510625
2.4592020600319263e6	-0.2506565157269367
2.459202062346741e6	-0.24932113992865323
2.459202064661556e6	-0.24798435598236315
2.4592020669763708e6	-0.24664617143812667
2.4592020692911856e6	-0.24530659385391473
2.4592020716060004e6	-0.2439656307955658
2.4592020739208153e6	-0.2426232898367437
2.45920207623563e6	-0.2412795785588942
2.459202078550445e6	-0.23993450455120288
2.4592020808652597e6	-0.2385880754105515
2.4592020831800746e6	-0.23724029874147606
2.4592020854948894e6	-0.23589118215612284
2.4592020878097042e6	-0.23454073327420616
2.459202090124519e6	-0.23318895972296483
2.459202092439334e6	-0.23183586913711943
2.4592020947541487e6	-0.23048146915882903
2.4592020970689636e6	-0.22912576743764804
2.4592020993837784e6	-0.22776877163048306
2.4592021016985932e6	-0.22641048940154962
2.4592021040134076e6	-0.22505092869595383
2.4592021063282224e6	-0.22369009664540385
2.4592021086430373e6	-0.22232800120915064
2.459202110957852e6	-0.22096465008021193
2.459202113272667e6	-0.21960005095869775
2.4592021155874818e6	-0.2182342115517665
2.4592021179022966e6	-0.21686713957358167
2.4592021202171114e6	-0.21549884274526826
2.4592021225319263e6	-0.21412932879486907
2.459202124846741e6	-0.21275860545730121
2.459202127161556e6	-0.21138668047431228
2.4592021294763708e6	-0.21001356159443665
2.4592021317911856e6	-0.2086392565729518
2.4592021341060004e6	-0.20726377317183436
2.4592021364208153e6	-0.20588711915971647
2.45920213873563e6	-0.20450930231184175
2.459202141050445e6	-0.2031303304100213
2.4592021433652597e6	-0.20175021124259027
2.4592021456800746e6	-0.20036895260436313
2.4592021479948894e6	-0.1989865622965901
2.4592021503097042e6	-0.19760304812691293
2.459202152624519e6	-0.19621841790932096
2.459202154939334e6	-0.1948326794641069
2.4592021572541487e6	-0.1934458406178225
2.4592021595689636e6	-0.19205790920323468
2.4592021618837784e6	-0.190668893059281
2.4592021641985932e6	-0.1892788000310255
2.4592021665134076e6	-0.18788763824957555
2.4592021688282224e6	-0.18649541501240566
2.4592021711430373e6	-0.18510213846244003
2.459202173457852e6	-0.1837078164688054
2.459202175772667e6	-0.18231245690653294
2.4592021780874818e6	-0.18091606765651366
2.4592021804022966e6	-0.1795186566054545
2.4592021827171114e6	-0.17812023164583335
2.4592021850319263e6	-0.1767208006758546
2.459202187346741e6	-0.1753203715994045
2.459202189661556e6	-0.17391895232600652
2.4592021919763708e6	-0.1725165507707767
2.4592021942911856e6	-0.17111317485437902
2.4592021966060004e6	-0.16970883250298044
2.4592021989208153e6	-0.16830353164820616
2.45920220123563e6	-0.16689728022709557
2.459202203550445e6	-0.16549008618205607
2.4592022058652597e6	-0.16408195746081924
2.4592022081800746e6	-0.16267290201639562
2.4592022104948894e6	-0.16126292780702983
2.4592022128097042e6	-0.15985204279615553
2.459202215124519e6	-0.15844025495235065
2.459202217439334e6	-0.15702757224929212
2.4592022197541487e6	-0.1556140026657111
2.4592022220689636e6	-0.15419955418534767
2.4592022243837784e6	-0.15278423479690595
2.4592022266985932e6	-0.15136805249400884
2.4592022290134076e6	-0.14995101556029747
2.4592022313282224e6	-0.1485331314289774
2.4592022336430373e6	-0.1471144083931304
2.459202235957852e6	-0.14569485446560287
2.459202238272667e6	-0.14427447766393425
2.4592022405874818e6	-0.14285328601031122
2.4592022429022966e6	-0.1414312875315229
2.4592022452171114e6	-0.14000849025891512
2.4592022475319263e6	-0.13858490222834546
2.459202249846741e6	-0.13716053148013752
2.459202252161556e6	-0.1357353860590355
2.4592022544763708e6	-0.13430947401415924
2.4592022567911856e6	-0.13288280339895808
2.4592022591060004e6	-0.13145538227116574
2.4592022614208153e6	-0.1300272186927552
2.45920226373563e6	-0.12859832072989227
2.459202266050445e6	-0.1271686964528907
2.4592022683652597e6	-0.1257383539361663
2.4592022706800746e6	-0.12430730125819166
2.4592022729948894e6	-0.12287554650145009
2.4592022753097042e6	-0.12144309775239036
2.459202277624519e6	-0.12000996310138073
2.459202279939334e6	-0.11857615064266347
2.4592022822541487e6	-0.117141668474309
2.4592022845689636e6	-0.11570652469817026
2.4592022868837784e6	-0.11427072741983677
2.4592022891985932e6	-0.11283428474858931
2.4592022915134076e6	-0.11139720508650822
2.4592022938282224e6	-0.1099594959719348
2.4592022961430373e6	-0.1085211658139749
2.459202298457852e6	-0.10708222273621458
2.459202300772667e6	-0.10564267486570167
2.4592023030874818e6	-0.10420253033289983
2.4592023054022966e6	-0.1027617972716426
2.4592023077171114e6	-0.1013204838190875
2.4592023100319263e6	-0.09987859811567004
2.459202312346741e6	-0.09843614830505781
2.459202314661556e6	-0.09699314253410438
2.4592023169763708e6	-0.09554958895280327
2.4592023192911856e6	-0.09410549571424232
2.4592023216060004e6	-0.09266087097455697
2.4592023239208153e6	-0.09121572289288471
2.45920232623563e6	-0.08977005963131869
2.459202328550445e6	-0.08832388935486193
2.4592023308652597e6	-0.0868772202313809
2.4592023331800746e6	-0.08543006043155961
2.4592023354948894e6	-0.08398241812885329
2.4592023378097042e6	-0.08253430149944242
2.459202340124519e6	-0.08108571872218638
2.459202342439334e6	-0.07963667797857726
2.4592023447541487e6	-0.07818718745269385
2.4592023470689636e6	-0.07673725533115502
2.4592023493837784e6	-0.07528688980307421
2.4592023516985932e6	-0.07383609906001229
2.4592023540134076e6	-0.07238489158790645
2.4592023563282224e6	-0.07093327499920682
2.4592023586430373e6	-0.06948125778443182
2.459202360957852e6	-0.06802884814447104
2.459202363272667e6	-0.06657605428243049
2.4592023655874818e6	-0.06512288440358628
2.4592023679022966e6	-0.06366934671533814
2.4592023702171114e6	-0.062215449427163214
2.4592023725319263e6	-0.060761200750569636
2.459202374846741e6	-0.05930660889905017
2.459202377161556e6	-0.05785168208803564
2.4592023794763708e6	-0.05639642853484913
2.4592023817911856e6	-0.05494085645865873
2.4592023841060004e6	-0.05348497408043165
2.4592023864208153e6	-0.05202878962288767
2.45920238873563e6	-0.05057231131045268
2.459202391050445e6	-0.04911554736921229
2.4592023933652597e6	-0.04765850602686525
2.4592023956800746e6	-0.04620119551267709
2.4592023979948894e6	-0.04474362405743363
2.4592024003097042e6	-0.04328579989339439
2.459202402624519e6	-0.04182773125424626
2.459202404939334e6	-0.04036942637505671
2.4592024072541487e6	-0.0389108934922279
2.4592024095689636e6	-0.03745214084344935
2.4592024118837784e6	-0.03599317666765191
2.4592024141985932e6	-0.034534009204961136
2.4592024165134076e6	-0.033074646990243435
2.4592024188282224e6	-0.03161509767872545
2.4592024211430373e6	-0.03015536980739185
2.459202423457852e6	-0.028695471620681475
2.459202425772667e6	-0.027235411363995102
2.4592024280874818e6	-0.02577519728364887
2.4592024304022966e6	-0.024314837626827717
2.4592024327171114e6	-0.022854340641538753
2.4592024350319263e6	-0.021393714576564613
2.459202437346741e6	-0.019932967681417342
2.459202439661556e6	-0.018472108206291023
2.4592024419763708e6	-0.017011144402015736
2.4592024442911856e6	-0.015550084520010788
2.4592024466060004e6	-0.01408893681223813
2.4592024489208153e6	-0.01262770953115575
2.45920245123563e6	-0.011166410929671057
2.459202453550445e6	-0.009705049261094268
2.4592024558652597e6	-0.008243632779091807
2.4592024581800746e6	-0.006782169737639683
2.4592024604948894e6	-0.0053206683909768565
2.4592024628097042e6	-0.003859136993558643
2.459202465124519e6	-0.0023975838000099424
2.459202467439334e6	-0.000936017065079169
2.4592024697541487e6	0.0005255549564091938
2.4592024720689636e6	0.001987124009600667
2.4592024743837784e6	0.0034486818396575352
2.4592024766985932e6	0.004910220191805473
2.4592024790134076e6	0.006371730517377737
2.4592024813282224e6	0.00783320514987956
2.4592024836430373e6	0.00929463554099768
2.459202485957852e6	0.010756013436677533
2.459202488272667e6	0.012217330583161047
2.4592024905874818e6	0.01367857872703326
2.4592024929022966e6	0.015139749615269068
2.4592024952171114e6	0.01660083499527929
2.4592024975319263e6	0.0180618266149581
2.459202499846741e6	0.01952271622272909
2.459202502161556e6	0.020983495567592
2.4592025044763708e6	0.02244415639916934
2.4592025067911856e6	0.02390469046775295
2.4592025091060004e6	0.02536508952435065
2.4592025114208153e6	0.026825345320732778
2.45920251373563e6	0.028285449609478805
2.459202516050445e6	0.0297453941440239
2.4592025183652597e6	0.031205170678705495
2.4592025206800746e6	0.032664770968809924
2.4592025229948894e6	0.03412418677061902
2.4592025253097042e6	0.03558340984145623
2.459202527624519e6	0.037042431939733875
2.459202529939334e6	0.038501244824999295
2.4592025322541487e6	0.03995984025798141
2.4592025345689636e6	0.04141821000063729
2.4592025368837784e6	0.04287634581619871
2.4592025391985932e6	0.04433423946921864
2.4592025415134076e6	0.04579188243241569
2.4592025438282224e6	0.047249267059581754
2.4592025461430373e6	0.04870638482625917
2.459202548457852e6	0.05016322750275081
2.459202550772667e6	0.05161978686091316
2.4592025530874818e6	0.05307605467420308
2.4592025554022966e6	0.05453202271772358
2.4592025577171114e6	0.05598768276827121
2.4592025600319263e6	0.057443026604381844
2.459202562346741e6	0.058898046006377394
2.459202564661556e6	0.060352732756412064
2.4592025669763708e6	0.061807078638518934
2.4592025692911856e6	0.06326107543865622
2.4592025716060004e6	0.06471471494475377
2.4592025739208153e6	0.06616798894675938
2.45920257623563e6	0.06762088923668519
2.459202578550445e6	0.06907340760865403
2.4592025808652597e6	0.07052553585894594
2.4592025831800746e6	0.07197726578604392
2.4592025854948894e6	0.07342858919068104
2.4592025878097042e6	0.07487949787588631
2.459202590124519e6	0.07632998364703102
2.459202592439334e6	0.07778003831187502
2.4592025947541487e6	0.07922965368061304
2.4592025970689636e6	0.08067882156592093
2.4592025993837784e6	0.08212753378300189
2.4592026016985932e6	0.0835757821496327
2.4592026040134076e6	0.08502355819501504
2.4592026063282224e6	0.08647085432469867
2.4592026086430373e6	0.08791766207316767
2.459202610957852e6	0.08936397326895522
2.459202613272667e6	0.09080977974339868
2.4592026155874818e6	0.09225507333068637
2.4592026179022966e6	0.09369984586790324
2.4592026202171114e6	0.09514408919507711
2.4592026225319263e6	0.09658779515522473
2.459202624846741e6	0.09803095559439783
2.459202627161556e6	0.09947356236172926
2.4592026294763708e6	0.10091560730947895
2.4592026317911856e6	0.10235708229307992
2.4592026341060004e6	0.10379797917118434
2.4592026364208153e6	0.10523828980570948
2.45920263873563e6	0.10667800606188363
2.459202641050445e6	0.10811711980829225
2.4592026433652597e6	0.10955562291692333
2.4592026456800746e6	0.11099350726321407
2.4592026479948894e6	0.1124307647260964
2.4592026503097042e6	0.11386738718804261
2.459202652624519e6	0.11530336653511161
2.459202654939334e6	0.11673869465699452
2.4592026572541487e6	0.11817336344706052
2.4592026595689636e6	0.11960736480240267
2.4592026618837784e6	0.1210406906238836
2.4592026641985932e6	0.12247333281618145
2.4592026665134076e6	0.12390528299984611
2.4592026688282224e6	0.1253365336634434
2.4592026711430373e6	0.1267670764352428
2.459202673457852e6	0.12819690323564048
2.459202675772667e6	0.1296260059890769
2.4592026780874818e6	0.13105437662408165
2.4592026804022966e6	0.1324820070733193
2.4592026827171114e6	0.13390888927363495
2.4592026850319263e6	0.13533501516609978
2.459202687346741e6	0.1367603766960565
2.459202689661556e6	0.13818496581316492
2.4592026919763708e6	0.13960877447144737
2.4592026942911856e6	0.1410317946293341
2.4592026966060004e6	0.14245401824970885
2.4592026989208153e6	0.14387543729995422
2.45920270123563e6	0.14529604375199662
2.459202703550445e6	0.14671582958235224
2.4592027058652597e6	0.14813478677217212
2.4592027081800746e6	0.14955290730728726
2.4592027104948894e6	0.15097018317825409
2.4592027128097042e6	0.1523866063803996
2.459202715124519e6	0.1538021689138666
2.459202717439334e6	0.15521686278365904
2.4592027197541487e6	0.15663067999968674
2.4592027220689636e6	0.15804361257681102
2.4592027243837784e6	0.1594556525348895
2.4592027266985932e6	0.16086679189882133
2.4592027290134076e6	0.16227702241499403
2.4592027313282224e6	0.16368633668590582
2.4592027336430373e6	0.1650947264680687
2.459202735957852e6	0.16650218380699774
2.459202738272667e6	0.1679087007534743
2.4592027405874818e6	0.169314269363591
2.4592027429022966e6	0.17071888169879668
2.4592027452171114e6	0.1721225298259411
2.4592027475319263e6	0.1735252058173198
2.459202749846741e6	0.17492690175071884
2.459202752161556e6	0.1763276097094596
2.4592027544763708e6	0.1777273217824436
2.4592027567911856e6	0.17912603006419683
2.4592027591060004e6	0.18052372665491487
2.4592027614208153e6	0.1819204036605069
2.45920276373563e6	0.1833160531926409
2.459202766050445e6	0.184710667368788
2.4592027683652597e6	0.1861042383122668
2.4592027706800746e6	0.18749675815228814
2.4592027729948894e6	0.18888821902399922
2.4592027753097042e6	0.1902786130685284
2.459202777624519e6	0.19166793243302935
2.459202779939334e6	0.19305616927072536
2.4592027822541487e6	0.19444331574095394
2.4592027845689636e6	0.19582936400921072
2.4592027868837784e6	0.19721430624719413
2.4592027891985932e6	0.19859813463284906
2.4592027915134076e6	0.19998084107237185
2.4592027938282224e6	0.20136241831264112
2.4592027961430373e6	0.20274285827234106
2.459202798457852e6	0.20412215315484533
2.459202800772667e6	0.2055002951699948
2.4592028030874818e6	0.2068772765341417
2.4592028054022966e6	0.20825308947019358
2.4592028077171114e6	0.20962772620765716
2.4592028100319263e6	0.21100117898268222
2.459202812346741e6	0.2123734400381055
2.459202814661556e6	0.2137445016234945
2.4592028169763708e6	0.21511435599519133
2.4592028192911856e6	0.21648299541635604
2.4592028216060004e6	0.21785041215701093
2.4592028239208153e6	0.21921659849408384
2.45920282623563e6	0.22058154671145183
2.459202828550445e6	0.22194524909998473
2.4592028308652597e6	0.22330769795758884
2.4592028331800746e6	0.22466888558925022
2.4592028354948894e6	0.22602880430707822
2.4592028378097042e6	0.22738744643034903
2.459202840124519e6	0.22874480428554878
2.459202842439334e6	0.23010087020641726
2.4592028447541487e6	0.23145563653399093
2.4592028470689636e6	0.23280909561664637
2.4592028493837784e6	0.23416123981014292
2.4592028516985932e6	0.23551206147766685
2.4592028540134076e6	0.23686155271853676
2.4592028563282224e6	0.23820970645386477
2.4592028586430373e6	0.23955651479776954
2.459202860957852e6	0.24090197014357353
2.459202863272667e6	0.24224606489224104
2.4592028655874818e6	0.24358879145242077
2.4592028679022966e6	0.244930142240489
2.4592028702171114e6	0.2462701096805921
2.4592028725319263e6	0.2476086862046897
2.459202874846741e6	0.24894586425259704
2.459202877161556e6	0.25028163627202804
2.4592028794763708e6	0.2516159947186375
2.4592028817911856e6	0.25294893205606417
2.4592028841060004e6	0.25428044075597306
2.4592028864208153e6	0.25561051329809825
2.45920288873563e6	0.25693914217028463
2.459202891050445e6	0.2582663198685314
2.4592028933652597e6	0.25959203889703353
2.4592028956800746e6	0.2609162917682245
2.4592028979948894e6	0.2622390710028187
2.4592029003097042e6	0.26356036912985326
2.459202902624519e6	0.2648801786867308
2.459202904939334e6	0.26619849221926106
2.4592029072541487e6	0.26751530228170334
2.4592029095689636e6	0.2688306014368082
2.4592029118837784e6	0.2701443822558601
2.4592029141985932e6	0.27145663731871855
2.4592029165134076e6	0.2727673589503433
2.4592029188282224e6	0.274076540275216
2.4592029211430373e6	0.2753841736353475
2.459202923457852e6	0.27669025164531785
2.459202925772667e6	0.27799476692849145
2.4592029280874818e6	0.27929771211705934
2.4592029304022966e6	0.28059907985208005
2.4592029327171114e6	0.28189886278352133
2.4592029350319263e6	0.283197053570302
2.459202937346741e6	0.2844936448803332
2.459202939661556e6	0.28578862939055966
2.4592029419763708e6	0.28708199978700133
2.4592029442911856e6	0.28837374876479444
2.4592029466060004e6	0.28966386902823293
2.4592029489208153e6	0.29095235329081
2.45920295123563e6	0.29223919427525785
2.459202953550445e6	0.2935243847135907
2.4592029558652597e6	0.29480791734714484
2.4592029581800746e6	0.2960897849266193
2.4592029604948894e6	0.2973699802121176
2.4592029628097042e6	0.29864849597318804
2.459202965124519e6	0.29992532498886487
2.459202967439334e6	0.301200460047709
2.4592029697541487e6	0.3024738939478486
2.4592029720689636e6	0.3037456194970197
2.4592029743837784e6	0.3050156295126074
2.4592029766985932e6	0.3062839168216856
2.4592029790134076e6	0.30755047400644486
2.4592029813282224e6	0.30881529442303574
2.4592029836430373e6	0.31007837067288097
2.459202985957852e6	0.3113396956222159
2.459202988272667e6	0.3125992621471673
2.4592029905874818e6	0.3138570631337933
2.4592029929022966e6	0.31511309147812366
2.4592029952171114e6	0.31636734008619993
2.4592029975319263e6	0.3176198018741155
2.459202999846741e6	0.31887046976805555
2.459203002161556e6	0.320119336704337
2.4592030044763708e6	0.32136639562944863
2.4592030067911856e6	0.32261163950009053
2.4592030091060004e6	0.3238550612832143
2.4592030114208153e6	0.3250966539560623
2.45920301373563e6	0.32633641050620776
2.459203016050445e6	0.3275743239315941
2.4592030183652597e6	0.3288103872405747
2.4592030206800746e6	0.33004459345195236
2.4592030229948894e6	0.33127693559501814
2.4592030253097042e6	0.3325074067095918
2.459203027624519e6	0.3337359998460603
2.459203029939334e6	0.33496270806541695
2.4592030322541487e6	0.33618752443930167
2.4592030345689636e6	0.33741044205003884
2.4592030368837784e6	0.3386314539906772
2.4592030391985932e6	0.33985055336502806
2.4592030415134076e6	0.341067733043044
2.4592030438282224e6	0.34228298663989065
2.4592030461430373e6	0.3434963070468542
2.459203048457852e6	0.34470768741118757
2.459203050772667e6	0.3459171208911009
2.4592030530874818e6	0.3471246006558002
2.4592030554022966e6	0.3483301198855259
2.4592030577171114e6	0.3495336717715915
2.4592030600319263e6	0.35073524951642177
2.459203062346741e6	0.3519348463335914
2.459203064661556e6	0.35313245544786304
2.4592030669763708e6	0.3543280700952262
2.4592030692911856e6	0.35552168352293434
2.4592030716060004e6	0.356713288989544
2.4592030739208153e6	0.3579028797649526
2.45920307623563e6	0.35909044913043653
2.459203078550445e6	0.36027599037868846
2.4592030808652597e6	0.36145949681385614
2.4592030831800746e6	0.3626409617515798
2.4592030854948894e6	0.3638203785190296
2.4592030878097042e6	0.3649977404549439
2.459203090124519e6	0.36617304090966635
2.459203092439334e6	0.36734627324518415
2.4592030947541487e6	0.3685174308351646
2.4592030970689636e6	0.3696865070649931
2.4592030993837784e6	0.37085349533181083
2.4592031016985932e6	0.37201838904455115
2.4592031040134076e6	0.3731811813902754
2.4592031063282224e6	0.3743418662694429
2.4592031086430373e6	0.3755004368924629
2.459203110957852e6	0.3766568867158112
2.459203113272667e6	0.3778112092079416
2.4592031155874818e6	0.3789633978493232
2.4592031179022966e6	0.38011344613247666
2.4592031202171114e6	0.3812613475620115
2.4592031225319263e6	0.38240709565466224
2.459203124846741e6	0.38355068393932534
2.459203127161556e6	0.38469210595709596
2.4592031294763708e6	0.38583135526130385
2.4592031317911856e6	0.3869684254175503
2.4592031341060004e6	0.3881033100037442
2.4592031364208153e6	0.3892360026101384
2.45920313873563e6	0.39036649683936586
2.459203141050445e6	0.3914947863064759
2.4592031433652597e6	0.39262086463897006
2.4592031456800746e6	0.3937447254768383
2.4592031479948894e6	0.3948663624725948
2.4592031503097042e6	0.39598576929131396
2.459203152624519e6	0.39710293961066573
2.459203154939334e6	0.39821786712095225
2.4592031572541487e6	0.399330545525142
2.4592031595689636e6	0.40044096853890704
2.4592031618837784e6	0.40154912989065733
2.4592031641985932e6	0.40265502332157677
2.4592031665134076e6	0.40375864236387676
2.4592031688282224e6	0.4048599812284163
2.4592031711430373e6	0.40595903347267304
2.459203173457852e6	0.40705579288927807
2.459203175772667e6	0.4081502532838124
2.4592031780874818e6	0.409242408474842
2.4592031804022966e6	0.41033225229395226
2.4592031827171114e6	0.41141977858578294
2.4592031850319263e6	0.41250498120806345
2.459203187346741e6	0.41358785403164644
2.459203189661556e6	0.41466839094054364
2.4592031919763708e6	0.41574658583195956
2.4592031942911856e6	0.41682243261632673
2.4592031966060004e6	0.417895925217339
2.4592031989208153e6	0.4189670575719868
2.45920320123563e6	0.4200358236305911
2.459203203550445e6	0.42110221735683745
2.4592032058652597e6	0.4221662327278102
2.4592032081800746e6	0.4232278637340263
2.4592032104948894e6	0.4242871043794699
2.4592032128097042e6	0.4253439486816252
2.459203215124519e6	0.42639839067151103
2.459203217439334e6	0.4274504243937143
2.4592032197541487e6	0.42850004390642366
2.4592032220689636e6	0.42954724328146277
2.4592032243837784e6	0.43059201660432467
2.4592032266985932e6	0.43163435797420385
2.4592032290134076e6	0.43267426129508363
2.4592032313282224e6	0.4337117211120496
2.4592032336430373e6	0.4347467313561646
2.459203235957852e6	0.43577928618176454
2.459203238272667e6	0.4368093797570536
2.4592032405874818e6	0.43783700626413646
2.4592032429022966e6	0.4388621598990523
2.4592032452171114e6	0.43988483487180635
2.4592032475319263e6	0.4409050254064033
2.459203249846741e6	0.44192272574088004
2.459203252161556e6	0.4429379301273375
2.4592032544763708e6	0.4439506328319737
2.4592032567911856e6	0.4449608281351164
2.4592032591060004e6	0.4459685103312542
2.4592032614208153e6	0.44697367372907004
2.45920326373563e6	0.44797631265147303
2.459203266050445e6	0.44897642143562977
2.4592032683652597e6	0.4499739944329975
2.4592032706800746e6	0.4509690260093549
2.4592032729948894e6	0.4519615105448348
2.4592032753097042e6	0.45295144243395524
2.459203277624519e6	0.4539388160856516
2.459203279939334e6	0.45492362592330776
2.4592032822541487e6	0.4559058663847885
2.4592032845689636e6	0.4568855319224693
2.4592032868837784e6	0.45786261700326936
2.4592032891985932e6	0.4588371161086819
2.4592032915134076e6	0.45980902353955183
2.4592032938282224e6	0.46077833419764436
2.4592032961430373e6	0.4617450424125866
2.459203298457852e6	0.46270914272447977
2.459203300772667e6	0.4636706296881538
2.4592033030874818e6	0.46462949787319924
2.4592033054022966e6	0.4655857418639966
2.4592033077171114e6	0.46653935625974824
2.4592033100319263e6	0.46749033567450826
2.459203312346741e6	0.4684386747372126
2.459203314661556e6	0.46938436809171
2.4592033169763708e6	0.4703274103967918
2.4592033192911856e6	0.4712677963262225
2.4592033216060004e6	0.4722055205687694
2.4592033239208153e6	0.47314057782823293
2.45920332623563e6	0.4740729628234762
2.459203328550445e6	0.4750026702884555
2.4592033308652597e6	0.47592969497224946
2.4592033331800746e6	0.4768540316390886
2.4592033354948894e6	0.4777756750683856
2.4592033378097042e6	0.4786946200547641
2.459203340124519e6	0.4796108614080883
2.459203342439334e6	0.48052439395349256
2.4592033447541487e6	0.48143521253141003
2.4592033470689636e6	0.4823433119976025
2.4592033493837784e6	0.48324868722318903
2.4592033516985932e6	0.48415133309467495
2.4592033540134076e6	0.48505124433322494
2.4592033563282224e6	0.4859484162182668
2.4592033586430373e6	0.4868428435013312
2.459203360957852e6	0.48773452113075705
2.459203363272667e6	0.4886234440704122
2.4592033655874818e6	0.48950960729972376
2.4592033679022966e6	0.4903930058137048
2.4592033702171114e6	0.49127363462298357
2.4592033725319263e6	0.4921514887538316
2.459203374846741e6	0.49302656324819116
2.459203377161556e6	0.4938988531637041
2.4592033794763708e6	0.49476835357373905
2.4592033817911856e6	0.49563505956741993
2.4592033841060004e6	0.49649896624965306
2.4592033864208153e6	0.49736006874115524
2.45920338873563e6	0.49821836217848087
2.459203391050445e6	0.4990738417140501
2.4592033933652597e6	0.49992650251617526
2.4592033956800746e6	0.5007763397690892
2.4592033979948894e6	0.5016233486729718
2.4592034003097042e6	0.502467524443977
2.459203402624519e6	0.5033088623142603
2.459203404939334e6	0.5041473575320057
2.4592034072541487e6	0.5049830053614518
2.4592034095689636e6	0.5058158010829196
2.4592034118837784e6	0.5066457399928378
2.4592034141985932e6	0.507472817403771
2.4592034165134076e6	0.5082970284789307
2.4592034188282224e6	0.5091183688948371
2.4592034211430373e6	0.5099368338465271
2.459203423457852e6	0.5107524187113686
2.459203425772667e6	0.5115651188829967
2.4592034280874818e6	0.5123749297713389
2.4592034304022966e6	0.5131818468026409
2.4592034327171114e6	0.513985865419493
2.4592034350319263e6	0.5147869810808555
2.459203437346741e6	0.5155851892620843
2.459203439661556e6	0.5163804854549564
2.4592034419763708e6	0.5171728651676958
2.4592034442911856e6	0.5179623239249983
2.4592034466060004e6	0.5187488572680573
2.4592034489208153e6	0.5195324607545887
2.45920345123563e6	0.5203131299588555
2.459203453550445e6	0.5210908604716942
2.4592034558652597e6	0.521865647900538
2.4592034581800746e6	0.5226374878694433
2.4592034604948894e6	0.5234063760191124
2.4592034628097042e6	0.5241723080069204
2.459203465124519e6	0.5249352795069379
2.459203467439334e6	0.5256952862099562
2.4592034697541487e6	0.5264523238235119
2.4592034720689636e6	0.5272063880719104
2.4592034743837784e6	0.5279574746962508
2.4592034766985932e6	0.5287055794544492
2.4592034790134076e6	0.529450697971672
2.4592034813282224e6	0.5301928263393271
2.4592034836430373e6	0.5309319602157339
2.459203485957852e6	0.5316680954263167
2.459203488272667e6	0.5324012278134366
2.4592034905874818e6	0.5331313532364141
2.4592034929022966e6	0.5338584675715532
2.4592034952171114e6	0.5345825667121636
2.4592034975319263e6	0.5353036465685853
2.459203499846741e6	0.5360217030682106
2.459203502161556e6	0.5367367321555078
2.4592035044763708e6	0.5374487297920434
2.4592035067911856e6	0.5381576919565056
2.4592035091060004e6	0.538863614644727
2.4592035114208153e6	0.5395664938697062
2.45920351373563e6	0.5402663256616317
2.459203516050445e6	0.5409631060679034
2.4592035183652597e6	0.5416568311531555
2.4592035206800746e6	0.542347496999278
2.4592035229948894e6	0.5430350997054395
2.4592035253097042e6	0.5437196353881092
2.459203527624519e6	0.5444011001810781
2.459203529939334e6	0.545079490235482
2.4592035322541487e6	0.5457548017198219
2.4592035345689636e6	0.546427030819987
2.4592035368837784e6	0.5470961737392753
2.4592035391985932e6	0.5477622266984153
2.4592035415134076e6	0.5484251858025343
2.4592035438282224e6	0.5490850475740157
2.4592035461430373e6	0.549741808152331
2.459203548457852e6	0.5503954638281437
2.459203550772667e6	0.5510460109096534
2.4592035530874818e6	0.5516934457226161
2.4592035554022966e6	0.5523377646103664
2.4592035577171114e6	0.5529789639338373
2.4592035600319263e6	0.5536170400715807
2.459203562346741e6	0.5542519894197879
2.459203564661556e6	0.5548838083923106
2.4592035669763708e6	0.5555124934206803
2.4592035692911856e6	0.5561380409541287
2.4592035716060004e6	0.5567604474596077
2.4592035739208153e6	0.5573797094218104
2.45920357623563e6	0.557995823343189
2.459203578550445e6	0.5586087857439761
2.4592035808652597e6	0.5592185931622039
2.4592035831800746e6	0.5598252421537235
2.4592035854948894e6	0.5604287292922249
2.4592035878097042e6	0.5610290511692555
2.459203590124519e6	0.5616262043942405
2.459203592439334e6	0.5622201855945007
2.4592035947541487e6	0.562810991415273
2.4592035970689636e6	0.5633986185197284
2.4592035993837784e6	0.5639830635889905
2.4592036016985932e6	0.5645643233221553
2.4592036040134076e6	0.5651423943203427
2.4592036063282224e6	0.5657172735512245
2.4592036086430373e6	0.566288957651315
2.459203610957852e6	0.5668574433917833
2.459203613272667e6	0.5674227275618626
2.4592036155874818e6	0.567984806968868
2.4592036179022966e6	0.5685436784382153
2.4592036202171114e6	0.5690993388134383
2.4592036225319263e6	0.5696517849562068
2.459203624846741e6	0.5702010137463444
2.459203627161556e6	0.5707470220818461
2.4592036294763708e6	0.5712898068788959
2.4592036317911856e6	0.5718293650718836
2.4592036341060004e6	0.5723656936134236
2.4592036364208153e6	0.5728987894743702
2.45920363873563e6	0.5734286496438361
2.459203641050445e6	0.5739552711292089
2.4592036433652597e6	0.574478650956168
2.4592036456800746e6	0.5749987861687015
2.4592036479948894e6	0.5755156738291229
2.4592036503097042e6	0.5760293110180874
2.459203652624519e6	0.576539694834609
2.459203654939334e6	0.5770468223960762
2.4592036572541487e6	0.5775506908382688
2.4592036595689636e6	0.5780512973153737
2.4592036618837784e6	0.5785486390000016
2.4592036641985932e6	0.5790427130832017
2.4592036665134076e6	0.5795335166760753
2.4592036688282224e6	0.5800210472040643
2.4592036711430373e6	0.5805053018145692
2.459203673457852e6	0.5809862777725545
2.459203675772667e6	0.5814639723615024
2.4592036780874818e6	0.5819383828834277
2.4592036804022966e6	0.582409506658894
2.4592036827171114e6	0.5828773410270275
2.4592036850319263e6	0.5833418833455334
2.459203687346741e6	0.5838031309907095
2.459203689661556e6	0.5842610813574622
2.4592036919763708e6	0.5847157318593205
2.4592036942911856e6	0.5851670799284507
2.4592036966060004e6	0.5856151230156713
2.4592036989208153e6	0.5860598585904667
2.45920370123563e6	0.5865012841410023
2.459203703550445e6	0.5869393971741381
2.4592037058652597e6	0.5873741952154429
2.4592037081800746e6	0.5878056758092082
2.4592037104948894e6	0.5882338365184625
2.4592037128097042e6	0.5886586749249849
2.459203715124519e6	0.5890801886293181
2.459203717439334e6	0.5894983752507829
2.4592037197541487e6	0.5899132324274913
2.4592037220689636e6	0.5903247578163591
2.4592037243837784e6	0.5907329490931205
2.4592037266985932e6	0.5911378039523406
2.4592037290134076e6	0.5915393200269923
2.4592037313282224e6	0.5919374952108841
2.4592037336430373e6	0.5923323271740439
2.459203735957852e6	0.592723813686489
2.459203738272667e6	0.5931119525371311
2.4592037405874818e6	0.5934967415337902
2.4592037429022966e6	0.5938781785032051
2.4592037452171114e6	0.5942562612910472
2.4592037475319263e6	0.594630987761932
2.459203749846741e6	0.595002355799431
2.459203752161556e6	0.5953703633060838
2.4592037544763708e6	0.5957350082034106
2.4592037567911856e6	0.596096288431923
2.4592037591060004e6	0.596454201951136
2.4592037614208153e6	0.5968087467395795
2.45920376373563e6	0.5971599207948098
2.459203766050445e6	0.5975077221334211
2.4592037683652597e6	0.5978521487910562
2.4592037706800746e6	0.598193198822418
2.4592037729948894e6	0.5985308703012797
2.4592037753097042e6	0.5988651613204977
2.459203777624519e6	0.5991960699920197
2.459203779939334e6	0.5995235944468972
2.4592037822541487e6	0.5998477328352955
2.4592037845689636e6	0.600168483326504
2.4592037868837784e6	0.600485844108947
2.4592037891985932e6	0.6007998133901934
2.4592037915134076e6	0.6011103893348312
2.4592037938282224e6	0.6014175703137041
2.4592037961430373e6	0.6017213545290573
2.459203798457852e6	0.602021740265139
2.459203800772667e6	0.6023187258253924
2.4592038030874818e6	0.6026123095324639
2.4592038054022966e6	0.6029024897282137
2.4592038077171114e6	0.603189264773725
2.4592038100319263e6	0.6034726330493126
2.459203812346741e6	0.6037525929545329
2.459203814661556e6	0.6040291429081919
2.4592038169763708e6	0.6043022813483557
2.4592038192911856e6	0.6045720067323577
2.4592038216060004e6	0.6048383175368081
2.4592038239208153e6	0.6051012122576024
2.45920382623563e6	0.6053606894099303
2.459203828550445e6	0.605616747528283
2.4592038308652597e6	0.6058693851664628
2.4592038331800746e6	0.6061186008975904
2.4592038354948894e6	0.6063643933141126
2.4592038378097042e6	0.6066067610278121
2.459203840124519e6	0.6068457026698127
2.459203842439334e6	0.6070812168905895
2.4592038447541487e6	0.6073133023599748
2.4592038470689636e6	0.6075419577671665
2.4592038493837784e6	0.6077671818207351
2.4592038516985932e6	0.6079889732486313
2.4592038540134076e6	0.6082073307546123
2.4592038563282224e6	0.6084222531932626
2.4592038586430373e6	0.608633739306444
2.459203860957852e6	0.6088417878996983
2.459203863272667e6	0.6090463977979816
2.4592038655874818e6	0.609247567845672
2.4592038679022966e6	0.6094452969065751
2.4592038702171114e6	0.6096395838639318
2.4592038725319263e6	0.6098304276204228
2.459203874846741e6	0.6100178270981763
2.459203877161556e6	0.6102017812387734
2.4592038794763708e6	0.6103822890032543
2.4592038817911856e6	0.6105593493721242
2.4592038841060004e6	0.6107329613453583
2.4592038864208153e6	0.6109031239424091
2.45920388873563e6	0.6110698362022099
2.459203891050445e6	0.6112330971831821
2.4592038933652597e6	0.6113929059632391
2.4592038956800746e6	0.6115492616397927
2.4592038979948894e6	0.6117021633297568
2.4592039003097042e6	0.6118516101695537
2.459203902624519e6	0.6119976013151183
2.459203904939334e6	0.6121401359419031
2.4592039072541487e6	0.6122792132448825
2.4592039095689636e6	0.6124148324385582
2.4592039118837784e6	0.6125469927569623
2.4592039141985932e6	0.6126756934536628
2.4592039165134076e6	0.6128009337769216
2.4592039188282224e6	0.6129227130697782
2.4592039211430373e6	0.6130410306188897
2.459203923457852e6	0.6131558857560072
2.459203925772667e6	0.6132672778324368
2.4592039280874818e6	0.6133752062190444
2.4592039304022966e6	0.6134796703062579
2.4592039327171114e6	0.6135806695040716
2.4592039350319263e6	0.6136782032420492
2.459203937346741e6	0.6137722709693273
2.459203939661556e6	0.613862872154618
2.4592039419763708e6	0.6139500062862122
2.4592039442911856e6	0.6140336728719826
2.4592039466060004e6	0.6141138714393862
2.4592039489208153e6	0.6141906015354673
2.45920395123563e6	0.6142638627268598
2.459203953550445e6	0.6143336545997898
2.4592039558652597e6	0.6143999767600777
2.4592039581800746e6	0.6144628288331406
2.4592039604948894e6	0.6145222104639946
2.4592039628097042e6	0.6145781213172563
2.459203965124519e6	0.6146305610771454
2.459203967439334e6	0.6146795294474858
2.4592039697541487e6	0.6147250261517077
2.4592039720689636e6	0.6147670509328488
2.4592039743837784e6	0.6148056035535563
2.4592039766985932e6	0.6148406837960875
2.4592039790134076e6	0.614872291456303
2.4592039813282224e6	0.6149004263684014
2.4592039836430373e6	0.6149250883667713
2.459203985957852e6	0.6149462773121231
2.459203988272667e6	0.6149639930847838
2.4592039905874818e6	0.6149782355846954
2.4592039929022966e6	0.6149890047314175
2.4592039952171114e6	0.6149963004641267
2.4592039975319263e6	0.6150001227416173
2.459203999846741e6	0.6150004715423013
2.459204002161556e6	0.6149973468642087
2.4592040044763708e6	0.6149907487249874
2.4592040067911856e6	0.6149806771619032
2.4592040091060004e6	0.6149671322318396
2.4592040114208153e6	0.6149501140112976
2.45920401373563e6	0.6149296225963946
2.459204016050445e6	0.6149056581028649
2.4592040183652597e6	0.6148782206660579
2.4592040206800746e6	0.6148473104409387
2.4592040229948894e6	0.6148129276020858
2.4592040253097042e6	0.6147750723436911
2.459204027624519e6	0.6147337448795585
2.459204029939334e6	0.6146889454431023
2.4592040322541487e6	0.6146406742873466
2.4592040345689636e6	0.6145889316849235
2.4592040368837784e6	0.6145337179280717
2.4592040391985932e6	0.6144750333286342
2.4592040415134076e6	0.6144128782309103
2.4592040438282224e6	0.6143472529609403
2.4592040461430373e6	0.6142781579015256
2.459204048457852e6	0.6142055934429104
2.459204050772667e6	0.6141295599949333
2.4592040530874818e6	0.6140500579870258
2.4592040554022966e6	0.6139670878682096
2.4592040577171114e6	0.6138806501070941
2.4592040600319263e6	0.6137907451918736
2.459204062346741e6	0.6136973736303244
2.459204064661556e6	0.6136005359498027
2.4592040669763708e6	0.6135002326972407
2.4592040692911856e6	0.6133964644391441
2.4592040716060004e6	0.6132892317615883
2.4592040739208153e6	0.6131785352702164
2.45920407623563e6	0.6130643755902336
2.459204078550445e6	0.6129467533664061
2.4592040808652597e6	0.6128256692630558
2.4592040831800746e6	0.6127011239640568
2.4592040854948894e6	0.6125731181728324
2.4592040878097042e6	0.6124416526123498
2.459204090124519e6	0.6123067280251175
2.459204092439334e6	0.6121683451731795
2.4592040947541487e6	0.6120265048381127
2.4592040970689636e6	0.6118812078210211
2.4592040993837784e6	0.6117324549425315
2.4592041016985932e6	0.61158024704279
2.4592041040134076e6	0.611424585013117
2.4592041063282224e6	0.6112654696700528
2.4592041086430373e6	0.6111029019432361
2.459204110957852e6	0.6109368827508378
2.459204113272667e6	0.6107674130305223
2.4592041155874818e6	0.6105944937394426
2.4592041179022966e6	0.6104181258542346
2.4592041202171114e6	0.6102383103710113
2.4592041225319263e6	0.6100550483053578
2.459204124846741e6	0.6098683406923255
2.459204127161556e6	0.6096781885864252
2.4592041294763708e6	0.6094845930616225
2.4592041317911856e6	0.6092875552113315
2.4592041341060004e6	0.6090870761484075
2.4592041364208153e6	0.6088831570051421
2.45920413873563e6	0.6086757989332561
2.459204141050445e6	0.608465003103893
2.4592041433652597e6	0.6082507707076127
2.4592041456800746e6	0.6080331029543844
2.4592041479948894e6	0.60781200107358
2.4592041503097042e6	0.6075874663139673
2.459204152624519e6	0.6073594999437024
2.459204154939334e6	0.6071281032503234
2.4592041572541487e6	0.606893277540742
2.4592041595689636e6	0.6066550241412372
2.4592041618837784e6	0.6064133443974472
2.4592041641985932e6	0.606168239674362
2.4592041665134076e6	0.605919711406655
2.4592041688282224e6	0.6056677608980056
2.4592041711430373e6	0.6054123896210634
2.459204173457852e6	0.6051535990181469
2.459204175772667e6	0.6048913905508873
2.4592041780874818e6	0.604625765700219
2.4592041804022966e6	0.6043567259663724
2.4592041827171114e6	0.6040842728688646
2.4592041850319263e6	0.6038084079464913
2.459204187346741e6	0.6035291327573179
2.459204189661556e6	0.6032464488786708
2.4592041919763708e6	0.6029603579071283
2.4592041942911856e6	0.6026708614585118
2.4592041966060004e6	0.6023779611678766
2.4592041989208153e6	0.6020816586895027
2.45920420123563e6	0.6017819556968853
2.459204203550445e6	0.6014788538827254
2.4592042058652597e6	0.6011723549589204
2.4592042081800746e6	0.6008624606565547
2.4592042104948894e6	0.6005491727258888
2.4592042128097042e6	0.6002324929363508
2.459204215124519e6	0.5999124230765257
2.459204217439334e6	0.5995889649541448
2.4592042197541487e6	0.5992621203960768
2.4592042220689636e6	0.5989318912483163
2.4592042243837784e6	0.5985982793759741
2.4592042266985932e6	0.5982612866632662
2.4592042290134076e6	0.5979209150823142
2.4592042313282224e6	0.5975771664185702
2.4592042336430373e6	0.5972300426816338
2.459204235957852e6	0.5968795458320347
2.459204238272667e6	0.5965256778493545
2.4592042405874818e6	0.5961684407322139
2.4592042429022966e6	0.595807836498263
2.4592042452171114e6	0.5954438671841684
2.4592042475319263e6	0.5950765348456032
2.459204249846741e6	0.5947058415572339
2.459204252161556e6	0.5943317894127101
2.4592042544763708e6	0.5939543805246514
2.4592042567911856e6	0.5935736170246362
2.4592042591060004e6	0.5931895010631899
2.4592042614208153e6	0.5928020348097714
2.45920426373563e6	0.5924112204527633
2.459204266050445e6	0.5920170601994565
2.4592042683652597e6	0.5916195562760403
2.4592042706800746e6	0.5912187109275884
2.4592042729948894e6	0.5908145264180468
2.4592042753097042e6	0.5904070050302207
2.459204277624519e6	0.5899961490657619
2.459204279939334e6	0.5895819608451555
2.4592042822541487e6	0.5891644427077071
2.4592042845689636e6	0.5887435970115291
2.4592042868837784e6	0.5883194261335283
2.4592042891985932e6	0.5878919324693913
2.4592042915134076e6	0.5874611185205708
2.4592042938282224e6	0.5870269865469431
2.4592042961430373e6	0.5865895390867859
2.459204298457852e6	0.5861487786107711
2.459204300772667e6	0.5857047076082825
2.4592043030874818e6	0.5852573285874014
2.4592043054022966e6	0.5848066440748928
2.4592043077171114e6	0.5843526566161904
2.4592043100319263e6	0.5838953687753828
2.459204312346741e6	0.5834347831351997
2.459204314661556e6	0.5829709022969956
2.4592043169763708e6	0.5825037288807361
2.4592043192911856e6	0.5820332655249835
2.4592043216060004e6	0.5815595148868815
2.4592043239208153e6	0.5810824796421397
2.45920432623563e6	0.5806021624850191
2.459204328550445e6	0.5801185661283167
2.4592043308652597e6	0.5796316933033503
2.4592043331800746e6	0.5791415467599428
2.4592043354948894e6	0.5786481292664072
2.4592043378097042e6	0.5781514436095299
2.459204340124519e6	0.5776514925945561
2.459204342439334e6	0.5771482790451736
2.4592043447541487e6	0.5766418058034968
2.4592043470689636e6	0.5761320757300499
2.4592043493837784e6	0.5756190917037523
2.4592043516985932e6	0.5751028566219011
2.4592043540134076e6	0.574583373504984
2.4592043563282224e6	0.5740606450780003
2.4592043586430373e6	0.5735346743974583
2.459204360957852e6	0.573005464434003
2.459204363272667e6	0.5724730181765743
2.4592043655874818e6	0.571937338632391
2.4592043679022966e6	0.5713984288269327
2.4592043702171114e6	0.5708562918039237
2.4592043725319263e6	0.570310930625315
2.459204374846741e6	0.5697623483712676
2.459204377161556e6	0.5692105481401352
2.4592043794763708e6	0.568655533048446
2.4592043817911856e6	0.5680973062308855
2.4592043841060004e6	0.5675358708402791
2.4592043864208153e6	0.5669712300475737
2.45920438873563e6	0.5664033870418202
2.459204391050445e6	0.5658323450301554
2.4592043933652597e6	0.5652581072377841
2.4592043956800746e6	0.5646806769079601
2.4592043979948894e6	0.5641000573019687
2.4592044003097042e6	0.563516251699108
2.459204402624519e6	0.5629292633966705
2.459204404939334e6	0.5623390957099241
2.4592044072541487e6	0.5617457519720939
2.4592044095689636e6	0.5611492355343429
2.4592044118837784e6	0.5605495497657533
2.4592044141985932e6	0.5599466980533078
2.4592044165134076e6	0.559340683924097
2.4592044188282224e6	0.5587315105570265
2.4592044211430373e6	0.5581191815142558
2.459204423457852e6	0.5575037002541754
2.459204425772667e6	0.5568850702529798
2.4592044280874818e6	0.5562632950046469
2.4592044304022966e6	0.5556383780209189
2.4592044327171114e6	0.5550103228312825
2.4592044350319263e6	0.5543791329829484
2.459204437346741e6	0.5537448120408319
2.459204439661556e6	0.5531073635875325
2.4592044419763708e6	0.5524667912233134
2.4592044442911856e6	0.5518230985660817
2.4592044466060004e6	0.5511762892513676
2.4592044489208153e6	0.5505263669323041
2.45920445123563e6	0.5498733352796057
2.459204453550445e6	0.549217197981549
2.4592044558652597e6	0.5485579587439503
2.4592044581800746e6	0.5478956212901459
2.4592044604948894e6	0.5472301893609706
2.4592044628097042e6	0.5465616667147362
2.459204465124519e6	0.5458900571272111
2.459204467439334e6	0.5452153643915982
2.4592044697541487e6	0.5445375923185142
2.4592044720689636e6	0.5438567447359669
2.4592044743837784e6	0.5431728254893353
2.4592044766985932e6	0.5424858384413463
2.4592044790134076e6	0.5417957876111761
2.4592044813282224e6	0.5411026766185539
2.4592044836430373e6	0.5404065095166274
2.459204485957852e6	0.5397072902372988
2.459204488272667e6	0.5390050227297086
2.4592044905874818e6	0.5382997109602137
2.4592044929022966e6	0.5375913589123644
2.4592044952171114e6	0.5368799705868827
2.4592044975319263e6	0.5361655500016391
2.459204499846741e6	0.5354481011916301
2.459204502161556e6	0.5347276282089554
2.4592045044763708e6	0.5340041351227947
2.4592045067911856e6	0.5332776260193858
2.4592045091060004e6	0.5325481050019998
2.4592045114208153e6	0.5318155761909197
2.45920451373563e6	0.5310800437234158
2.459204516050445e6	0.530341511753723
2.4592045183652597e6	0.5295999844530173
2.4592045206800746e6	0.5288554660093917
2.4592045229948894e6	0.5281079606278334
2.4592045253097042e6	0.5273574725301996
2.459204527624519e6	0.5266040059551933
2.459204529939334e6	0.52584756515834
2.4592045322541487e6	0.5250881544119633
2.4592045345689636e6	0.524325778005161
2.4592045368837784e6	0.5235604402437807
2.4592045391985932e6	0.5227921454503952
2.4592045415134076e6	0.5220208981197241
2.4592045438282224e6	0.5212467022974204
2.4592045461430373e6	0.5204695625109383
2.459204548457852e6	0.5196894831495082
2.459204550772667e6	0.5189064686189626
2.4592045530874818e6	0.5181205233417114
2.4592045554022966e6	0.5173316517567177
2.4592045577171114e6	0.516539858319472
2.4592045600319263e6	0.5157451475019668
2.459204562346741e6	0.5149475237926722
2.459204564661556e6	0.5141469916965102
2.4592045669763708e6	0.5133435557348289
2.4592045692911856e6	0.512537220445377
2.4592045716060004e6	0.511727990382279
2.4592045739208153e6	0.5109158701160083
2.45920457623563e6	0.5101008642333625
2.459204578550445e6	0.5092829773374362
2.4592045808652597e6	0.5084622140475968
2.4592045831800746e6	0.5076385789994564
2.4592045854948894e6	0.5068120768448471
2.4592045878097042e6	0.505982712251794
2.459204590124519e6	0.5051504899044893
2.459204592439334e6	0.5043154145032653
2.4592045947541487e6	0.5034774907645684
2.4592045970689636e6	0.5026367234209316
2.4592045993837784e6	0.5017931172209495
2.4592046016985932e6	0.5009466769292495
2.4592046040134076e6	0.5000974074975943
2.4592046063282224e6	0.49924531338090916
2.4592046086430373e6	0.49839039956232023
2.459204610957852e6	0.49753267087031994
2.459204613272667e6	0.49667213214929873
2.4592046155874818e6	0.49580878825951774
2.4592046179022966e6	0.4949426440770817
2.4592046202171114e6	0.49407370449391125
2.4592046225319263e6	0.4932019744177152
2.459204624846741e6	0.49232745877196266
2.459204627161556e6	0.49145016249585544
2.4592046294763708e6	0.49057009054430073
2.4592046317911856e6	0.48968724788788176
2.4592046341060004e6	0.488801639512831
2.4592046364208153e6	0.4879132704210014
2.45920463873563e6	0.4870221456298382
2.459204641050445e6	0.4861282701723504
2.4592046433652597e6	0.4852316490970831
2.4592046456800746e6	0.48433228746808793
2.4592046479948894e6	0.48343019036489526
2.4592046503097042e6	0.4825253628824852
2.459204652624519e6	0.4816178101312587
2.459204654939334e6	0.4807075372370091
2.4592046572541487e6	0.47979454934089255
2.4592046595689636e6	0.4788788515993997
2.4592046618837784e6	0.4779604491843259
2.4592046641985932e6	0.4770393472827426
2.4592046665134076e6	0.47611555128307426
2.4592046688282224e6	0.47518906603118277
2.4592046711430373e6	0.47425989694535603
2.459204673457852e6	0.47332804927347466
2.459204675772667e6	0.47239352827854786
2.4592046780874818e6	0.4714563392386835
2.4592046804022966e6	0.47051648744705854
2.4592046827171114e6	0.4695739782118886
2.4592046850319263e6	0.46862881685639873
2.459204687346741e6	0.4676810087187927
2.459204689661556e6	0.4667305591522234
2.4592046919763708e6	0.46577747352476206
2.4592046942911856e6	0.46482175721936825
2.4592046966060004e6	0.4638634156338596
2.4592046989208153e6	0.4629024541808808
2.45920470123563e6	0.4619388782878738
2.459204703550445e6	0.4609726933970462
2.4592047058652597e6	0.4600039049653416
2.4592047081800746e6	0.4590325184644077
2.4592047104948894e6	0.45805853938056623
2.4592047128097042e6	0.4570819732147818
2.459204715124519e6	0.45610282548262965
2.459204717439334e6	0.45512110171426723
2.4592047197541487e6	0.4541368074543999
2.4592047220689636e6	0.4531499482622515
2.4592047243837784e6	0.45216052971153214
2.4592047266985932e6	0.4511685573904074
2.4592047290134076e6	0.45017403710178544
2.4592047313282224e6	0.44917697406251905
2.4592047336430373e6	0.4481773741037567
2.459204735957852e6	0.4471752428711675
2.459204738272667e6	0.4461705860247171
2.4592047405874818e6	0.4451634092386358
2.4592047429022966e6	0.4441537182013859
2.4592047452171114e6	0.4431415186156308
2.4592047475319263e6	0.4421268161982012
2.459204749846741e6	0.44110961668006426
2.459204752161556e6	0.44008992580628986
2.4592047544763708e6	0.43906774933601944
2.4592047567911856e6	0.438043093042433
2.4592047591060004e6	0.43701596271271587
2.4592047614208153e6	0.4359863641480269
2.45920476373563e6	0.4349543031634654
2.459204766050445e6	0.4339197855880382
2.4592047683652597e6	0.4328828172646265
2.4592047706800746e6	0.4318434040499537
2.4592047729948894e6	0.43080155181455126
2.4592047753097042e6	0.4297572664427264
2.459204777624519e6	0.4287105538325282
2.459204779939334e6	0.427661419895715
2.4592047822541487e6	0.4266098705577203
2.4592047845689636e6	0.42555591175761964
2.4592047868837784e6	0.4244995494480972
2.4592047891985932e6	0.42344078959541204
2.4592047915134076e6	0.42237963839307124
2.4592047938282224e6	0.4213161014074473
2.4592047961430373e6	0.4202501848585478
2.459204798457852e6	0.4191818947665935
2.459204800772667e6	0.41811123716521054
2.4592048030874818e6	0.4170382181013965
2.4592048054022966e6	0.41596284363548675
2.4592048077171114e6	0.41488511984111937
2.4592048100319263e6	0.4138050528052015
2.459204812346741e6	0.4127226486278746
2.459204814661556e6	0.41163791342248035
2.4592048169763708e6	0.4105508533155257
2.4592048192911856e6	0.40946147444664865
2.4592048216060004e6	0.4083697829685831
2.4592048239208153e6	0.40727578504712486
2.45920482623563e6	0.406179486861096
2.459204828550445e6	0.40508089460231045
2.4592048308652597e6	0.4039800144755387
2.4592048331800746e6	0.4028768526984736
2.4592048354948894e6	0.4017714155016939
2.4592048378097042e6	0.4006637091286299
2.459204840124519e6	0.39955373983552833
2.459204842439334e6	0.39844151389141647
2.4592048447541487e6	0.39732703757806703
2.4592048470689636e6	0.39621031718996275
2.4592048493837784e6	0.39509135903426074
2.4592048516985932e6	0.39397016943075674
2.4592048540134076e6	0.39284675493806565
2.4592048563282224e6	0.39172112144916726
2.4592048586430373e6	0.39059327554732837
2.459204860957852e6	0.3894632236025421
2.459204863272667e6	0.3883309719972611
2.4592048655874818e6	0.3871965271263617
2.4592048679022966e6	0.38605989539710756
2.4592048702171114e6	0.38492108322911367
2.4592048725319263e6	0.3837800970543097
2.459204874846741e6	0.38263694331690434
2.459204877161556e6	0.3814916284733483
2.4592048794763708e6	0.3803441589922978
2.4592048817911856e6	0.37919454135457903
2.4592048841060004e6	0.37804278205314995
2.4592048864208153e6	0.37688888759306527
2.45920488873563e6	0.37573286449143833
2.459204891050445e6	0.37457471927740466
2.4592048933652597e6	0.37341445849208676
2.4592048956800746e6	0.3722520886885544
2.4592048979948894e6	0.3710876164317891
2.4592049003097042e6	0.3699210482986472
2.459204902624519e6	0.36875239087782213
2.459204904939334e6	0.3675816507698077
2.4592049072541487e6	0.3664088345868606
2.4592049095689636e6	0.3652339489529627
2.4592049118837784e6	0.36405700050378426
2.4592049141985932e6	0.36287799588664643
2.4592049165134076e6	0.36169694199827607
2.4592049188282224e6	0.36051384503400646
2.4592049211430373e6	0.35932871191326665
2.459204923457852e6	0.3581415493296036
2.459204925772667e6	0.3569523639880271
2.4592049280874818e6	0.35576116260497104
2.4592049304022966e6	0.3545679519082558
2.4592049327171114e6	0.3533727386370504
2.4592049350319263e6	0.3521755295418338
2.459204937346741e6	0.35097633138435785
2.459204939661556e6	0.349775150937608
2.4592049419763708e6	0.3485719949857658
2.4592049442911856e6	0.3473668703241701
2.4592049466060004e6	0.34615978375927897
2.4592049489208153e6	0.34495074210863136
2.45920495123563e6	0.343739752200808
2.459204953550445e6	0.3425268208753937
2.4592049558652597e6	0.34131195498293787
2.4592049581800746e6	0.3400951613849165
2.4592049604948894e6	0.33887644695369296
2.4592049628097042e6	0.3376558185724794
2.459204965124519e6	0.33643328313529763
2.459204967439334e6	0.3352088475469408
2.4592049697541487e6	0.3339825187229336
2.4592049720689636e6	0.33275430358949387
2.4592049743837784e6	0.33152420908349284
2.4592049766985932e6	0.33029224215241665
2.4592049790134076e6	0.32905841000271807
2.4592049813282224e6	0.32782271910658456
2.4592049836430373e6	0.3265851766911272
2.459204985957852e6	0.325345789745897
2.459204988272667e6	0.32410456527086307
2.4592049905874818e6	0.3228615102763728
2.4592049929022966e6	0.32161663178311184
2.4592049952171114e6	0.32036993682206544
2.4592049975319263e6	0.31912143243447755
2.459204999846741e6	0.3178711256718118
2.459205002161556e6	0.31661902359571165
2.4592050044763708e6	0.3153651332779603
2.4592050067911856e6	0.31410946180044086
2.4592050091060004e6	0.312852016255096
2.4592050114208153e6	0.31159280374388865
2.45920501373563e6	0.31033183137876114
2.459205016050445e6	0.30906910628159534
2.4592050183652597e6	0.3078046355841726
2.4592050206800746e6	0.30653842642813306
2.4592050229948894e6	0.3052704859649358
2.4592050253097042e6	0.30400082135581796
2.459205027624519e6	0.30272943977175476
2.459205029939334e6	0.30145634839341867
2.4592050322541487e6	0.3001815544111388
2.4592050345689636e6	0.29890506502486064
2.4592050368837784e6	0.29762688744410537
2.4592050391985932e6	0.2963470288879284
2.4592050415134076e6	0.2950654968428476
2.4592050438282224e6	0.2937822980312647
2.4592050461430373e6	0.292497439958227
2.459205048457852e6	0.29121092988052116
2.459205050772667e6	0.2899227750642642
2.4592050530874818e6	0.2886329827848627
2.4592050554022966e6	0.28734156032697145
2.4592050577171114e6	0.2860485149844522
2.4592050600319263e6	0.2847538540603329
2.459205062346741e6	0.283457584866766
2.459205064661556e6	0.2821597147249873
2.4592050669763708e6	0.2808602509652749
2.4592050692911856e6	0.27955920092690734
2.4592050716060004e6	0.2782565719581224
2.4592050739208153e6	0.27695237141607554
2.45920507623563e6	0.2756466066667983
2.459205078550445e6	0.27433928508515687
2.4592050808652597e6	0.27303041405481027
2.4592050831800746e6	0.2717200009681686
2.4592050854948894e6	0.2704080532263515
2.4592050878097042e6	0.26909457823914623
2.459205090124519e6	0.2677795834249657
2.459205092439334e6	0.26646307621080684
2.4592050947541487e6	0.26514506403220844
2.4592050970689636e6	0.2638255543332093
2.4592050993837784e6	0.26250455456630595
2.4592051016985932e6	0.2611820721924108
2.4592051040134076e6	0.2598581149472927
2.4592051063282224e6	0.2585326897758982
2.4592051086430373e6	0.2572058044303208
2.459205110957852e6	0.25587746640471437
2.459205113272667e6	0.25454768320143706
2.4592051155874818e6	0.2532164623310098
2.4592051179022966e6	0.25188381131207277
2.4592051202171114e6	0.25054973767134403
2.4592051225319263e6	0.2492142489435763
2.459205124846741e6	0.24787735267151445
2.459205127161556e6	0.24653905640585289
2.4592051294763708e6	0.24519936770519438
2.4592051317911856e6	0.24385829413600452
2.4592051341060004e6	0.24251584327257122
2.4592051364208153e6	0.2411720226969611
2.45920513873563e6	0.239826839998977
2.459205141050445e6	0.23848030277611468
2.4592051433652597e6	0.2371324186335203
2.4592051456800746e6	0.23578319518394733
2.4592051479948894e6	0.23443264004771355
2.4592051503097042e6	0.23308076085265797
2.459205152624519e6	0.23172756523409782
2.459205154939334e6	0.23037306083478543
2.4592051572541487e6	0.2290172553048649
2.4592051595689636e6	0.22766015630182918
2.4592051618837784e6	0.22630177149047656
2.4592051641985932e6	0.22494210854286753
2.4592051665134076e6	0.22358117541218195
2.4592051688282224e6	0.22221897923732675
2.4592051711430373e6	0.2208555279855344
2.459205173457852e6	0.21949082935748038
2.459205175772667e6	0.21812489106088503
2.4592051780874818e6	0.2167577208104705
2.4592051804022966e6	0.2153893263279167
2.4592051827171114e6	0.2140197153418181
2.4592051850319263e6	0.2126488955876398
2.459205187346741e6	0.21127687480767382
2.459205189661556e6	0.20990366075099576
2.4592051919763708e6	0.2085292611734206
2.4592051942911856e6	0.20715368383745908
2.4592051966060004e6	0.20577693651227377
2.4592051989208153e6	0.20439902697363538
2.45920520123563e6	0.2030199630038786
2.459205203550445e6	0.20163975239185838
2.4592052058652597e6	0.20025840293290575
2.4592052081800746e6	0.19887592242878382
2.4592052104948894e6	0.1974923186876439
2.4592052128097042e6	0.19610759952398113
2.459205215124519e6	0.19472177275859004
2.459205217439334e6	0.19333484621852237
2.4592052197541487e6	0.1919468277370397
2.4592052220689636e6	0.1905577251535714
2.4592052243837784e6	0.18916754631366964
2.4592052266985932e6	0.18777629906896537
2.4592052290134076e6	0.18638399155731455
2.4592052313282224e6	0.18499063108220157
2.4592052336430373e6	0.1835962257932053
2.459205235957852e6	0.1822007835658272
2.459205238272667e6	0.1808043122814255
2.4592052405874818e6	0.1794068198271702
2.4592052429022966e6	0.1780083140959991
2.4592052452171114e6	0.17660880298657272
2.4592052475319263e6	0.1752082944032299
2.459205249846741e6	0.17380679625594325
2.459205252161556e6	0.1724043164602743
2.4592052544763708e6	0.17100086293732875
2.4592052567911856e6	0.16959644361371204
2.4592052591060004e6	0.1681910664214843
2.4592052614208153e6	0.16678473929811552
2.45920526373563e6	0.16537747018644108
2.459205266050445e6	0.16396926703461634
2.4592052683652597e6	0.1625601377960724
2.4592052706800746e6	0.16115009042947046
2.4592052729948894e6	0.15973913289865752
2.4592052753097042e6	0.158327273172621
2.459205277624519e6	0.1569145192254439
2.459205279939334e6	0.15550087903625964
2.4592052822541487e6	0.15408636058920722
2.4592052845689636e6	0.15267097187338588
2.4592052868837784e6	0.15125472088281003
2.4592052891985932e6	0.14983761561636424
2.4592052915134076e6	0.14841966436308526
2.4592052938282224e6	0.14700087456097533
2.4592052961430373e6	0.14558125450841589
2.459205298457852e6	0.14416081222331975
2.459205300772667e6	0.1427395557282435
2.4592053030874818e6	0.1413174930503425
2.4592053054022966e6	0.1398946322213252
2.4592053077171114e6	0.138470981277408
2.4592053100319263e6	0.13704654825926987
2.459205312346741e6	0.13562134121200695
2.459205314661556e6	0.13419536818508682
2.4592053169763708e6	0.13276863723230337
2.4592053192911856e6	0.1313411564117313
2.4592053216060004e6	0.12991293378568033
2.4592053239208153e6	0.12848397742065001
2.45920532623563e6	0.12705429538728383
2.459205328550445e6	0.12562389576032398
2.4592053308652597e6	0.12419278661856545
2.4592053331800746e6	0.12276097604481054
2.4592053354948894e6	0.12132847212582318
2.4592053378097042e6	0.11989528295228329
2.459205340124519e6	0.11846141661874107
2.459205342439334e6	0.11702688122357123
2.4592053447541487e6	0.11559168486892735
2.4592053470689636e6	0.11415583566069593
2.4592053493837784e6	0.11271934170845095
2.4592053516985932e6	0.11128221112540768
2.4592053540134076e6	0.10984445231766769
2.4592053563282224e6	0.10840607282713459
2.4592053586430373e6	0.10696708106683804
2.459205360957852e6	0.10552748516410032
2.459205363272667e6	0.1040872932496574
2.4592053655874818e6	0.10264651345760992
2.4592053679022966e6	0.1012051539253793
2.4592053702171114e6	0.09976322279366139
2.4592053725319263e6	0.09832072820638026
2.459205374846741e6	0.09687767831064242
2.459205377161556e6	0.09543408125669071
2.4592053794763708e6	0.09398994519785826
2.4592053817911856e6	0.09254527829052249
2.4592053841060004e6	0.09110008869405903
2.4592053864208153e6	0.08965438457079555
2.45920538873563e6	0.08820817408596575
2.459205391050445e6	0.08676146540766332
2.4592053933652597e6	0.08531426670679557
2.4592053956800746e6	0.08386658615703753
2.4592053979948894e6	0.08241843193478562
2.4592054003097042e6	0.08096981221911155
2.459205402624519e6	0.07952073519171611
2.459205404939334e6	0.07807120903688293
2.4592054072541487e6	0.07662124194143229
2.4592054095689636e6	0.0751708420946749
2.4592054118837784e6	0.07372001768836556
2.4592054141985932e6	0.07226877691665702
2.4592054165134076e6	0.07081712826811616
2.4592054188282224e6	0.06936507935750708
2.4592054211430373e6	0.0679126386778797
2.459205423457852e6	0.06645981443251534
2.459205425772667e6	0.06500661482686164
2.4592054280874818e6	0.06355304806848631
2.4592054304022966e6	0.06209912236703068
2.4592054327171114e6	0.060644845934163326
2.4592054350319263e6	0.05919022698353377
2.459205437346741e6	0.05773527373072603
