2.4591993216060004e6	-0.26426697606403454
2.4591993239208153e6	-0.26388873834637744
2.45919932623563e6	-0.26351050062872033
2.459199328550445e6	-0.2631322629110632
2.4591993308652597e6	-0.26275402519340607
2.4591993331800746e6	-0.26237578747574897
2.4591993354948894e6	-0.26199754975809186
2.4591993378097042e6	-0.26161931204043476
2.459199340124519e6	-0.26124107432277766
2.459199342439334e6	-0.2608628366051205
2.4591993447541487e6	-0.2604845988874634
2.4591993470689636e6	-0.2601063611698063
2.4591993493837784e6	-0.2597281234521492
2.4591993516985932e6	-0.2593498857344921
2.4591993540134076e6	-0.2589716480929234
2.4591993563282224e6	-0.2585934103752663
2.4591993586430373e6	-0.2582151726576092
2.459199360957852e6	-0.2578369349399521
2.459199363272667e6	-0.257458697222295
2.4591993655874818e6	-0.2570804595046378
2.4591993679022966e6	-0.2567022217869807
2.4591993702171114e6	-0.2563239840693236
2.4591993725319263e6	-0.2559457463516665
2.459199374846741e6	-0.2555675086340094
2.459199377161556e6	-0.2551892709163523
2.4591993794763708e6	-0.25481103319869514
2.4591993817911856e6	-0.25443279548103803
2.4591993841060004e6	-0.25405455776338093
2.4591993864208153e6	-0.2536763200457238
2.45919938873563e6	-0.2532980823280667
2.459199391050445e6	-0.2529198446104096
2.4591993933652597e6	-0.2525416068927525
2.4591993956800746e6	-0.25216336917509535
2.4591993979948894e6	-0.25178513145743825
2.4591994003097042e6	-0.25140689373978115
2.459199402624519e6	-0.25102865602212404
2.459199404939334e6	-0.25065041830446694
2.4591994072541487e6	-0.25027218058680983
2.4591994095689636e6	-0.2498939428691527
2.4591994118837784e6	-0.2495157051514956
2.4591994141985932e6	-0.24913746743383847
2.4591994165134076e6	-0.2487592297922698
2.4591994188282224e6	-0.2483809920746127
2.4591994211430373e6	-0.24800275435695557
2.459199423457852e6	-0.24762451663929846
2.459199425772667e6	-0.24724627892164136
2.4591994280874818e6	-0.24686804120398426
2.4591994304022966e6	-0.24648980348632712
2.4591994327171114e6	-0.24611156576867002
2.4591994350319263e6	-0.24573332805101292
2.459199437346741e6	-0.24535509033335579
2.459199439661556e6	-0.24497685261569868
2.4591994419763708e6	-0.24459861489804158
2.4591994442911856e6	-0.24422037718038445
2.4591994466060004e6	-0.24384213946272734
2.4591994489208153e6	-0.24346390174507024
2.45919945123563e6	-0.2430856640274131
2.459199453550445e6	-0.242707426309756
2.4591994558652597e6	-0.2423291885920989
2.4591994581800746e6	-0.24195095087444177
2.4591994604948894e6	-0.24157271315678466
2.4591994628097042e6	-0.24119447543912756
2.459199465124519e6	-0.24081623772147046
2.459199467439334e6	-0.24043800000381332
2.4591994697541487e6	-0.24005976228615622
2.4591994720689636e6	-0.23968152456849912
2.4591994743837784e6	-0.23930328685084198
2.4591994766985932e6	-0.23892504913318488
2.4591994790134076e6	-0.23854681149161622
2.4591994813282224e6	-0.23816857377395909
2.4591994836430373e6	-0.23779033605630198
2.459199485957852e6	-0.23741209833864488
2.459199488272667e6	-0.23703386062098777
2.4591994905874818e6	-0.23665562290333064
2.4591994929022966e6	-0.23627738518567354
2.4591994952171114e6	-0.23589914746801643
2.4591994975319263e6	-0.2355209097503593
2.459199499846741e6	-0.2351426720327022
2.459199502161556e6	-0.2347644343150451
2.4591995044763708e6	-0.23438619659738796
2.4591995067911856e6	-0.23400795887973086
2.4591995091060004e6	-0.23362972116207376
2.4591995114208153e6	-0.23325148344441662
2.45919951373563e6	-0.23287324572675952
2.459199516050445e6	-0.23249500800910242
2.4591995183652597e6	-0.23211677029144528
2.4591995206800746e6	-0.23173853257378818
2.4591995229948894e6	-0.23136029485613108
2.4591995253097042e6	-0.23098205713847397
2.459199527624519e6	-0.23060381942081684
2.459199529939334e6	-0.23022558170315974
2.4591995322541487e6	-0.22984734398550263
2.4591995345689636e6	-0.2294691062678455
2.4591995368837784e6	-0.2290908685501884
2.4591995391985932e6	-0.2287126308325313
2.4591995415134076e6	-0.22833439319096263
2.4591995438282224e6	-0.2279561554733055
2.4591995461430373e6	-0.2275779177556484
2.459199548457852e6	-0.2271996800379913
2.459199550772667e6	-0.22682144232033416
2.4591995530874818e6	-0.22644320460267706
2.4591995554022966e6	-0.22606496688501995
2.4591995577171114e6	-0.22568672916736282
2.4591995600319263e6	-0.22530849144970572
2.459199562346741e6	-0.2249302537320486
2.459199564661556e6	-0.22455201601439148
2.4591995669763708e6	-0.22417377829673438
2.4591995692911856e6	-0.22379554057907727
2.4591995716060004e6	-0.22341730286142014
2.4591995739208153e6	-0.22303906514376304
2.45919957623563e6	-0.22266082742610593
2.459199578550445e6	-0.2222825897084488
2.4591995808652597e6	-0.2219043519907917
2.4591995831800746e6	-0.2215261142731346
2.4591995854948894e6	-0.2211478765554775
2.4591995878097042e6	-0.22076963883782036
2.459199590124519e6	-0.22039140112016326
2.459199592439334e6	-0.22001316340250615
2.4591995947541487e6	-0.21963492568484902
2.4591995970689636e6	-0.21925668796719192
2.4591995993837784e6	-0.2188784502495348
2.4591996016985932e6	-0.21850021253187768
2.4591996040134076e6	-0.21812197489030902
2.4591996063282224e6	-0.2177437371726519
2.4591996086430373e6	-0.2173654994549948
2.459199610957852e6	-0.21698726173733768
2.459199613272667e6	-0.21660902401968057
2.4591996155874818e6	-0.21623078630202347
2.4591996179022966e6	-0.21585254858436634
2.4591996202171114e6	-0.21547431086670923
2.4591996225319263e6	-0.21509607314905213
2.459199624846741e6	-0.214717835431395
2.459199627161556e6	-0.2143395977137379
2.4591996294763708e6	-0.2139613599960808
2.4591996317911856e6	-0.21358312227842366
2.4591996341060004e6	-0.21320488456076656
2.4591996364208153e6	-0.21282664684310945
2.45919963873563e6	-0.21244840912545235
2.459199641050445e6	-0.21207017140779522
2.4591996433652597e6	-0.2116919336901381
2.4591996456800746e6	-0.211313695972481
2.4591996479948894e6	-0.21093545825482388
2.4591996503097042e6	-0.21055722053716677
2.459199652624519e6	-0.21017898281950967
2.459199654939334e6	-0.20980074510185254
2.4591996572541487e6	-0.20942250738419543
2.4591996595689636e6	-0.20904426966653833
2.4591996618837784e6	-0.2086660319488812
2.4591996641985932e6	-0.2082877942312241
2.4591996665134076e6	-0.20790955658965543
2.4591996688282224e6	-0.20753131887199833
2.4591996711430373e6	-0.2071530811543412
2.459199673457852e6	-0.2067748434366841
2.459199675772667e6	-0.206396605719027
2.4591996780874818e6	-0.20601836800136986
2.4591996804022966e6	-0.20564013028371275
2.4591996827171114e6	-0.20526189256605565
2.4591996850319263e6	-0.20488365484839852
2.459199687346741e6	-0.2045054171307414
2.459199689661556e6	-0.2041271794130843
2.4591996919763708e6	-0.20374894169542718
2.4591996942911856e6	-0.20337070397777007
2.4591996966060004e6	-0.20299246626011297
2.4591996989208153e6	-0.20261422854245587
2.45919970123563e6	-0.20223599082479873
2.459199703550445e6	-0.20185775310714163
2.4591997058652597e6	-0.20147951538948453
2.4591997081800746e6	-0.2011012776718274
2.4591997104948894e6	-0.2007230399541703
2.4591997128097042e6	-0.2003448022365132
2.459199715124519e6	-0.19996656451885605
2.459199717439334e6	-0.19958832680119895
2.4591997197541487e6	-0.19921008908354185
2.4591997220689636e6	-0.19883185136588472
2.4591997243837784e6	-0.1984536136482276
2.4591997266985932e6	-0.1980753759305705
2.4591997290134076e6	-0.19769713828900184
2.4591997313282224e6	-0.1973189005713447
2.4591997336430373e6	-0.1969406628536876
2.459199735957852e6	-0.1965624251360305
2.459199738272667e6	-0.19618418741837337
2.4591997405874818e6	-0.19580594970071627
2.4591997429022966e6	-0.19542771198305917
2.4591997452171114e6	-0.19504947426540203
2.4591997475319263e6	-0.19467123654774493
2.459199749846741e6	-0.19429299883008783
2.459199752161556e6	-0.1939147611124307
2.4591997544763708e6	-0.1935365233947736
2.4591997567911856e6	-0.1931582856771165
2.4591997591060004e6	-0.19278004795945938
2.4591997614208153e6	-0.19240181024180225
2.45919976373563e6	-0.19202357252414515
2.459199766050445e6	-0.19164533480648804
2.4591997683652597e6	-0.1912670970888309
2.4591997706800746e6	-0.1908888593711738
2.4591997729948894e6	-0.1905106216535167
2.4591997753097042e6	-0.19013238393585957
2.459199777624519e6	-0.18975414621820247
2.459199779939334e6	-0.18937590850054536
2.4591997822541487e6	-0.18899767078288823
2.4591997845689636e6	-0.18861943306523113
2.4591997868837784e6	-0.18824119534757403
2.4591997891985932e6	-0.1878629576299169
2.4591997915134076e6	-0.18748471998834823
2.4591997938282224e6	-0.18710648227069113
2.4591997961430373e6	-0.18672824455303402
2.459199798457852e6	-0.1863500068353769
2.459199800772667e6	-0.1859717691177198
2.4591998030874818e6	-0.18559353140006268
2.4591998054022966e6	-0.18521529368240555
2.4591998077171114e6	-0.18483705596474845
2.4591998100319263e6	-0.18445881824709134
2.459199812346741e6	-0.1840805805294342
2.459199814661556e6	-0.1837023428117771
2.4591998169763708e6	-0.18332410509412
2.4591998192911856e6	-0.1829458673764629
2.4591998216060004e6	-0.18256762965880577
2.4591998239208153e6	-0.18218939194114867
2.45919982623563e6	-0.18181115422349156
2.459199828550445e6	-0.18143291650583443
2.4591998308652597e6	-0.18105467878817733
2.4591998331800746e6	-0.18067644107052022
2.4591998354948894e6	-0.1802982033528631
2.4591998378097042e6	-0.179919965635206
2.459199840124519e6	-0.17954172791754888
2.459199842439334e6	-0.17916349019989175
2.4591998447541487e6	-0.17878525248223465
2.4591998470689636e6	-0.17840701476457754
2.4591998493837784e6	-0.1780287770469204
2.4591998516985932e6	-0.1776505393292633
2.4591998540134076e6	-0.17727230168769464
2.4591998563282224e6	-0.17689406397003754
2.4591998586430373e6	-0.1765158262523804
2.459199860957852e6	-0.1761375885347233
2.459199863272667e6	-0.1757593508170662
2.4591998655874818e6	-0.17538111309940907
2.4591998679022966e6	-0.17500287538175197
2.4591998702171114e6	-0.17462463766409486
2.4591998725319263e6	-0.17424639994643773
2.459199874846741e6	-0.17386816222878063
2.459199877161556e6	-0.17348992451112352
2.4591998794763708e6	-0.17311168679346642
2.4591998817911856e6	-0.1727334490758093
2.4591998841060004e6	-0.17235521135815218
2.4591998864208153e6	-0.17197697364049508
2.45919988873563e6	-0.17159873592283795
2.459199891050445e6	-0.17122049820518084
2.4591998933652597e6	-0.17084226048752374
2.4591998956800746e6	-0.1704640227698666
2.4591998979948894e6	-0.1700857850522095
2.4591999003097042e6	-0.1697075473345524
2.459199902624519e6	-0.16932930961689527
2.459199904939334e6	-0.16895107189923816
2.4591999072541487e6	-0.16857283418158106
2.4591999095689636e6	-0.16819459646392393
2.4591999118837784e6	-0.16781635874626682
2.4591999141985932e6	-0.16743812102860972
2.4591999165134076e6	-0.16705988338704106
2.4591999188282224e6	-0.16668164566938393
2.4591999211430373e6	-0.16630340795172682
2.459199923457852e6	-0.16592517023406972
2.459199925772667e6	-0.1655469325164126
2.4591999280874818e6	-0.16516869479875548
2.4591999304022966e6	-0.16479045708109838
2.4591999327171114e6	-0.16441221936344128
2.4591999350319263e6	-0.16403398164578414
2.459199937346741e6	-0.16365574392812704
2.459199939661556e6	-0.16327750621046994
2.4591999419763708e6	-0.1628992684928128
2.4591999442911856e6	-0.1625210307751557
2.4591999466060004e6	-0.1621427930574986
2.4591999489208153e6	-0.16176455533984146
2.45919995123563e6	-0.16138631762218436
2.459199953550445e6	-0.16100807990452726
2.4591999558652597e6	-0.16062984218687013
2.4591999581800746e6	-0.16025160446921302
2.4591999604948894e6	-0.15987336675155592
2.4591999628097042e6	-0.15949512903389879
2.459199965124519e6	-0.15911689131624168
2.459199967439334e6	-0.15873865359858458
2.4591999697541487e6	-0.15836041588092745
2.4591999720689636e6	-0.15798217816327034
2.4591999743837784e6	-0.15760394044561324
2.4591999766985932e6	-0.15722570272795613
2.4591999790134076e6	-0.15684746508638744
2.4591999813282224e6	-0.15646922736873034
2.4591999836430373e6	-0.15609098965107324
2.459199985957852e6	-0.1557127519334161
2.459199988272667e6	-0.155334514215759
2.4591999905874818e6	-0.1549562764981019
2.4591999929022966e6	-0.1545780387804448
2.4591999952171114e6	-0.15419980106278766
2.4591999975319263e6	-0.15382156334513056
2.459199999846741e6	-0.15344332562747345
2.459200002161556e6	-0.15306508790981632
2.4592000044763708e6	-0.15268685019215922
2.4592000067911856e6	-0.15230861247450211
2.4592000091060004e6	-0.15193037475684498
2.4592000114208153e6	-0.15155213703918788
2.45920001373563e6	-0.15117389932153077
2.459200016050445e6	-0.15079566160387364
2.4592000183652597e6	-0.15041742388621654
2.4592000206800746e6	-0.15003918616855944
2.4592000229948894e6	-0.1496609484509023
2.4592000253097042e6	-0.1492827107332452
2.459200027624519e6	-0.1489044730155881
2.459200029939334e6	-0.148526235297931
2.4592000322541487e6	-0.14814799758027386
2.4592000345689636e6	-0.14776975986261676
2.4592000368837784e6	-0.14739152214495965
2.4592000391985932e6	-0.14701328442730252
2.4592000415134076e6	-0.14663504678573386
2.4592000438282224e6	-0.14625680906807675
2.4592000461430373e6	-0.14587857135041962
2.459200048457852e6	-0.14550033363276252
2.459200050772667e6	-0.14512209591510541
2.4592000530874818e6	-0.1447438581974483
2.4592000554022966e6	-0.14436562047979118
2.4592000577171114e6	-0.14398738276213408
2.4592000600319263e6	-0.14360914504447697
2.459200062346741e6	-0.14323090732681984
2.459200064661556e6	-0.14285266960916274
2.4592000669763708e6	-0.14247443189150563
2.4592000692911856e6	-0.1420961941738485
2.4592000716060004e6	-0.1417179564561914
2.4592000739208153e6	-0.1413397187385343
2.45920007623563e6	-0.14096148102087716
2.459200078550445e6	-0.14058324330322006
2.4592000808652597e6	-0.14020500558556295
2.4592000831800746e6	-0.13982676786790582
2.4592000854948894e6	-0.13944853015024872
2.4592000878097042e6	-0.1390702924325916
2.459200090124519e6	-0.1386920547149345
2.459200092439334e6	-0.13831381699727738
2.4592000947541487e6	-0.13793557927962027
2.4592000970689636e6	-0.13755734156196317
2.4592000993837784e6	-0.13717910384430604
2.4592001016985932e6	-0.13680086612664893
2.4592001040134076e6	-0.13642262848508027
2.4592001063282224e6	-0.13604439076742314
2.4592001086430373e6	-0.13566615304976604
2.459200110957852e6	-0.13528791533210893
2.459200113272667e6	-0.13490967761445183
2.4592001155874818e6	-0.1345314398967947
2.4592001179022966e6	-0.1341532021791376
2.4592001202171114e6	-0.1337749644614805
2.4592001225319263e6	-0.13339672674382336
2.459200124846741e6	-0.13301848902616625
2.459200127161556e6	-0.13264025130850915
2.4592001294763708e6	-0.13226201359085202
2.4592001317911856e6	-0.13188377587319491
2.4592001341060004e6	-0.1315055381555378
2.4592001364208153e6	-0.13112730043788068
2.45920013873563e6	-0.13074906272022357
2.459200141050445e6	-0.13037082500256647
2.4592001433652597e6	-0.12999258728490934
2.4592001456800746e6	-0.12961434956725223
2.4592001479948894e6	-0.12923611184959513
2.4592001503097042e6	-0.12885787413193803
2.459200152624519e6	-0.1284796364142809
2.459200154939334e6	-0.1281013986966238
2.4592001572541487e6	-0.1277231609789667
2.4592001595689636e6	-0.12734492326130956
2.4592001618837784e6	-0.12696668554365245
2.4592001641985932e6	-0.12658844782599535
2.4592001665134076e6	-0.12621021018442669
2.4592001688282224e6	-0.12583197246676955
2.4592001711430373e6	-0.12545373474911245
2.459200173457852e6	-0.12507549703145535
2.459200175772667e6	-0.12469725931379821
2.4592001780874818e6	-0.12431902159614111
2.4592001804022966e6	-0.12394078387848399
2.4592001827171114e6	-0.12356254616082689
2.4592001850319263e6	-0.12318430844316977
2.459200187346741e6	-0.12280607072551265
2.459200189661556e6	-0.12242783300785555
2.4592001919763708e6	-0.12204959529019843
2.4592001942911856e6	-0.12167135757254131
2.4592001966060004e6	-0.12129311985488421
2.4592001989208153e6	-0.12091488213722709
2.45920020123563e6	-0.12053664441956999
2.459200203550445e6	-0.12015840670191287
2.4592002058652597e6	-0.11978016898425575
2.4592002081800746e6	-0.11940193126659865
2.4592002104948894e6	-0.11902369354894153
2.4592002128097042e6	-0.11864545583128441
2.459200215124519e6	-0.11826721811362731
2.459200217439334e6	-0.11788898039597019
2.4592002197541487e6	-0.11751074267831309
2.4592002220689636e6	-0.11713250496065597
2.4592002243837784e6	-0.11675426724299885
2.4592002266985932e6	-0.11637602952534175
2.4592002290134076e6	-0.11599779188377307
2.4592002313282224e6	-0.11561955416611597
2.4592002336430373e6	-0.11524131644845885
2.459200235957852e6	-0.11486307873080175
2.459200238272667e6	-0.11448484101314463
2.4592002405874818e6	-0.11410660329548751
2.4592002429022966e6	-0.1137283655778304
2.4592002452171114e6	-0.11335012786017329
2.4592002475319263e6	-0.11297189014251617
2.459200249846741e6	-0.11259365242485907
2.459200252161556e6	-0.11221541470720195
2.4592002544763708e6	-0.11183717698954485
2.4592002567911856e6	-0.11145893927188773
2.4592002591060004e6	-0.11108070155423061
2.4592002614208153e6	-0.1107024638365735
2.45920026373563e6	-0.11032422611891639
2.459200266050445e6	-0.10994598840125927
2.4592002683652597e6	-0.10956775068360217
2.4592002706800746e6	-0.10918951296594505
2.4592002729948894e6	-0.10881127524828793
2.4592002753097042e6	-0.10843303753063083
2.459200277624519e6	-0.10805479981297371
2.459200279939334e6	-0.1076765620953166
2.4592002822541487e6	-0.10729832437765949
2.4592002845689636e6	-0.10692008666000237
2.4592002868837784e6	-0.10654184894234527
2.4592002891985932e6	-0.10616361122468815
2.4592002915134076e6	-0.10578537358311949
2.4592002938282224e6	-0.10540713586546237
2.4592002961430373e6	-0.10502889814780526
2.459200298457852e6	-0.10465066043014815
2.459200300772667e6	-0.10427242271249103
2.4592003030874818e6	-0.10389418499483392
2.4592003054022966e6	-0.1035159472771768
2.4592003077171114e6	-0.10313770955951969
2.4592003100319263e6	-0.10275947184186258
2.459200312346741e6	-0.10238123412420547
2.459200314661556e6	-0.10200299640654836
2.4592003169763708e6	-0.10162475868889125
2.4592003192911856e6	-0.10124652097123413
2.4592003216060004e6	-0.10086828325357702
2.4592003239208153e6	-0.1004900455359199
2.45920032623563e6	-0.10011180781826279
2.459200328550445e6	-0.09973357010060568
2.4592003308652597e6	-0.09935533238294857
2.4592003331800746e6	-0.09897709466529146
2.4592003354948894e6	-0.09859885694763434
2.4592003378097042e6	-0.09822061922997723
2.459200340124519e6	-0.09784238151232012
2.459200342439334e6	-0.097464143794663
2.4592003447541487e6	-0.09708590607700589
2.4592003470689636e6	-0.09670766835934878
2.4592003493837784e6	-0.09632943064169167
2.4592003516985932e6	-0.09595119292403456
2.4592003540134076e6	-0.09557295528246589
2.4592003563282224e6	-0.09519471756480878
2.4592003586430373e6	-0.09481647984715166
2.459200360957852e6	-0.09443824212949455
2.459200363272667e6	-0.09406000441183744
2.4592003655874818e6	-0.09368176669418032
2.4592003679022966e6	-0.0933035289765232
2.4592003702171114e6	-0.0929252912588661
2.4592003725319263e6	-0.09254705354120898
2.459200374846741e6	-0.09216881582355188
2.459200377161556e6	-0.09179057810589476
2.4592003794763708e6	-0.09141234038823765
2.4592003817911856e6	-0.09103410267058054
2.4592003841060004e6	-0.09065586495292342
2.4592003864208153e6	-0.0902776272352663
2.45920038873563e6	-0.0898993895176092
2.459200391050445e6	-0.08952115179995208
2.4592003933652597e6	-0.08914291408229498
2.4592003956800746e6	-0.08876467636463786
2.4592003979948894e6	-0.08838643864698074
2.4592004003097042e6	-0.08800820092932364
2.459200402624519e6	-0.08762996321166652
2.459200404939334e6	-0.0872517254940094
2.4592004072541487e6	-0.0868734877763523
2.4592004095689636e6	-0.08649525005869518
2.4592004118837784e6	-0.08611701234103808
2.4592004141985932e6	-0.08573877462338096
2.4592004165134076e6	-0.0853605369818123
2.4592004188282224e6	-0.08498229926415518
2.4592004211430373e6	-0.08460406154649806
2.459200423457852e6	-0.08422582382884096
2.459200425772667e6	-0.08384758611118384
2.4592004280874818e6	-0.08346934839352672
2.4592004304022966e6	-0.08309111067586962
2.4592004327171114e6	-0.0827128729582125
2.4592004350319263e6	-0.0823346352405554
2.459200437346741e6	-0.08195639752289828
2.459200439661556e6	-0.08157815980524116
2.4592004419763708e6	-0.08119992208758406
2.4592004442911856e6	-0.08082168436992694
2.4592004466060004e6	-0.08044344665226982
2.4592004489208153e6	-0.08006520893461272
2.45920045123563e6	-0.0796869712169556
2.459200453550445e6	-0.0793087334992985
2.4592004558652597e6	-0.07893049578164138
2.4592004581800746e6	-0.07855225806398426
2.4592004604948894e6	-0.07817402034632716
2.4592004628097042e6	-0.07779578262867004
2.459200465124519e6	-0.07741754491101292
2.459200467439334e6	-0.07703930719335582
2.4592004697541487e6	-0.0766610694756987
2.4592004720689636e6	-0.0762828317580416
2.4592004743837784e6	-0.07590459404038448
2.4592004766985932e6	-0.07552635632272736
2.4592004790134076e6	-0.0751481186811587
2.4592004813282224e6	-0.07476988096350158
2.4592004836430373e6	-0.07439164324584448
2.459200485957852e6	-0.07401340552818736
2.459200488272667e6	-0.07363516781053024
2.4592004905874818e6	-0.07325693009287314
2.4592004929022966e6	-0.07287869237521602
2.4592004952171114e6	-0.07250045465755892
2.4592004975319263e6	-0.0721222169399018
2.459200499846741e6	-0.07174397922224468
2.459200502161556e6	-0.07136574150458758
2.4592005044763708e6	-0.07098750378693046
2.4592005067911856e6	-0.07060926606927334
2.4592005091060004e6	-0.07023102835161624
2.4592005114208153e6	-0.06985279063395912
2.45920051373563e6	-0.06947455291630202
2.459200516050445e6	-0.0690963151986449
2.4592005183652597e6	-0.06871807748098778
2.4592005206800746e6	-0.06833983976333068
2.4592005229948894e6	-0.06796160204567356
2.4592005253097042e6	-0.06758336432801644
2.459200527624519e6	-0.06720512661035934
2.459200529939334e6	-0.06682688889270222
2.4592005322541487e6	-0.06644865117504511
2.4592005345689636e6	-0.066070413457388
2.4592005368837784e6	-0.06569217573973088
2.4592005391985932e6	-0.06531393802207378
2.4592005415134076e6	-0.0649357003805051
2.4592005438282224e6	-0.064557462662848
2.4592005461430373e6	-0.06417922494519088
2.459200548457852e6	-0.06380098722753377
2.459200550772667e6	-0.06342274950987666
2.4592005530874818e6	-0.06304451179221954
2.4592005554022966e6	-0.06266627407456243
2.4592005577171114e6	-0.062288036356905316
2.4592005600319263e6	-0.061909798639248205
2.459200562346741e6	-0.061531560921591094
2.459200564661556e6	-0.061153323203933976
2.4592005669763708e6	-0.060775085486276866
2.4592005692911856e6	-0.060396847768619755
2.4592005716060004e6	-0.06001861005096264
2.4592005739208153e6	-0.059640372333305526
2.45920057623563e6	-0.059262134615648415
2.459200578550445e6	-0.058883896897991304
2.4592005808652597e6	-0.05850565918033419
2.4592005831800746e6	-0.058127421462677076
2.4592005854948894e6	-0.057749183745019965
2.4592005878097042e6	-0.057370946027362854
2.459200590124519e6	-0.056992708309705736
2.459200592439334e6	-0.056614470592048625
2.4592005947541487e6	-0.056236232874391515
2.4592005970689636e6	-0.055857995156734404
2.4592005993837784e6	-0.055479757439077286
2.4592006016985932e6	-0.055101519721420175
2.4592006040134076e6	-0.05472328207985151
2.4592006063282224e6	-0.054345044362194395
2.4592006086430373e6	-0.053966806644537284
2.459200610957852e6	-0.05358856892688017
2.459200613272667e6	-0.05321033120922306
2.4592006155874818e6	-0.052832093491565944
2.4592006179022966e6	-0.052453855773908833
2.4592006202171114e6	-0.05207561805625172
2.4592006225319263e6	-0.05169738033859461
2.459200624846741e6	-0.051319142620937494
2.459200627161556e6	-0.05094090490328038
2.4592006294763708e6	-0.05056266718562327
2.4592006317911856e6	-0.05018442946796616
2.4592006341060004e6	-0.049806191750309044
2.4592006364208153e6	-0.04942795403265193
2.45920063873563e6	-0.04904971631499482
2.459200641050445e6	-0.04867147859733771
2.4592006433652597e6	-0.04829324087968059
2.4592006456800746e6	-0.04791500316202348
2.4592006479948894e6	-0.04753676544436637
2.4592006503097042e6	-0.04715852772670926
2.459200652624519e6	-0.04678029000905214
2.459200654939334e6	-0.04640205229139503
2.4592006572541487e6	-0.04602381457373792
2.4592006595689636e6	-0.045645576856080804
2.4592006618837784e6	-0.04526733913842369
2.4592006641985932e6	-0.04488910142076658
2.4592006665134076e6	-0.04451086377919791
2.4592006688282224e6	-0.0441326260615408
2.4592006711430373e6	-0.04375438834388369
2.459200673457852e6	-0.04337615062622658
2.459200675772667e6	-0.04299791290856946
2.4592006780874818e6	-0.04261967519091235
2.4592006804022966e6	-0.04224143747325524
2.4592006827171114e6	-0.04186319975559813
2.4592006850319263e6	-0.04148496203794101
2.459200687346741e6	-0.0411067243202839
2.459200689661556e6	-0.04072848660262679
2.4592006919763708e6	-0.04035024888496968
2.4592006942911856e6	-0.03997201116731256
2.4592006966060004e6	-0.03959377344965545
2.4592006989208153e6	-0.03921553573199834
2.45920070123563e6	-0.03883729801434123
2.459200703550445e6	-0.03845906029668411
2.4592007058652597e6	-0.038080822579027
2.4592007081800746e6	-0.03770258486136989
2.4592007104948894e6	-0.03732434714371278
2.4592007128097042e6	-0.03694610942605566
2.459200715124519e6	-0.03656787170839855
2.459200717439334e6	-0.03618963399074144
2.4592007197541487e6	-0.03581139627308433
2.4592007220689636e6	-0.03543315855542721
2.4592007243837784e6	-0.0350549208377701
2.4592007266985932e6	-0.03467668312011299
2.4592007290134076e6	-0.03429844547854432
2.4592007313282224e6	-0.03392020776088721
2.4592007336430373e6	-0.0335419700432301
2.459200735957852e6	-0.03316373232557298
2.459200738272667e6	-0.03278549460791587
2.4592007405874818e6	-0.03240725689025876
2.4592007429022966e6	-0.03202901917260165
2.4592007452171114e6	-0.03165078145494453
2.4592007475319263e6	-0.03127254373728742
2.459200749846741e6	-0.030894306019630308
2.459200752161556e6	-0.030516068301973193
2.4592007544763708e6	-0.030137830584316082
2.4592007567911856e6	-0.029759592866658968
2.4592007591060004e6	-0.029381355149001857
2.4592007614208153e6	-0.029003117431344743
2.45920076373563e6	-0.028624879713687632
2.459200766050445e6	-0.028246641996030518
2.4592007683652597e6	-0.027868404278373407
2.4592007706800746e6	-0.027490166560716293
2.4592007729948894e6	-0.027111928843059182
2.4592007753097042e6	-0.026733691125402068
2.459200777624519e6	-0.026355453407744957
2.459200779939334e6	-0.025977215690087842
2.4592007822541487e6	-0.02559897797243073
2.4592007845689636e6	-0.025220740254773617
2.4592007868837784e6	-0.024842502537116506
2.4592007891985932e6	-0.024464264819459392
2.4592007915134076e6	-0.024086027177890726
2.4592007938282224e6	-0.02370778946023361
2.4592007961430373e6	-0.0233295517425765
2.459200798457852e6	-0.022951314024919386
2.459200800772667e6	-0.022573076307262276
2.4592008030874818e6	-0.02219483858960516
2.4592008054022966e6	-0.02181660087194805
2.4592008077171114e6	-0.021438363154290936
2.4592008100319263e6	-0.021060125436633825
2.459200812346741e6	-0.02068188771897671
2.459200814661556e6	-0.0203036500013196
2.4592008169763708e6	-0.019925412283662486
2.4592008192911856e6	-0.019547174566005375
2.4592008216060004e6	-0.01916893684834826
2.4592008239208153e6	-0.01879069913069115
2.45920082623563e6	-0.018412461413034036
2.459200828550445e6	-0.018034223695376925
2.4592008308652597e6	-0.01765598597771981
2.4592008331800746e6	-0.0172777482600627
2.4592008354948894e6	-0.016899510542405585
2.4592008378097042e6	-0.016521272824748474
2.459200840124519e6	-0.01614303510709136
2.459200842439334e6	-0.01576479738943425
2.4592008447541487e6	-0.015386559671777137
2.4592008470689636e6	-0.015008321954120024
2.4592008493837784e6	-0.014630084236462912
2.4592008516985932e6	-0.014251846518805799
2.4592008540134076e6	-0.013873608877237131
2.4592008563282224e6	-0.013495371159580018
2.4592008586430373e6	-0.013117133441922906
2.459200860957852e6	-0.012738895724265793
2.459200863272667e6	-0.01236065800660868
2.4592008655874818e6	-0.011982420288951568
2.4592008679022966e6	-0.011604182571294456
2.4592008702171114e6	-0.011225944853637343
2.4592008725319263e6	-0.01084770713598023
2.459200874846741e6	-0.010469469418323118
2.459200877161556e6	-0.010091231700666005
2.4592008794763708e6	-0.009712993983008893
2.4592008817911856e6	-0.00933475626535178
2.4592008841060004e6	-0.008956518547694668
2.4592008864208153e6	-0.008578280830037555
2.45920088873563e6	-0.008200043112380442
2.459200891050445e6	-0.00782180539472333
2.4592008933652597e6	-0.007443567677066217
2.4592008956800746e6	-0.007065329959409105
2.4592008979948894e6	-0.006687092241751992
2.4592009003097042e6	-0.0063088545240948795
2.459200902624519e6	-0.005930616806437767
2.459200904939334e6	-0.005552379088780654
2.4592009072541487e6	-0.005174141371123541
2.4592009095689636e6	-0.004795903653466428
2.4592009118837784e6	-0.004417665935809316
2.4592009141985932e6	-0.004039428218152203
2.4592009165134076e6	-0.0036611905765835365
2.4592009188282224e6	-0.003282952858926424
2.4592009211430373e6	-0.0029047151412693113
2.459200923457852e6	-0.0025264774236121988
2.459200925772667e6	-0.002148239705955086
2.4592009280874818e6	-0.0017700019882979736
2.4592009304022966e6	-0.001391764270640861
2.4592009327171114e6	-0.0010135265529837483
2.4592009350319263e6	-0.0006352888353266358
2.459200937346741e6	-0.00025705111766952316
2.459200939661556e6	0.00012118659998758945
2.4592009419763708e6	0.000499424317644702
2.4592009442911856e6	0.0008776620353018146
2.4592009466060004e6	0.0012558997529589272
2.4592009489208153e6	0.0016341374706160398
2.45920095123563e6	0.0020123751882731526
2.459200953550445e6	0.002390612905930265
2.4592009558652597e6	0.0027688506235873777
2.4592009581800746e6	0.0031470883412444903
2.4592009604948894e6	0.003525326058901603
2.4592009628097042e6	0.0039035637765587154
2.459200965124519e6	0.004281801494215828
2.459200967439334e6	0.004660039211872941
2.4592009697541487e6	0.005038276929530053
2.4592009720689636e6	0.005416514647187166
2.4592009743837784e6	0.005794752364844278
2.4592009766985932e6	0.006172990082501391
2.4592009790134076e6	0.006551227724070058
2.4592009813282224e6	0.006929465441727171
2.4592009836430373e6	0.007307703159384283
2.459200985957852e6	0.007685940877041396
2.459200988272667e6	0.00806417859469851
2.4592009905874818e6	0.008442416312355622
2.4592009929022966e6	0.008820654030012734
2.4592009952171114e6	0.009198891747669847
2.4592009975319263e6	0.00957712946532696
2.459200999846741e6	0.009955367182984072
2.459201002161556e6	0.010333604900641185
2.4592010044763708e6	0.010711842618298297
2.4592010067911856e6	0.01109008033595541
2.4592010091060004e6	0.011468318053612522
2.4592010114208153e6	0.011846555771269635
2.45920101373563e6	0.012224793488926747
2.459201016050445e6	0.01260303120658386
2.4592010183652597e6	0.012981268924240973
2.4592010206800746e6	0.013359506641898085
2.4592010229948894e6	0.013737744359555198
2.4592010253097042e6	0.01411598207721231
2.459201027624519e6	0.014494219794869423
2.459201029939334e6	0.014872457512526535
2.4592010322541487e6	0.015250695230183648
2.4592010345689636e6	0.01562893294784076
2.4592010368837784e6	0.016007170665497873
2.4592010391985932e6	0.016385408383154984
2.4592010415134076e6	0.016763646024723654
2.4592010438282224e6	0.017141883742380765
2.4592010461430373e6	0.01752012146003788
2.459201048457852e6	0.01789835917769499
2.459201050772667e6	0.018276596895352104
2.4592010530874818e6	0.018654834613009215
2.4592010554022966e6	0.01903307233066633
2.4592010577171114e6	0.01941131004832344
2.4592010600319263e6	0.019789547765980554
2.459201062346741e6	0.020167785483637665
2.459201064661556e6	0.02054602320129478
2.4592010669763708e6	0.02092426091895189
2.4592010692911856e6	0.021302498636609005
2.4592010716060004e6	0.021680736354266116
2.4592010739208153e6	0.02205897407192323
2.45920107623563e6	0.02243721178958034
2.459201078550445e6	0.022815449507237455
2.4592010808652597e6	0.023193687224894566
2.4592010831800746e6	0.02357192494255168
2.4592010854948894e6	0.02395016266020879
2.4592010878097042e6	0.024328400377865905
2.459201090124519e6	0.024706638095523016
2.459201092439334e6	0.02508487581318013
2.4592010947541487e6	0.02546311353083724
2.4592010970689636e6	0.025841351248494356
2.4592010993837784e6	0.026219588966151466
2.4592011016985932e6	0.02659782668380858
2.4592011040134076e6	0.026976064325377247
2.4592011063282224e6	0.02735430204303436
2.4592011086430373e6	0.027732539760691472
2.459201110957852e6	0.028110777478348586
2.459201113272667e6	0.028489015196005697
2.4592011155874818e6	0.02886725291366281
2.4592011179022966e6	0.029245490631319922
2.4592011202171114e6	0.029623728348977037
2.4592011225319263e6	0.030001966066634148
2.459201124846741e6	0.030380203784291262
2.459201127161556e6	0.030758441501948373
2.4592011294763708e6	0.031136679219605487
2.4592011317911856e6	0.0315149169372626
2.4592011341060004e6	0.03189315465491971
2.4592011364208153e6	0.032271392372576826
2.45920113873563e6	0.03264963009023394
2.459201141050445e6	0.03302786780789105
2.4592011433652597e6	0.03340610552554816
2.4592011456800746e6	0.03378434324320528
2.4592011479948894e6	0.03416258096086239
2.4592011503097042e6	0.0345408186785195
2.459201152624519e6	0.03491905639617661
2.459201154939334e6	0.03529729411383373
2.4592011572541487e6	0.03567553183149084
2.4592011595689636e6	0.03605376954914795
2.4592011618837784e6	0.03643200726680506
2.4592011641985932e6	0.03681024498446218
2.4592011665134076e6	0.03718848262603084
2.4592011688282224e6	0.03756672034368795
2.4592011711430373e6	0.03794495806134507
2.459201173457852e6	0.03832319577900218
2.459201175772667e6	0.03870143349665929
2.4592011780874818e6	0.03907967121431641
2.4592011804022966e6	0.03945790893197352
2.4592011827171114e6	0.03983614664963063
2.4592011850319263e6	0.04021438436728774
2.459201187346741e6	0.04059262208494486
2.459201189661556e6	0.04097085980260197
2.4592011919763708e6	0.04134909752025908
2.4592011942911856e6	0.04172733523791619
2.4592011966060004e6	0.04210557295557331
2.4592011989208153e6	0.04248381067323042
2.45920120123563e6	0.04286204839088753
2.459201203550445e6	0.04324028610854464
2.4592012058652597e6	0.04361852382620176
2.4592012081800746e6	0.04399676154385887
2.4592012104948894e6	0.04437499926151598
2.4592012128097042e6	0.04475323697917309
2.459201215124519e6	0.04513147469683021
2.459201217439334e6	0.04550971241448732
2.4592012197541487e6	0.04588795013214443
2.4592012220689636e6	0.04626618784980154
2.4592012243837784e6	0.04664442556745866
2.4592012266985932e6	0.04702266328511577
2.4592012290134076e6	0.04740090092668443
2.4592012313282224e6	0.04777913864434155
2.4592012336430373e6	0.04815737636199866
2.459201235957852e6	0.04853561407965577
2.459201238272667e6	0.048913851797312884
2.4592012405874818e6	0.04929208951497
2.4592012429022966e6	0.04967032723262711
2.4592012452171114e6	0.05004856495028422
2.4592012475319263e6	0.050426802667941334
2.459201249846741e6	0.05080504038559845
2.459201252161556e6	0.05118327810325556
2.4592012544763708e6	0.05156151582091267
2.4592012567911856e6	0.051939753538569784
2.4592012591060004e6	0.0523179912562269
2.4592012614208153e6	0.05269622897388401
2.45920126373563e6	0.053074466691541124
2.459201266050445e6	0.05345270440919824
2.4592012683652597e6	0.05383094212685535
2.4592012706800746e6	0.05420917984451246
2.4592012729948894e6	0.054587417562169574
2.4592012753097042e6	0.05496565527982669
2.459201277624519e6	0.0553438929974838
2.459201279939334e6	0.05572213071514091
2.4592012822541487e6	0.056100368432798024
2.4592012845689636e6	0.05647860615045514
2.4592012868837784e6	0.05685684386811225
2.4592012891985932e6	0.057235081585769364
2.4592012915134076e6	0.05761331922733803
2.4592012938282224e6	0.057991556944995144
2.4592012961430373e6	0.058369794662652255
2.459201298457852e6	0.058748032380309366
2.459201300772667e6	0.059126270097966484
2.4592013030874818e6	0.059504507815623595
2.4592013054022966e6	0.059882745533280705
2.4592013077171114e6	0.060260983250937816
2.4592013100319263e6	0.060639220968594934
2.459201312346741e6	0.061017458686252045
2.459201314661556e6	0.061395696403909156
2.4592013169763708e6	0.06177393412156627
2.4592013192911856e6	0.062152171839223384
2.4592013216060004e6	0.0625304095568805
2.4592013239208153e6	0.06290864727453761
2.45920132623563e6	0.06328688499219472
2.459201328550445e6	0.06366512270985183
2.4592013308652597e6	0.06404336042750894
2.4592013331800746e6	0.06442159814516606
2.4592013354948894e6	0.06479983586282317
2.4592013378097042e6	0.06517807358048028
2.459201340124519e6	0.0655563112981374
2.459201342439334e6	0.06593454901579451
2.4592013447541487e6	0.06631278673345162
2.4592013470689636e6	0.06669102445110874
2.4592013493837784e6	0.06706926216876584
2.4592013516985932e6	0.06744749988642296
2.4592013540134076e6	0.06782573752799162
2.4592013563282224e6	0.06820397524564874
2.4592013586430373e6	0.06858221296330586
2.459201360957852e6	0.06896045068096296
2.459201363272667e6	0.06933868839862008
2.4592013655874818e6	0.0697169261162772
2.4592013679022966e6	0.0700951638339343
2.4592013702171114e6	0.07047340155159142
2.4592013725319263e6	0.07085163926924852
2.459201374846741e6	0.07122987698690564
2.459201377161556e6	0.07160811470456276
2.4592013794763708e6	0.07198635242221986
2.4592013817911856e6	0.07236459013987698
2.4592013841060004e6	0.0727428278575341
2.4592013864208153e6	0.0731210655751912
2.45920138873563e6	0.07349930329284832
2.459201391050445e6	0.07387754101050542
2.4592013933652597e6	0.07425577872816254
2.4592013956800746e6	0.07463401644581966
2.4592013979948894e6	0.07501225416347676
2.4592014003097042e6	0.07539049188113388
2.459201402624519e6	0.075768729598791
2.459201404939334e6	0.0761469673164481
2.4592014072541487e6	0.07652520503410522
2.4592014095689636e6	0.07690344275176232
2.4592014118837784e6	0.07728168046941944
2.4592014141985932e6	0.07765991818707656
2.4592014165134076e6	0.07803815582864522
2.4592014188282224e6	0.07841639354630234
2.4592014211430373e6	0.07879463126395944
2.459201423457852e6	0.07917286898161656
2.459201425772667e6	0.07955110669927368
2.4592014280874818e6	0.07992934441693078
2.4592014304022966e6	0.0803075821345879
2.4592014327171114e6	0.080685819852245
2.4592014350319263e6	0.08106405756990212
2.459201437346741e6	0.08144229528755924
2.459201439661556e6	0.08182053300521634
2.4592014419763708e6	0.08219877072287346
2.4592014442911856e6	0.08257700844053058
2.4592014466060004e6	0.08295524615818768
2.4592014489208153e6	0.0833334838758448
2.45920145123563e6	0.0837117215935019
2.459201453550445e6	0.08408995931115902
2.4592014558652597e6	0.08446819702881614
2.4592014581800746e6	0.08484643474647324
2.4592014604948894e6	0.08522467246413036
2.4592014628097042e6	0.08560291018178748
2.459201465124519e6	0.08598114789944458
2.459201467439334e6	0.0863593856171017
2.4592014697541487e6	0.0867376233347588
2.4592014720689636e6	0.08711586105241592
2.4592014743837784e6	0.08749409877007304
2.4592014766985932e6	0.08787233648773014
2.4592014790134076e6	0.08825057412929882
2.4592014813282224e6	0.08862881184695592
2.4592014836430373e6	0.08900704956461304
2.459201485957852e6	0.08938528728227016
2.459201488272667e6	0.08976352499992726
2.4592014905874818e6	0.09014176271758438
2.4592014929022966e6	0.09052000043524148
2.4592014952171114e6	0.0908982381528986
2.4592014975319263e6	0.09127647587055572
2.459201499846741e6	0.09165471358821282
2.459201502161556e6	0.09203295130586994
2.4592015044763708e6	0.09241118902352706
2.4592015067911856e6	0.09278942674118416
2.4592015091060004e6	0.09316766445884128
2.4592015114208153e6	0.09354590217649839
2.45920151373563e6	0.0939241398941555
2.459201516050445e6	0.09430237761181262
2.4592015183652597e6	0.09468061532946973
2.4592015206800746e6	0.09505885304712684
2.4592015229948894e6	0.09543709076478396
2.4592015253097042e6	0.09581532848244106
2.459201527624519e6	0.09619356620009818
2.459201529939334e6	0.09657180391775529
2.4592015322541487e6	0.0969500416354124
2.4592015345689636e6	0.09732827935306952
2.4592015368837784e6	0.09770651707072663
2.4592015391985932e6	0.09808475478838374
2.4592015415134076e6	0.0984629924299524
2.4592015438282224e6	0.09884123014760952
2.4592015461430373e6	0.09921946786526663
2.459201548457852e6	0.09959770558292375
2.459201550772667e6	0.09997594330058086
2.4592015530874818e6	0.10035418101823797
2.4592015554022966e6	0.10073241873589509
2.4592015577171114e6	0.1011106564535522
2.4592015600319263e6	0.1014888941712093
2.459201562346741e6	0.10186713188886642
2.459201564661556e6	0.10224536960652353
2.4592015669763708e6	0.10262360732418065
2.4592015692911856e6	0.10300184504183776
2.4592015716060004e6	0.10338008275949487
2.4592015739208153e6	0.10375832047715199
2.45920157623563e6	0.1041365581948091
2.459201578550445e6	0.10451479591246621
2.4592015808652597e6	0.10489303363012333
2.4592015831800746e6	0.10527127134778044
2.4592015854948894e6	0.10564950906543755
2.4592015878097042e6	0.10602774678309466
2.459201590124519e6	0.10640598450075177
2.459201592439334e6	0.10678422221840889
2.4592015947541487e6	0.107162459936066
2.4592015970689636e6	0.10754069765372311
2.4592015993837784e6	0.10791893537138023
2.4592016016985932e6	0.10829717308903734
2.4592016040134076e6	0.108675410730606
2.4592016063282224e6	0.10905364844826311
2.4592016086430373e6	0.10943188616592023
2.459201610957852e6	0.10981012388357735
2.459201613272667e6	0.11018836160123445
2.4592016155874818e6	0.11056659931889157
2.4592016179022966e6	0.11094483703654869
2.4592016202171114e6	0.11132307475420579
2.4592016225319263e6	0.1117013124718629
2.459201624846741e6	0.11207955018952001
2.459201627161556e6	0.11245778790717713
2.4592016294763708e6	0.11283602562483425
2.4592016317911856e6	0.11321426334249135
2.4592016341060004e6	0.11359250106014847
2.4592016364208153e6	0.11397073877780559
2.45920163873563e6	0.11434897649546269
2.459201641050445e6	0.11472721421311981
2.4592016433652597e6	0.11510545193077691
2.4592016456800746e6	0.11548368964843403
2.4592016479948894e6	0.11586192736609115
2.4592016503097042e6	0.11624016508374825
2.459201652624519e6	0.11661840280140537
2.459201654939334e6	0.11699664051906249
2.4592016572541487e6	0.11737487823671959
2.4592016595689636e6	0.11775311595437671
2.4592016618837784e6	0.11813135367203383
2.4592016641985932e6	0.11850959138969093
2.4592016665134076e6	0.11888782903125959
2.4592016688282224e6	0.11926606674891671
2.4592016711430373e6	0.11964430446657383
2.459201673457852e6	0.12002254218423093
2.459201675772667e6	0.12040077990188805
2.4592016780874818e6	0.12077901761954517
2.4592016804022966e6	0.12115725533720227
2.4592016827171114e6	0.12153549305485939
2.4592016850319263e6	0.1219137307725165
2.459201687346741e6	0.12229196849017361
2.459201689661556e6	0.12267020620783073
2.4592016919763708e6	0.12304844392548783
2.4592016942911856e6	0.12342668164314495
2.4592016966060004e6	0.12380491936080207
2.4592016989208153e6	0.12418315707845917
2.45920170123563e6	0.12456139479611629
2.459201703550445e6	0.1249396325137734
2.4592017058652597e6	0.1253178702314305
2.4592017081800746e6	0.12569610794908762
2.4592017104948894e6	0.12607434566674475
2.4592017128097042e6	0.12645258338440185
2.459201715124519e6	0.12683082110205895
2.459201717439334e6	0.1272090588197161
2.4592017197541487e6	0.1275872965373732
2.4592017220689636e6	0.1279655342550303
2.4592017243837784e6	0.12834377197268743
2.4592017266985932e6	0.12872200969034453
2.4592017290134076e6	0.1291002473319132
2.4592017313282224e6	0.1294784850495703
2.4592017336430373e6	0.12985672276722743
2.459201735957852e6	0.13023496048488453
2.459201738272667e6	0.13061319820254164
2.4592017405874818e6	0.13099143592019877
2.4592017429022966e6	0.13136967363785587
2.4592017452171114e6	0.13174791135551298
2.4592017475319263e6	0.1321261490731701
2.459201749846741e6	0.1325043867908272
2.459201752161556e6	0.13288262450848431
2.4592017544763708e6	0.13326086222614142
2.4592017567911856e6	0.13363909994379855
2.4592017591060004e6	0.13401733766145565
2.4592017614208153e6	0.13439557537911276
2.45920176373563e6	0.1347738130967699
2.459201766050445e6	0.135152050814427
2.4592017683652597e6	0.1355302885320841
2.4592017706800746e6	0.13590852624974123
2.4592017729948894e6	0.13628676396739833
2.4592017753097042e6	0.13666500168505544
2.459201777624519e6	0.13704323940271257
2.459201779939334e6	0.13742147712036967
2.4592017822541487e6	0.13779971483802678
2.4592017845689636e6	0.1381779525556839
2.4592017868837784e6	0.138556190273341
2.4592017891985932e6	0.13893442799099812
2.4592017915134076e6	0.13931266563256678
2.4592017938282224e6	0.1396909033502239
2.4592017961430373e6	0.14006914106788101
2.459201798457852e6	0.14044737878553812
2.459201800772667e6	0.14082561650319525
2.4592018030874818e6	0.14120385422085235
2.4592018054022966e6	0.14158209193850946
2.4592018077171114e6	0.1419603296561666
2.4592018100319263e6	0.1423385673738237
2.459201812346741e6	0.1427168050914808
2.459201814661556e6	0.1430950428091379
2.4592018169763708e6	0.14347328052679503
2.4592018192911856e6	0.14385151824445214
2.4592018216060004e6	0.14422975596210924
2.4592018239208153e6	0.14460799367976637
2.45920182623563e6	0.14498623139742348
2.459201828550445e6	0.14536446911508058
2.4592018308652597e6	0.1457427068327377
2.4592018331800746e6	0.14612094455039482
2.4592018354948894e6	0.14649918226805192
2.4592018378097042e6	0.14687741998570905
2.459201840124519e6	0.14725565770336616
2.459201842439334e6	0.14763389542102326
2.4592018447541487e6	0.1480121331386804
2.4592018470689636e6	0.1483903708563375
2.4592018493837784e6	0.1487686085739946
2.4592018516985932e6	0.1491468462916517
2.4592018540134076e6	0.1495250839332204
2.4592018563282224e6	0.1499033216508775
2.4592018586430373e6	0.1502815593685346
2.459201860957852e6	0.15065979708619173
2.459201863272667e6	0.15103803480384884
2.4592018655874818e6	0.15141627252150594
2.4592018679022966e6	0.15179451023916304
2.4592018702171114e6	0.15217274795682018
2.4592018725319263e6	0.15255098567447728
2.459201874846741e6	0.15292922339213438
2.459201877161556e6	0.15330746110979152
2.4592018794763708e6	0.15368569882744862
2.4592018817911856e6	0.15406393654510572
2.4592018841060004e6	0.15444217426276285
2.4592018864208153e6	0.15482041198041996
2.45920188873563e6	0.15519864969807706
2.459201891050445e6	0.1555768874157342
2.4592018933652597e6	0.1559551251333913
2.4592018956800746e6	0.1563333628510484
2.4592018979948894e6	0.15671160056870553
2.4592019003097042e6	0.15708983828636264
2.459201902624519e6	0.15746807600401974
2.459201904939334e6	0.15784631372167687
2.4592019072541487e6	0.15822455143933398
2.4592019095689636e6	0.15860278915699108
2.4592019118837784e6	0.15898102687464818
2.4592019141985932e6	0.15935926459230532
2.4592019165134076e6	0.15973750223387398
2.4592019188282224e6	0.16011573995153108
2.4592019211430373e6	0.16049397766918821
2.459201923457852e6	0.16087221538684532
2.459201925772667e6	0.16125045310450242
2.4592019280874818e6	0.16162869082215953
2.4592019304022966e6	0.16200692853981666
2.4592019327171114e6	0.16238516625747376
2.4592019350319263e6	0.16276340397513087
2.459201937346741e6	0.163141641692788
2.459201939661556e6	0.1635198794104451
2.4592019419763708e6	0.1638981171281022
2.4592019442911856e6	0.16427635484575934
2.4592019466060004e6	0.16465459256341644
2.4592019489208153e6	0.16503283028107354
2.45920195123563e6	0.16541106799873068
2.459201953550445e6	0.16578930571638778
2.4592019558652597e6	0.16616754343404488
2.4592019581800746e6	0.16654578115170202
2.4592019604948894e6	0.16692401886935912
2.4592019628097042e6	0.16730225658701622
2.459201965124519e6	0.16768049430467336
2.459201967439334e6	0.16805873202233046
2.4592019697541487e6	0.16843696973998756
2.4592019720689636e6	0.16881520745764467
2.4592019743837784e6	0.1691934451753018
2.4592019766985932e6	0.1695716828929589
2.4592019790134076e6	0.16994992053452757
2.4592019813282224e6	0.1703281582521847
2.4592019836430373e6	0.1707063959698418
2.459201985957852e6	0.1710846336874989
2.459201988272667e6	0.171462871405156
2.4592019905874818e6	0.17184110912281314
2.4592019929022966e6	0.17221934684047024
2.4592019952171114e6	0.17259758455812735
2.4592019975319263e6	0.17297582227578448
2.459201999846741e6	0.17335405999344158
2.459202002161556e6	0.1737322977110987
2.4592020044763708e6	0.17411053542875582
2.4592020067911856e6	0.17448877314641292
2.4592020091060004e6	0.17486701086407003
2.4592020114208153e6	0.17524524858172716
2.45920201373563e6	0.17562348629938426
2.459202016050445e6	0.17600172401704137
2.4592020183652597e6	0.1763799617346985
2.4592020206800746e6	0.1767581994523556
2.4592020229948894e6	0.1771364371700127
2.4592020253097042e6	0.1775146748876698
2.459202027624519e6	0.17789291260532694
2.459202029939334e6	0.17827115032298405
2.4592020322541487e6	0.17864938804064115
2.4592020345689636e6	0.17902762575829828
2.4592020368837784e6	0.17940586347595538
2.4592020391985932e6	0.1797841011936125
2.4592020415134076e6	0.18016233883518118
2.4592020438282224e6	0.18054057655283828
2.4592020461430373e6	0.1809188142704954
2.459202048457852e6	0.1812970519881525
2.459202050772667e6	0.18167528970580962
2.4592020530874818e6	0.18205352742346673
2.4592020554022966e6	0.18243176514112383
2.4592020577171114e6	0.18281000285878096
2.4592020600319263e6	0.18318824057643807
2.459202062346741e6	0.18356647829409517
2.459202064661556e6	0.1839447160117523
2.4592020669763708e6	0.1843229537294094
2.4592020692911856e6	0.1847011914470665
2.4592020716060004e6	0.18507942916472364
2.4592020739208153e6	0.18545766688238075
2.45920207623563e6	0.18583590460003785
2.459202078550445e6	0.18621414231769498
2.4592020808652597e6	0.18659238003535208
2.4592020831800746e6	0.1869706177530092
2.4592020854948894e6	0.1873488554706663
2.4592020878097042e6	0.18772709318832342
2.459202090124519e6	0.18810533090598053
2.459202092439334e6	0.18848356862363763
2.4592020947541487e6	0.18886180634129476
2.4592020970689636e6	0.18924004405895187
2.4592020993837784e6	0.18961828177660897
2.4592021016985932e6	0.1899965194942661
2.4592021040134076e6	0.19037475713583477
2.4592021063282224e6	0.19075299485349187
2.4592021086430373e6	0.19113123257114897
2.459202110957852e6	0.1915094702888061
2.459202113272667e6	0.1918877080064632
2.4592021155874818e6	0.1922659457241203
2.4592021179022966e6	0.19264418344177744
2.4592021202171114e6	0.19302242115943455
2.4592021225319263e6	0.19340065887709165
2.459202124846741e6	0.19377889659474878
2.459202127161556e6	0.1941571343124059
2.4592021294763708e6	0.194535372030063
2.4592021317911856e6	0.19491360974772012
2.4592021341060004e6	0.19529184746537723
2.4592021364208153e6	0.19567008518303433
2.45920213873563e6	0.19604832290069146
2.459202141050445e6	0.19642656061834857
2.4592021433652597e6	0.19680479833600567
2.4592021456800746e6	0.19718303605366277
2.4592021479948894e6	0.1975612737713199
2.4592021503097042e6	0.197939511488977
2.459202152624519e6	0.19831774920663411
2.459202154939334e6	0.19869598692429125
2.4592021572541487e6	0.19907422464194835
2.4592021595689636e6	0.19945246235960545
2.4592021618837784e6	0.19983070007726259
2.4592021641985932e6	0.2002089377949197
2.4592021665134076e6	0.20058717543648835
2.4592021688282224e6	0.20096541315414546
2.4592021711430373e6	0.2013436508718026
2.459202173457852e6	0.2017218885894597
2.459202175772667e6	0.2021001263071168
2.4592021780874818e6	0.20247836402477393
2.4592021804022966e6	0.20285660174243103
2.4592021827171114e6	0.20323483946008813
2.4592021850319263e6	0.20361307717774527
2.459202187346741e6	0.20399131489540237
2.459202189661556e6	0.20436955261305947
2.4592021919763708e6	0.2047477903307166
2.4592021942911856e6	0.2051260280483737
2.4592021966060004e6	0.2055042657660308
2.4592021989208153e6	0.20588250348368795
2.45920220123563e6	0.20626074120134505
2.459202203550445e6	0.20663897891900215
2.4592022058652597e6	0.20701721663665926
2.4592022081800746e6	0.2073954543543164
2.4592022104948894e6	0.2077736920719735
2.4592022128097042e6	0.2081519297896306
2.459202215124519e6	0.20853016750728773
2.459202217439334e6	0.20890840522494483
2.4592022197541487e6	0.20928664294260194
2.4592022220689636e6	0.20966488066025907
2.4592022243837784e6	0.21004311837791617
2.4592022266985932e6	0.21042135609557328
2.4592022290134076e6	0.21079959373714194
2.4592022313282224e6	0.21117783145479907
2.4592022336430373e6	0.21155606917245617
2.459202235957852e6	0.21193430689011328
2.459202238272667e6	0.2123125446077704
2.4592022405874818e6	0.2126907823254275
2.4592022429022966e6	0.21306902004308462
2.4592022452171114e6	0.21344725776074175
2.4592022475319263e6	0.21382549547839885
2.459202249846741e6	0.21420373319605596
2.459202252161556e6	0.2145819709137131
2.4592022544763708e6	0.2149602086313702
2.4592022567911856e6	0.2153384463490273
2.4592022591060004e6	0.2157166840666844
2.4592022614208153e6	0.21609492178434153
2.45920226373563e6	0.21647315950199864
2.459202266050445e6	0.21685139721965574
2.4592022683652597e6	0.21722963493731287
2.4592022706800746e6	0.21760787265496997
2.4592022729948894e6	0.21798611037262708
2.4592022753097042e6	0.2183643480902842
2.459202277624519e6	0.21874258580794131
2.459202279939334e6	0.21912082352559842
2.4592022822541487e6	0.21949906124325555
2.4592022845689636e6	0.21987729896091265
2.4592022868837784e6	0.22025553667856976
2.4592022891985932e6	0.2206337743962269
2.4592022915134076e6	0.22101201203779555
2.4592022938282224e6	0.22139024975545266
2.4592022961430373e6	0.22176848747310976
2.459202298457852e6	0.2221467251907669
2.459202300772667e6	0.222524962908424
2.4592023030874818e6	0.2229032006260811
2.4592023054022966e6	0.22328143834373823
2.4592023077171114e6	0.22365967606139533
2.4592023100319263e6	0.22403791377905244
2.459202312346741e6	0.22441615149670957
2.459202314661556e6	0.22479438921436667
2.4592023169763708e6	0.22517262693202378
2.4592023192911856e6	0.22555086464968088
2.4592023216060004e6	0.22592910236733801
2.4592023239208153e6	0.22630734008499512
2.45920232623563e6	0.22668557780265222
2.459202328550445e6	0.22706381552030935
2.4592023308652597e6	0.22744205323796646
2.4592023331800746e6	0.22782029095562356
2.4592023354948894e6	0.2281985286732807
2.4592023378097042e6	0.2285767663909378
2.459202340124519e6	0.2289550041085949
2.459202342439334e6	0.22933324182625203
2.4592023447541487e6	0.22971147954390914
2.4592023470689636e6	0.23008971726156624
2.4592023493837784e6	0.23046795497922337
2.4592023516985932e6	0.23084619269688048
2.4592023540134076e6	0.23122443033844914
2.4592023563282224e6	0.23160266805610624
2.4592023586430373e6	0.23198090577376337
2.459202360957852e6	0.23235914349142048
2.459202363272667e6	0.23273738120907758
2.4592023655874818e6	0.2331156189267347
2.4592023679022966e6	0.23349385664439182
2.4592023702171114e6	0.23387209436204892
2.4592023725319263e6	0.23425033207970605
2.459202374846741e6	0.23462856979736316
2.459202377161556e6	0.23500680751502026
2.4592023794763708e6	0.23538504523267736
2.4592023817911856e6	0.2357632829503345
2.4592023841060004e6	0.2361415206679916
2.4592023864208153e6	0.2365197583856487
2.45920238873563e6	0.23689799610330584
2.459202391050445e6	0.23727623382096294
2.4592023933652597e6	0.23765447153862004
2.4592023956800746e6	0.23803270925627718
2.4592023979948894e6	0.23841094697393428
2.4592024003097042e6	0.23878918469159138
2.459202402624519e6	0.23916742240924851
2.459202404939334e6	0.23954566012690562
2.4592024072541487e6	0.23992389784456272
2.4592024095689636e6	0.24030213556221985
2.4592024118837784e6	0.24068037327987696
2.4592024141985932e6	0.24105861099753406
2.4592024165134076e6	0.24143684863910272
2.4592024188282224e6	0.24181508635675986
2.4592024211430373e6	0.24219332407441696
2.459202423457852e6	0.24257156179207406
2.459202425772667e6	0.2429497995097312
2.4592024280874818e6	0.2433280372273883
2.4592024304022966e6	0.2437062749450454
2.4592024327171114e6	0.24408451266270254
2.4592024350319263e6	0.24446275038035964
2.459202437346741e6	0.24484098809801674
2.459202439661556e6	0.24521922581567385
2.4592024419763708e6	0.24559746353333098
2.4592024442911856e6	0.24597570125098808
2.4592024466060004e6	0.2463539389686452
2.4592024489208153e6	0.24673217668630232
2.45920245123563e6	0.24711041440395942
2.459202453550445e6	0.24748865212161653
2.4592024558652597e6	0.24786688983927366
2.4592024581800746e6	0.24824512755693076
2.4592024604948894e6	0.24862336527458787
2.4592024628097042e6	0.249001602992245
2.459202465124519e6	0.2493798407099021
2.459202467439334e6	0.2497580784275592
2.4592024697541487e6	0.2501363161452163
2.4592024720689636e6	0.2505145538628734
2.4592024743837784e6	0.25089279158053057
2.4592024766985932e6	0.2512710292981877
2.4592024790134076e6	0.2516492669397563
2.4592024813282224e6	0.2520275046574134
2.4592024836430373e6	0.2524057423750706
2.459202485957852e6	0.2527839800927277
2.459202488272667e6	0.2531622178103848
2.4592024905874818e6	0.2535404555280419
2.4592024929022966e6	0.253918693245699
2.4592024952171114e6	0.2542969309633561
2.4592024975319263e6	0.25467516868101325
2.459202499846741e6	0.25505340639867036
2.459202502161556e6	0.25543164411632746
2.4592025044763708e6	0.25580988183398456
2.4592025067911856e6	0.25618811955164167
2.4592025091060004e6	0.2565663572692988
2.4592025114208153e6	0.25694459498695593
2.45920251373563e6	0.25732283270461304
2.459202516050445e6	0.25770107042227014
2.4592025183652597e6	0.25807930813992724
2.4592025206800746e6	0.25845754585758435
2.4592025229948894e6	0.25883578357524145
2.4592025253097042e6	0.25921402129289856
2.459202527624519e6	0.2595922590105557
2.459202529939334e6	0.2599704967282128
2.4592025322541487e6	0.2603487344458699
2.4592025345689636e6	0.260726972163527
2.4592025368837784e6	0.26110520988118413
2.4592025391985932e6	0.26148344759884123
2.4592025415134076e6	0.2618616852404099
2.4592025438282224e6	0.26223992295806703
2.4592025461430373e6	0.26261816067572413
2.459202548457852e6	0.26299639839338124
2.459202550772667e6	0.2633746361110384
2.4592025530874818e6	0.2637528738286955
2.4592025554022966e6	0.2641311115463526
2.4592025577171114e6	0.2645093492640097
2.4592025600319263e6	0.2648875869816668
2.459202562346741e6	0.2652658246993239
2.459202564661556e6	0.2656440624169811
2.4592025669763708e6	0.2660223001346382
2.4592025692911856e6	0.2664005378522953
2.4592025716060004e6	0.2667787755699524
2.4592025739208153e6	0.2671570132876095
2.45920257623563e6	0.2675352510052666
2.459202578550445e6	0.2679134887229237
2.4592025808652597e6	0.26829172644058086
2.4592025831800746e6	0.26866996415823796
2.4592025854948894e6	0.26904820187589507
2.4592025878097042e6	0.26942643959355217
2.459202590124519e6	0.2698046773112093
2.459202592439334e6	0.2701829150288664
2.4592025947541487e6	0.27056115274652354
2.4592025970689636e6	0.27093939046418064
2.4592025993837784e6	0.27131762818183774
2.4592026016985932e6	0.27169586589949485
2.4592026040134076e6	0.27207410354106354
2.4592026063282224e6	0.27245234125872064
2.4592026086430373e6	0.27283057897637775
2.459202610957852e6	0.27320881669403485
2.459202613272667e6	0.27358705441169195
2.4592026155874818e6	0.27396529212934906
2.4592026179022966e6	0.2743435298470062
2.4592026202171114e6	0.2747217675646633
2.4592026225319263e6	0.2751000052823204
2.459202624846741e6	0.27547824299997753
2.459202627161556e6	0.27585648071763463
2.4592026294763708e6	0.27623471843529174
2.4592026317911856e6	0.27661295615294884
2.4592026341060004e6	0.276991193870606
2.4592026364208153e6	0.2773694315882631
2.45920263873563e6	0.2777476693059202
2.459202641050445e6	0.2781259070235773
2.4592026433652597e6	0.2785041447412344
2.4592026456800746e6	0.2788823824588915
2.4592026479948894e6	0.2792606201765487
2.4592026503097042e6	0.2796388578942058
2.459202652624519e6	0.2800170956118629
2.459202654939334e6	0.28039533332952
2.4592026572541487e6	0.2807735710471771
2.4592026595689636e6	0.2811518087648342
2.4592026618837784e6	0.28153004648249136
2.4592026641985932e6	0.28190828420014846
2.4592026665134076e6	0.2822865218417171
2.4592026688282224e6	0.2826647595593742
2.4592026711430373e6	0.28304299727703136
2.459202673457852e6	0.28342123499468846
2.459202675772667e6	0.28379947271234557
2.4592026780874818e6	0.2841777104300027
2.4592026804022966e6	0.2845559481476598
2.4592026827171114e6	0.2849341858653169
2.4592026850319263e6	0.28531242358297404
2.459202687346741e6	0.28569066130063114
2.459202689661556e6	0.28606889901828825
2.4592026919763708e6	0.28644713673594535
2.4592026942911856e6	0.28682537445360246
2.4592026966060004e6	0.28720361217125956
2.4592026989208153e6	0.28758184988891666
2.45920270123563e6	0.2879600876065738
2.459202703550445e6	0.2883383253242309
2.4592027058652597e6	0.28871656304188803
2.4592027081800746e6	0.28909480075954513
2.4592027104948894e6	0.28947303847720224
2.4592027128097042e6	0.28985127619485934
2.459202715124519e6	0.2902295139125165
2.459202717439334e6	0.2906077516301736
2.4592027197541487e6	0.2909859893478307
2.4592027220689636e6	0.2913642270654878
2.4592027243837784e6	0.2917424647831449
2.4592027266985932e6	0.292120702500802
2.4592027290134076e6	0.2924989401423707
2.4592027313282224e6	0.2928771778600278
2.4592027336430373e6	0.2932554155776849
2.459202735957852e6	0.293633653295342
2.459202738272667e6	0.2940118910129992
2.4592027405874818e6	0.2943901287306563
2.4592027429022966e6	0.2947683664483134
2.4592027452171114e6	0.2951466041659705
2.4592027475319263e6	0.2955248418836276
2.459202749846741e6	0.2959030796012847
2.459202752161556e6	0.2962813173189418
2.4592027544763708e6	0.29665955503659897
2.4592027567911856e6	0.29703779275425607
2.4592027591060004e6	0.2974160304719132
2.4592027614208153e6	0.2977942681895703
2.45920276373563e6	0.2981725059072274
2.459202766050445e6	0.2985507436248845
2.4592027683652597e6	0.29892898134254164
2.4592027706800746e6	0.29930721906019875
2.4592027729948894e6	0.29968545677785585
2.4592027753097042e6	0.30006369449551296
2.459202777624519e6	0.30044193221317006
2.459202779939334e6	0.30082016993082716
2.4592027822541487e6	0.3011984076484843
2.4592027845689636e6	0.3015766453661414
2.4592027868837784e6	0.30195488308379853
2.4592027891985932e6	0.30233312080145563
2.4592027915134076e6	0.3027113584430243
2.4592027938282224e6	0.30308959616068143
2.4592027961430373e6	0.30346783387833853
2.459202798457852e6	0.30384607159599564
2.459202800772667e6	0.30422430931365274
2.4592028030874818e6	0.30460254703130984
2.4592028054022966e6	0.304980784748967
2.4592028077171114e6	0.3053590224666241
2.4592028100319263e6	0.3057372601842812
2.459202812346741e6	0.3061154979019383
2.459202814661556e6	0.3064937356195954
2.4592028169763708e6	0.3068719733372525
2.4592028192911856e6	0.3072502110549096
2.4592028216060004e6	0.3076284487725668
2.4592028239208153e6	0.3080066864902239
2.45920282623563e6	0.308384924207881
2.459202828550445e6	0.3087631619255381
2.4592028308652597e6	0.3091413996431952
2.4592028331800746e6	0.3095196373608523
2.4592028354948894e6	0.30989787507850947
2.4592028378097042e6	0.31027611279616657
2.459202840124519e6	0.3106543505138237
2.459202842439334e6	0.3110325882314808
2.4592028447541487e6	0.3114108259491379
2.4592028470689636e6	0.311789063666795
2.4592028493837784e6	0.3121673013844521
2.4592028516985932e6	0.31254553910210925
2.4592028540134076e6	0.3129237767436779
2.4592028563282224e6	0.313302014461335
2.4592028586430373e6	0.31368025217899215
2.459202860957852e6	0.31405848989664925
2.459202863272667e6	0.31443672761430635
2.4592028655874818e6	0.31481496533196346
2.4592028679022966e6	0.31519320304962056
2.4592028702171114e6	0.31557144076727767
2.4592028725319263e6	0.31594967848493477
2.459202874846741e6	0.31632791620259193
2.459202877161556e6	0.31670615392024903
2.4592028794763708e6	0.31708439163790614
2.4592028817911856e6	0.31746262935556324
2.4592028841060004e6	0.31784086707322035
2.4592028864208153e6	0.31821910479087745
2.45920288873563e6	0.3185973425085346
2.459202891050445e6	0.3189755802261917
2.4592028933652597e6	0.3193538179438488
2.4592028956800746e6	0.3197320556615059
2.4592028979948894e6	0.320110293379163
2.4592029003097042e6	0.32048853109682013
2.459202902624519e6	0.3208667688144773
2.459202904939334e6	0.3212450065321344
2.4592029072541487e6	0.3216232442497915
2.4592029095689636e6	0.3220014819674486
2.4592029118837784e6	0.3223797196851057
2.4592029141985932e6	0.3227579574027628
2.4592029165134076e6	0.3231361950443315
2.4592029188282224e6	0.3235144327619886
2.4592029211430373e6	0.3238926704796457
2.459202923457852e6	0.3242709081973028
2.459202925772667e6	0.3246491459149599
2.4592029280874818e6	0.3250273836326171
2.4592029304022966e6	0.3254056213502742
2.4592029327171114e6	0.3257838590679313
2.4592029350319263e6	0.3261620967855884
2.459202937346741e6	0.3265403345032455
2.459202939661556e6	0.3269185722209026
2.4592029419763708e6	0.32729680993855975
2.4592029442911856e6	0.32767504765621686
2.4592029466060004e6	0.32805328537387396
2.4592029489208153e6	0.32843152309153106
2.45920295123563e6	0.32880976080918817
2.459202953550445e6	0.32918799852684527
2.4592029558652597e6	0.32956623624450243
2.4592029581800746e6	0.32994447396215953
2.4592029604948894e6	0.33032271167981664
2.4592029628097042e6	0.33070094939747374
2.459202965124519e6	0.33107918711513085
2.459202967439334e6	0.33145742483278795
2.4592029697541487e6	0.33183566255044505
2.4592029720689636e6	0.3322139002681022
2.4592029743837784e6	0.3325921379857593
2.4592029766985932e6	0.3329703757034164
2.4592029790134076e6	0.3333486133449851
2.4592029813282224e6	0.3337268510626422
2.4592029836430373e6	0.3341050887802993
2.459202985957852e6	0.3344833264979564
2.459202988272667e6	0.3348615642156135
2.4592029905874818e6	0.33523980193327063
2.4592029929022966e6	0.33561803965092774
2.4592029952171114e6	0.3359962773685849
2.4592029975319263e6	0.336374515086242
2.459202999846741e6	0.3367527528038991
2.459203002161556e6	0.3371309905215562
2.4592030044763708e6	0.3375092282392133
2.4592030067911856e6	0.3378874659568704
2.4592030091060004e6	0.3382657036745276
2.4592030114208153e6	0.3386439413921847
2.45920301373563e6	0.3390221791098418
2.459203016050445e6	0.3394004168274989
2.4592030183652597e6	0.339778654545156
2.4592030206800746e6	0.3401568922628131
2.4592030229948894e6	0.3405351299804702
2.4592030253097042e6	0.34091336769812736
2.459203027624519e6	0.34129160541578446
2.459203029939334e6	0.34166984313344156
2.4592030322541487e6	0.34204808085109867
2.4592030345689636e6	0.34242631856875577
2.4592030368837784e6	0.3428045562864129
2.4592030391985932e6	0.34318279400407004
2.4592030415134076e6	0.34356103164563867
2.4592030438282224e6	0.3439392693632958
2.4592030461430373e6	0.3443175070809529
2.459203048457852e6	0.34469574479861004
2.459203050772667e6	0.34507398251626714
2.4592030530874818e6	0.34545222023392425
2.4592030554022966e6	0.34583045795158135
2.4592030577171114e6	0.34620869566923845
2.4592030600319263e6	0.34658693338689556
2.459203062346741e6	0.3469651711045527
2.459203064661556e6	0.3473434088222098
2.4592030669763708e6	0.3477216465398669
2.4592030692911856e6	0.34809988425752403
2.4592030716060004e6	0.34847812197518113
2.4592030739208153e6	0.34885635969283824
2.45920307623563e6	0.3492345974104954
2.459203078550445e6	0.3496128351281525
2.4592030808652597e6	0.3499910728458096
2.4592030831800746e6	0.3503693105634667
2.4592030854948894e6	0.3507475482811238
2.4592030878097042e6	0.3511257859987809
2.459203090124519e6	0.351504023716438
2.459203092439334e6	0.3518822614340952
2.4592030947541487e6	0.3522604991517523
2.4592030970689636e6	0.3526387368694094
2.4592030993837784e6	0.3530169745870665
2.4592031016985932e6	0.3533952123047236
2.4592031040134076e6	0.3537734499462923
2.4592031063282224e6	0.3541516876639494
2.4592031086430373e6	0.3545299253816065
2.459203110957852e6	0.3549081630992636
2.459203113272667e6	0.3552864008169207
2.4592031155874818e6	0.35566463853457786
2.4592031179022966e6	0.35604287625223496
2.4592031202171114e6	0.35642111396989207
2.4592031225319263e6	0.35679935168754917
2.459203124846741e6	0.3571775894052063
2.459203127161556e6	0.3575558271228634
2.4592031294763708e6	0.35793406484052054
2.4592031317911856e6	0.35831230255817764
2.4592031341060004e6	0.35869054027583475
2.4592031364208153e6	0.35906877799349185
2.45920313873563e6	0.35944701571114895
2.459203141050445e6	0.35982525342880606
2.4592031433652597e6	0.36020349114646316
2.4592031456800746e6	0.3605817288641203
2.4592031479948894e6	0.3609599665817774
2.4592031503097042e6	0.36133820429943453
2.459203152624519e6	0.36171644201709163
2.459203154939334e6	0.36209467973474874
2.4592031572541487e6	0.36247291745240584
2.4592031595689636e6	0.362851155170063
2.4592031618837784e6	0.3632293928877201
2.4592031641985932e6	0.3636076306053772
2.4592031665134076e6	0.36398586824694584
2.4592031688282224e6	0.364364105964603
2.4592031711430373e6	0.3647423436822601
2.459203173457852e6	0.3651205813999172
2.459203175772667e6	0.3654988191175743
2.4592031780874818e6	0.3658770568352314
2.4592031804022966e6	0.3662552945528885
2.4592031827171114e6	0.3666335322705457
2.4592031850319263e6	0.3670117699882028
2.459203187346741e6	0.3673900077058599
2.459203189661556e6	0.367768245423517
2.4592031919763708e6	0.3681464831411741
2.4592031942911856e6	0.3685247208588312
2.4592031966060004e6	0.36890295857648836
2.4592031989208153e6	0.36928119629414546
2.45920320123563e6	0.36965943401180257
2.459203203550445e6	0.37003767172945967
2.4592032058652597e6	0.3704159094471168
2.4592032081800746e6	0.3707941471647739
2.4592032104948894e6	0.371172384882431
2.4592032128097042e6	0.37155062260008814
2.459203215124519e6	0.37192886031774525
2.459203217439334e6	0.37230709803540235
2.4592032197541487e6	0.37268533575305945
2.4592032220689636e6	0.37306357347071656
2.4592032243837784e6	0.37344181118837366
2.4592032266985932e6	0.3738200489060308
2.4592032290134076e6	0.37419828654759946
2.4592032313282224e6	0.37457652426525656
2.4592032336430373e6	0.37495476198291366
2.459203235957852e6	0.3753329997005708
2.459203238272667e6	0.37571123741822793
2.4592032405874818e6	0.37608947513588503
2.4592032429022966e6	0.37646771285354214
2.4592032452171114e6	0.37684595057119924
2.4592032475319263e6	0.37722418828885634
2.459203249846741e6	0.3776024260065135
2.459203252161556e6	0.3779806637241706
2.4592032544763708e6	0.3783589014418277
2.4592032567911856e6	0.3787371391594848
2.4592032591060004e6	0.3791153768771419
2.4592032614208153e6	0.379493614594799
2.45920326373563e6	0.3798718523124561
2.459203266050445e6	0.3802500900301133
2.4592032683652597e6	0.3806283277477704
2.4592032706800746e6	0.3810065654654275
2.4592032729948894e6	0.3813848031830846
2.4592032753097042e6	0.3817630409007417
2.459203277624519e6	0.3821412786183988
2.459203279939334e6	0.38251951633605596
2.4592032822541487e6	0.38289775405371307
2.4592032845689636e6	0.3832759917713702
2.4592032868837784e6	0.3836542294890273
2.4592032891985932e6	0.3840324672066844
2.4592032915134076e6	0.38441070484825307
2.4592032938282224e6	0.3847889425659102
2.4592032961430373e6	0.3851671802835673
2.459203298457852e6	0.3855454180012244
2.459203300772667e6	0.3859236557188815
2.4592033030874818e6	0.38630189343653865
2.4592033054022966e6	0.38668013115419575
2.4592033077171114e6	0.38705836887185285
2.4592033100319263e6	0.38743660658950996
2.459203312346741e6	0.38781484430716706
2.459203314661556e6	0.38819308202482417
2.4592033169763708e6	0.38857131974248127
2.4592033192911856e6	0.38894955746013843
2.4592033216060004e6	0.38932779517779553
2.4592033239208153e6	0.38970603289545264
2.45920332623563e6	0.39008427061310974
2.459203328550445e6	0.39046250833076684
2.4592033308652597e6	0.39084074604842395
2.4592033331800746e6	0.3912189837660811
2.4592033354948894e6	0.3915972214837382
2.4592033378097042e6	0.3919754592013953
2.459203340124519e6	0.3923536969190524
2.459203342439334e6	0.3927319346367095
2.4592033447541487e6	0.3931101723543666
2.4592033470689636e6	0.3934884100720238
2.4592033493837784e6	0.3938666477896809
2.4592033516985932e6	0.394244885507338
2.4592033540134076e6	0.39462312314890663
2.4592033563282224e6	0.3950013608665638
2.4592033586430373e6	0.3953795985842209
2.459203360957852e6	0.395757836301878
2.459203363272667e6	0.3961360740195351
2.4592033655874818e6	0.3965143117371922
2.4592033679022966e6	0.3968925494548493
2.4592033702171114e6	0.39727078717250647
2.4592033725319263e6	0.39764902489016357
2.459203374846741e6	0.3980272626078207
2.459203377161556e6	0.3984055003254778
2.4592033794763708e6	0.3987837380431349
2.4592033817911856e6	0.399161975760792
2.4592033841060004e6	0.3995402134784491
2.4592033864208153e6	0.39991845119610625
2.45920338873563e6	0.40029668891376335
2.459203391050445e6	0.40067492663142046
2.4592033933652597e6	0.40105316434907756
2.4592033956800746e6	0.40143140206673467
2.4592033979948894e6	0.40180963978439177
2.4592034003097042e6	0.40218787750204893
2.459203402624519e6	0.40256611521970603
2.459203404939334e6	0.40294435293736314
2.4592034072541487e6	0.40332259065502024
2.4592034095689636e6	0.40370082837267734
2.4592034118837784e6	0.40407906609033445
2.4592034141985932e6	0.40445730380799155
2.4592034165134076e6	0.40483554144956024
2.4592034188282224e6	0.40521377916721735
2.4592034211430373e6	0.40559201688487445
2.459203423457852e6	0.4059702546025316
2.459203425772667e6	0.4063484923201887
2.4592034280874818e6	0.4067267300378458
2.4592034304022966e6	0.4071049677555029
2.4592034327171114e6	0.40748320547316
2.4592034350319263e6	0.40786144319081713
2.459203437346741e6	0.40823968090847423
2.459203439661556e6	0.4086179186261314
2.4592034419763708e6	0.4089961563437885
2.4592034442911856e6	0.4093743940614456
2.4592034466060004e6	0.4097526317791027
2.4592034489208153e6	0.4101308694967598
2.45920345123563e6	0.4105091072144169
2.459203453550445e6	0.4108873449320741
2.4592034558652597e6	0.4112655826497312
2.4592034581800746e6	0.4116438203673883
2.4592034604948894e6	0.4120220580850454
2.4592034628097042e6	0.4124002958027025
2.459203465124519e6	0.4127785335203596
2.459203467439334e6	0.41315677123801675
2.4592034697541487e6	0.41353500895567386
2.4592034720689636e6	0.41391324667333096
2.4592034743837784e6	0.41429148439098806
2.4592034766985932e6	0.41466972210864517
2.4592034790134076e6	0.41504795975021386
2.4592034813282224e6	0.41542619746787096
2.4592034836430373e6	0.41580443518552807
2.459203485957852e6	0.41618267290318517
2.459203488272667e6	0.4165609106208423
2.4592034905874818e6	0.41693914833849943
2.4592034929022966e6	0.41731738605615654
2.4592034952171114e6	0.41769562377381364
2.4592034975319263e6	0.41807386149147074
2.459203499846741e6	0.41845209920912785
2.459203502161556e6	0.41883033692678495
2.4592035044763708e6	0.41920857464444206
2.4592035067911856e6	0.4195868123620992
2.4592035091060004e6	0.4199650500797563
2.4592035114208153e6	0.4203432877974134
2.45920351373563e6	0.4207215255150705
2.459203516050445e6	0.42109976323272763
2.4592035183652597e6	0.42147800095038473
2.4592035206800746e6	0.4218562386680419
2.4592035229948894e6	0.422234476385699
2.4592035253097042e6	0.4226127141033561
2.459203527624519e6	0.4229909518210132
2.459203529939334e6	0.4233691895386703
2.4592035322541487e6	0.4237474272563274
2.4592035345689636e6	0.4241256649739845
2.4592035368837784e6	0.4245039026916417
2.4592035391985932e6	0.4248821404092988
2.4592035415134076e6	0.4252603780508674
2.4592035438282224e6	0.4256386157685246
2.4592035461430373e6	0.4260168534861817
2.459203548457852e6	0.4263950912038388
2.459203550772667e6	0.4267733289214959
2.4592035530874818e6	0.427151566639153
2.4592035554022966e6	0.4275298043568101
2.4592035577171114e6	0.4279080420744672
2.4592035600319263e6	0.42828627979212436
2.459203562346741e6	0.42866451750978146
2.459203564661556e6	0.42904275522743857
2.4592035669763708e6	0.42942099294509567
2.4592035692911856e6	0.4297992306627528
2.4592035716060004e6	0.4301774683804099
2.4592035739208153e6	0.43055570609806704
2.45920357623563e6	0.43093394381572414
2.459203578550445e6	0.43131218153338124
2.4592035808652597e6	0.43169041925103835
2.4592035831800746e6	0.43206865696869545
2.4592035854948894e6	0.43244689468635256
2.4592035878097042e6	0.4328251324040097
2.459203590124519e6	0.4332033701216668
2.459203592439334e6	0.4335816078393239
2.4592035947541487e6	0.433959845556981
2.4592035970689636e6	0.43433808327463813
2.4592035993837784e6	0.43471632099229524
2.4592036016985932e6	0.43509455870995234
2.4592036040134076e6	0.43547279635152103
2.4592036063282224e6	0.43585103406917813
2.4592036086430373e6	0.43622927178683524
2.459203610957852e6	0.43660750950449234
2.459203613272667e6	0.4369857472221495
2.4592036155874818e6	0.4373639849398066
2.4592036179022966e6	0.4377422226574637
2.4592036202171114e6	0.4381204603751208
2.4592036225319263e6	0.4384986980927779
2.459203624846741e6	0.438876935810435
2.459203627161556e6	0.4392551735280922
2.4592036294763708e6	0.4396334112457493
2.4592036317911856e6	0.4400116489634064
2.4592036341060004e6	0.4403898866810635
2.4592036364208153e6	0.4407681243987206
2.45920363873563e6	0.4411463621163777
2.459203641050445e6	0.44152459983403486
2.4592036433652597e6	0.44190283755169196
2.4592036456800746e6	0.44228107526934907
2.4592036479948894e6	0.44265931298700617
2.4592036503097042e6	0.4430375507046633
2.459203652624519e6	0.4434157884223204
2.459203654939334e6	0.4437940261399775
2.4592036572541487e6	0.44417226385763464
2.4592036595689636e6	0.44455050157529175
2.4592036618837784e6	0.44492873929294885
2.4592036641985932e6	0.44530697701060595
2.4592036665134076e6	0.44568521465217464
2.4592036688282224e6	0.44606345236983175
2.4592036711430373e6	0.44644169008748885
2.459203673457852e6	0.44681992780514596
2.459203675772667e6	0.44719816552280306
2.4592036780874818e6	0.44757640324046016
2.4592036804022966e6	0.4479546409581173
2.4592036827171114e6	0.4483328786757744
2.4592036850319263e6	0.44871111639343153
2.459203687346741e6	0.44908935411108863
2.459203689661556e6	0.44946759182874574
2.4592036919763708e6	0.44984582954640284
2.4592036942911856e6	0.45022406726406
2.4592036966060004e6	0.4506023049817171
2.4592036989208153e6	0.4509805426993742
2.45920370123563e6	0.4513587804170313
2.459203703550445e6	0.4517370181346884
2.4592037058652597e6	0.4521152558523455
2.4592037081800746e6	0.4524934935700026
2.4592037104948894e6	0.4528717312876598
2.4592037128097042e6	0.4532499690053169
2.459203715124519e6	0.453628206722974
2.459203717439334e6	0.4540064444406311
2.4592037197541487e6	0.4543846821582882
2.4592037220689636e6	0.4547629198759453
2.4592037243837784e6	0.45514115759360246
2.4592037266985932e6	0.45551939531125957
2.4592037290134076e6	0.4558976329528282
2.4592037313282224e6	0.4562758706704853
2.4592037336430373e6	0.45665410838814247
2.459203735957852e6	0.45703234610579957
2.459203738272667e6	0.4574105838234567
2.4592037405874818e6	0.4577888215411138
2.4592037429022966e6	0.4581670592587709
2.4592037452171114e6	0.458545296976428
2.4592037475319263e6	0.45892353469408514
2.459203749846741e6	0.45930177241174225
2.459203752161556e6	0.45968001012939935
2.4592037544763708e6	0.46005824784705646
2.4592037567911856e6	0.46043648556471356
2.4592037591060004e6	0.46081472328237066
2.4592037614208153e6	0.4611929610000278
2.45920376373563e6	0.4615711987176849
2.459203766050445e6	0.46194943643534203
2.4592037683652597e6	0.46232767415299914
2.4592037706800746e6	0.46270591187065624
2.4592037729948894e6	0.46308414958831334
2.4592037753097042e6	0.46346238730597045
2.459203777624519e6	0.4638406250236276
2.459203779939334e6	0.4642188627412847
2.4592037822541487e6	0.4645971004589418
2.4592037845689636e6	0.4649753381765989
2.4592037868837784e6	0.465353575894256
2.4592037891985932e6	0.4657318136119131
2.4592037915134076e6	0.4661100512534818
2.4592037938282224e6	0.4664882889711389
2.4592037961430373e6	0.466866526688796
2.459203798457852e6	0.46724476440645313
2.459203800772667e6	0.4676230021241103
2.4592038030874818e6	0.4680012398417674
2.4592038054022966e6	0.4683794775594245
2.4592038077171114e6	0.4687577152770816
2.4592038100319263e6	0.4691359529947387
2.459203812346741e6	0.4695141907123958
2.459203814661556e6	0.46989242843005297
2.4592038169763708e6	0.47027066614771007
2.4592038192911856e6	0.4706489038653672
2.4592038216060004e6	0.4710271415830243
2.4592038239208153e6	0.4714053793006814
2.45920382623563e6	0.4717836170183385
2.459203828550445e6	0.4721618547359956
2.4592038308652597e6	0.47254009245365275
2.4592038331800746e6	0.47291833017130985
2.4592038354948894e6	0.47329656788896696
2.4592038378097042e6	0.47367480560662406
2.459203840124519e6	0.47405304332428116
2.459203842439334e6	0.47443128104193827
2.4592038447541487e6	0.47480951875959543
2.4592038470689636e6	0.47518775647725253
2.4592038493837784e6	0.47556599419490964
2.4592038516985932e6	0.47594423191256674
2.4592038540134076e6	0.47632246955413543
2.4592038563282224e6	0.47670070727179253
2.4592038586430373e6	0.47707894498944964
2.459203860957852e6	0.47745718270710674
2.459203863272667e6	0.47783542042476385
2.4592038655874818e6	0.47821365814242095
2.4592038679022966e6	0.4785918958600781
2.4592038702171114e6	0.4789701335777352
2.4592038725319263e6	0.4793483712953923
2.459203874846741e6	0.4797266090130494
2.459203877161556e6	0.4801048467307065
2.4592038794763708e6	0.48048308444836363
2.4592038817911856e6	0.4808613221660208
2.4592038841060004e6	0.4812395598836779
2.4592038864208153e6	0.481617797601335
2.45920388873563e6	0.4819960353189921
2.459203891050445e6	0.4823742730366492
2.4592038933652597e6	0.4827525107543063
2.4592038956800746e6	0.4831307484719634
2.4592038979948894e6	0.48350898618962057
2.4592039003097042e6	0.4838872239072777
2.459203902624519e6	0.4842654616249348
2.459203904939334e6	0.4846436993425919
2.4592039072541487e6	0.485021937060249
2.4592039095689636e6	0.4854001747779061
2.4592039118837784e6	0.48577841249556325
2.4592039141985932e6	0.48615665021322035
2.4592039165134076e6	0.486534887854789
2.4592039188282224e6	0.4869131255724461
2.4592039211430373e6	0.48729136329010325
2.459203923457852e6	0.48766960100776036
2.459203925772667e6	0.48804783872541746
2.4592039280874818e6	0.48842607644307456
2.4592039304022966e6	0.48880431416073167
2.4592039327171114e6	0.48918255187838877
2.4592039350319263e6	0.48956078959604593
2.459203937346741e6	0.48993902731370303
2.459203939661556e6	0.49031726503136014
2.4592039419763708e6	0.49069550274901724
2.4592039442911856e6	0.49107374046667435
2.4592039466060004e6	0.49145197818433145
2.4592039489208153e6	0.49183021590198855
2.45920395123563e6	0.4922084536196457
2.459203953550445e6	0.4925866913373028
2.4592039558652597e6	0.4929649290549599
2.4592039581800746e6	0.493343166772617
2.4592039604948894e6	0.49372140449027413
2.4592039628097042e6	0.49409964220793123
2.459203965124519e6	0.4944778799255884
2.459203967439334e6	0.4948561176432455
2.4592039697541487e6	0.4952343553609026
2.4592039720689636e6	0.4956125930785597
2.4592039743837784e6	0.4959908307962168
2.4592039766985932e6	0.4963690685138739
2.4592039790134076e6	0.4967473061554426
2.4592039813282224e6	0.4971255438730997
2.4592039836430373e6	0.4975037815907568
2.459203985957852e6	0.4978820193084139
2.459203988272667e6	0.4982602570260711
2.4592039905874818e6	0.4986384947437282
2.4592039929022966e6	0.4990167324613853
2.4592039952171114e6	0.4993949701790424
2.4592039975319263e6	0.4997732078966995
2.459203999846741e6	0.5001514456143566
2.459204002161556e6	0.5005296833320138
2.4592040044763708e6	0.5009079210496709
2.4592040067911856e6	0.501286158767328
2.4592040091060004e6	0.5016643964849851
2.4592040114208153e6	0.5020426342026422
2.45920401373563e6	0.5024208719202993
2.459204016050445e6	0.5027991096379564
2.4592040183652597e6	0.5031773473556135
2.4592040206800746e6	0.5035555850732706
2.4592040229948894e6	0.5039338227909277
2.4592040253097042e6	0.5043120605085849
2.459204027624519e6	0.504690298226242
2.459204029939334e6	0.5050685359438991
2.4592040322541487e6	0.5054467736615562
2.4592040345689636e6	0.5058250113792133
2.4592040368837784e6	0.5062032490968704
2.4592040391985932e6	0.5065814868145275
2.4592040415134076e6	0.5069597244560962
2.4592040438282224e6	0.5073379621737533
2.4592040461430373e6	0.5077161998914104
2.459204048457852e6	0.5080944376090676
2.459204050772667e6	0.5084726753267247
2.4592040530874818e6	0.5088509130443818
2.4592040554022966e6	0.5092291507620389
2.4592040577171114e6	0.509607388479696
2.4592040600319263e6	0.5099856261973531
2.459204062346741e6	0.5103638639150102
2.459204064661556e6	0.5107421016326673
2.4592040669763708e6	0.5111203393503244
2.4592040692911856e6	0.5114985770679815
2.4592040716060004e6	0.5118768147856386
2.4592040739208153e6	0.5122550525032957
2.45920407623563e6	0.5126332902209528
2.459204078550445e6	0.51301152793861
2.4592040808652597e6	0.5133897656562671
2.4592040831800746e6	0.5137680033739243
2.4592040854948894e6	0.5141462410915814
2.4592040878097042e6	0.5145244788092385
2.459204090124519e6	0.5149027165268956
2.459204092439334e6	0.5152809542445527
2.4592040947541487e6	0.5156591919622098
2.4592040970689636e6	0.5160374296798669
2.4592040993837784e6	0.516415667397524
2.4592041016985932e6	0.5167939051151811
2.4592041040134076e6	0.5171721427567498
2.4592041063282224e6	0.5175503804744069
2.4592041086430373e6	0.517928618192064
2.459204110957852e6	0.5183068559097211
2.459204113272667e6	0.5186850936273782
2.4592041155874818e6	0.5190633313450354
2.4592041179022966e6	0.5194415690626925
2.4592041202171114e6	0.5198198067803496
2.4592041225319263e6	0.5201980444980067
2.459204124846741e6	0.5205762822156638
2.459204127161556e6	0.5209545199333209
2.4592041294763708e6	0.521332757650978
2.4592041317911856e6	0.5217109953686352
2.4592041341060004e6	0.5220892330862923
2.4592041364208153e6	0.5224674708039494
2.45920413873563e6	0.5228457085216065
2.459204141050445e6	0.5232239462392636
2.4592041433652597e6	0.5236021839569207
2.4592041456800746e6	0.5239804216745778
2.4592041479948894e6	0.5243586593922349
2.4592041503097042e6	0.524736897109892
2.459204152624519e6	0.5251151348275491
2.459204154939334e6	0.5254933725452062
2.4592041572541487e6	0.5258716102628633
2.4592041595689636e6	0.5262498479805204
2.4592041618837784e6	0.5266280856981777
2.4592041641985932e6	0.5270063234158348
2.4592041665134076e6	0.5273845610574034
2.4592041688282224e6	0.5277627987750605
2.4592041711430373e6	0.5281410364927176
2.459204173457852e6	0.5285192742103747
2.459204175772667e6	0.5288975119280318
2.4592041780874818e6	0.5292757496456889
2.4592041804022966e6	0.529653987363346
2.4592041827171114e6	0.5300322250810031
2.4592041850319263e6	0.5304104627986603
2.459204187346741e6	0.5307887005163174
2.459204189661556e6	0.5311669382339745
2.4592041919763708e6	0.5315451759516316
2.4592041942911856e6	0.5319234136692887
2.4592041966060004e6	0.5323016513869459
2.4592041989208153e6	0.532679889104603
2.45920420123563e6	0.5330581268222601
2.459204203550445e6	0.5334363645399172
2.4592042058652597e6	0.5338146022575743
2.4592042081800746e6	0.5341928399752314
2.4592042104948894e6	0.5345710776928885
2.4592042128097042e6	0.5349493154105457
2.459204215124519e6	0.5353275531282028
2.459204217439334e6	0.5357057908458599
2.4592042197541487e6	0.536084028563517
2.4592042220689636e6	0.5364622662811741
2.4592042243837784e6	0.5368405039988312
2.4592042266985932e6	0.5372187417164883
2.4592042290134076e6	0.537596979358057
2.4592042313282224e6	0.537975217075714
2.4592042336430373e6	0.5383534547933712
2.459204235957852e6	0.5387316925110283
2.459204238272667e6	0.5391099302286855
2.4592042405874818e6	0.5394881679463426
2.4592042429022966e6	0.5398664056639997
2.4592042452171114e6	0.5402446433816568
2.4592042475319263e6	0.5406228810993139
2.459204249846741e6	0.541001118816971
2.459204252161556e6	0.5413793565346281
2.4592042544763708e6	0.5417575942522852
2.4592042567911856e6	0.5421358319699423
2.4592042591060004e6	0.5425140696875994
2.4592042614208153e6	0.5428923074052565
2.45920426373563e6	0.5432705451229136
2.459204266050445e6	0.5436487828405708
2.4592042683652597e6	0.5440270205582279
2.4592042706800746e6	0.544405258275885
2.4592042729948894e6	0.5447834959935421
2.4592042753097042e6	0.5451617337111992
2.459204277624519e6	0.5455399714288564
2.459204279939334e6	0.5459182091465135
2.4592042822541487e6	0.5462964468641706
2.4592042845689636e6	0.5466746845818277
2.4592042868837784e6	0.5470529222994848
2.4592042891985932e6	0.5474311600171419
2.4592042915134076e6	0.5478093976587106
2.4592042938282224e6	0.5481876353763677
2.4592042961430373e6	0.5485658730940248
2.459204298457852e6	0.5489441108116819
2.459204300772667e6	0.549322348529339
2.4592043030874818e6	0.5497005862469961
2.4592043054022966e6	0.5500788239646532
2.4592043077171114e6	0.5504570616823103
2.4592043100319263e6	0.5508352993999674
2.459204312346741e6	0.5512135371176246
2.459204314661556e6	0.5515917748352817
2.4592043169763708e6	0.5519700125529388
2.4592043192911856e6	0.552348250270596
2.4592043216060004e6	0.5527264879882531
2.4592043239208153e6	0.5531047257059102
2.45920432623563e6	0.5534829634235673
2.459204328550445e6	0.5538612011412244
2.4592043308652597e6	0.5542394388588815
2.4592043331800746e6	0.5546176765765386
2.4592043354948894e6	0.5549959142941957
2.4592043378097042e6	0.5553741520118528
2.459204340124519e6	0.5557523897295099
2.459204342439334e6	0.556130627447167
2.4592043447541487e6	0.5565088651648241
2.4592043470689636e6	0.5568871028824812
2.4592043493837784e6	0.5572653406001384
2.4592043516985932e6	0.5576435783177955
2.4592043540134076e6	0.5580218159593642
2.4592043563282224e6	0.5584000536770213
2.4592043586430373e6	0.5587782913946784
2.459204360957852e6	0.5591565291123355
2.459204363272667e6	0.5595347668299926
2.4592043655874818e6	0.5599130045476497
2.4592043679022966e6	0.5602912422653068
2.4592043702171114e6	0.5606694799829639
2.4592043725319263e6	0.5610477177006211
2.459204374846741e6	0.5614259554182782
2.459204377161556e6	0.5618041931359353
2.4592043794763708e6	0.5621824308535924
2.4592043817911856e6	0.5625606685712495
2.4592043841060004e6	0.5629389062889066
2.4592043864208153e6	0.5633171440065637
2.45920438873563e6	0.5636953817242208
2.459204391050445e6	0.564073619441878
2.4592043933652597e6	0.564451857159535
2.4592043956800746e6	0.5648300948771922
2.4592043979948894e6	0.5652083325948493
2.4592044003097042e6	0.5655865703125064
2.459204402624519e6	0.5659648080301636
2.459204404939334e6	0.5663430457478207
2.4592044072541487e6	0.5667212834654778
2.4592044095689636e6	0.5670995211831349
2.4592044118837784e6	0.567477758900792
2.4592044141985932e6	0.5678559966184491
2.4592044165134076e6	0.5682342342600177
2.4592044188282224e6	0.5686124719776748
2.4592044211430373e6	0.5689907096953319
2.459204423457852e6	0.569368947412989
2.459204425772667e6	0.5697471851306463
2.4592044280874818e6	0.5701254228483034
2.4592044304022966e6	0.5705036605659605
2.4592044327171114e6	0.5708818982836176
2.4592044350319263e6	0.5712601360012747
2.459204437346741e6	0.5716383737189318
2.459204439661556e6	0.5720166114365889
2.4592044419763708e6	0.572394849154246
2.4592044442911856e6	0.5727730868719031
2.4592044466060004e6	0.5731513245895602
2.4592044489208153e6	0.5735295623072173
2.45920445123563e6	0.5739078000248744
2.459204453550445e6	0.5742860377425315
2.4592044558652597e6	0.5746642754601887
2.4592044581800746e6	0.5750425131778458
2.4592044604948894e6	0.5754207508955029
2.4592044628097042e6	0.57579898861316
2.459204465124519e6	0.5761772263308171
2.459204467439334e6	0.5765554640484742
2.4592044697541487e6	0.5769337017661313
2.4592044720689636e6	0.5773119394837884
2.4592044743837784e6	0.5776901772014456
2.4592044766985932e6	0.5780684149191027
2.4592044790134076e6	0.5784466525606714
2.4592044813282224e6	0.5788248902783285
2.4592044836430373e6	0.5792031279959856
2.459204485957852e6	0.5795813657136427
2.459204488272667e6	0.5799596034312998
2.4592044905874818e6	0.5803378411489569
2.4592044929022966e6	0.580716078866614
2.4592044952171114e6	0.5810943165842711
2.4592044975319263e6	0.5814725543019282
2.459204499846741e6	0.5818507920195853
2.459204502161556e6	0.5822290297372424
2.4592045044763708e6	0.5826072674548995
2.4592045067911856e6	0.5829855051725568
2.4592045091060004e6	0.5833637428902139
2.4592045114208153e6	0.583741980607871
2.45920451373563e6	0.5841202183255281
2.459204516050445e6	0.5844984560431852
2.4592045183652597e6	0.5848766937608423
2.4592045206800746e6	0.5852549314784994
2.4592045229948894e6	0.5856331691961565
2.4592045253097042e6	0.5860114069138136
2.459204527624519e6	0.5863896446314707
2.459204529939334e6	0.5867678823491278
2.4592045322541487e6	0.5871461200667849
2.4592045345689636e6	0.587524357784442
2.4592045368837784e6	0.5879025955020992
2.4592045391985932e6	0.5882808332197563
2.4592045415134076e6	0.588659070861325
2.4592045438282224e6	0.5890373085789821
2.4592045461430373e6	0.5894155462966392
2.459204548457852e6	0.5897937840142963
2.459204550772667e6	0.5901720217319534
2.4592045530874818e6	0.5905502594496105
2.4592045554022966e6	0.5909284971672676
2.4592045577171114e6	0.5913067348849247
2.4592045600319263e6	0.5916849726025819
2.459204562346741e6	0.592063210320239
2.459204564661556e6	0.5924414480378961
2.4592045669763708e6	0.5928196857555532
2.4592045692911856e6	0.5931979234732103
2.4592045716060004e6	0.5935761611908674
2.4592045739208153e6	0.5939543989085245
2.45920457623563e6	0.5943326366261816
2.459204578550445e6	0.5947108743438387
2.4592045808652597e6	0.5950891120614958
2.4592045831800746e6	0.5954673497791529
2.4592045854948894e6	0.59584558749681
2.4592045878097042e6	0.5962238252144672
2.459204590124519e6	0.5966020629321244
2.459204592439334e6	0.5969803006497815
2.4592045947541487e6	0.5973585383674386
2.4592045970689636e6	0.5977367760850957
2.4592045993837784e6	0.5981150138027528
2.4592046016985932e6	0.5984932515204099
2.4592046040134076e6	0.5988714891619785
2.4592046063282224e6	0.5992497268796356
2.4592046086430373e6	0.5996279645972927
2.459204610957852e6	0.6000062023149498
2.459204613272667e6	0.600384440032607
2.4592046155874818e6	0.6007626777502642
2.4592046179022966e6	0.6011409154679213
2.4592046202171114e6	0.6015191531855784
2.4592046225319263e6	0.6018973909032355
2.459204624846741e6	0.6022756286208926
2.459204627161556e6	0.6026538663385497
2.4592046294763708e6	0.6030321040562068
2.4592046317911856e6	0.6034103417738639
2.4592046341060004e6	0.603788579491521
2.4592046364208153e6	0.6041668172091781
2.45920463873563e6	0.6045450549268352
2.459204641050445e6	0.6049232926444923
2.4592046433652597e6	0.6053015303621495
2.4592046456800746e6	0.6056797680798066
2.4592046479948894e6	0.6060580057974637
2.4592046503097042e6	0.6064362435151208
2.459204652624519e6	0.6068144812327779
2.459204654939334e6	0.607192718950435
2.4592046572541487e6	0.6075709566680921
2.4592046595689636e6	0.6079491943857492
2.4592046618837784e6	0.6083274321034063
2.4592046641985932e6	0.6087056698210634
2.4592046665134076e6	0.6090839074626322
2.4592046688282224e6	0.6094621451802893
2.4592046711430373e6	0.6098403828979464
2.459204673457852e6	0.6102186206156035
2.459204675772667e6	0.6105968583332606
2.4592046780874818e6	0.6109750960509177
2.4592046804022966e6	0.6113533337685748
2.4592046827171114e6	0.6117315714862319
2.4592046850319263e6	0.612109809203889
2.459204687346741e6	0.6124880469215461
2.459204689661556e6	0.6128662846392032
2.4592046919763708e6	0.6132445223568603
2.4592046942911856e6	0.6136227600745174
2.4592046966060004e6	0.6140009977921747
2.4592046989208153e6	0.6143792355098318
2.45920470123563e6	0.6147574732274889
2.459204703550445e6	0.615135710945146
2.4592047058652597e6	0.6155139486628031
2.4592047081800746e6	0.6158921863804602
2.4592047104948894e6	0.6162704240981173
2.4592047128097042e6	0.6166486618157744
2.459204715124519e6	0.6170268995334315
2.459204717439334e6	0.6174051372510886
2.4592047197541487e6	0.6177833749687457
2.4592047220689636e6	0.6181616126864028
2.4592047243837784e6	0.6185398504040599
2.4592047266985932e6	0.6189180881217171
2.4592047290134076e6	0.6192963257632857
2.4592047313282224e6	0.6196745634809429
2.4592047336430373e6	0.6200528011986
2.459204735957852e6	0.6204310389162571
2.459204738272667e6	0.6208092766339142
2.4592047405874818e6	0.6211875143515713
2.4592047429022966e6	0.6215657520692284
2.4592047452171114e6	0.6219439897868855
2.4592047475319263e6	0.6223222275045426
2.459204749846741e6	0.6227004652221998
2.459204752161556e6	0.6230787029398569
2.4592047544763708e6	0.623456940657514
2.4592047567911856e6	0.6238351783751711
2.4592047591060004e6	0.6242134160928282
2.4592047614208153e6	0.6245916538104853
2.45920476373563e6	0.6249698915281424
2.459204766050445e6	0.6253481292457995
2.4592047683652597e6	0.6257263669634566
2.4592047706800746e6	0.6261046046811137
2.4592047729948894e6	0.6264828423987708
2.4592047753097042e6	0.6268610801164279
2.459204777624519e6	0.6272393178340852
2.459204779939334e6	0.6276175555517423
2.4592047822541487e6	0.6279957932693994
2.4592047845689636e6	0.6283740309870565
2.4592047868837784e6	0.6287522687047136
2.4592047891985932e6	0.6291305064223707
2.4592047915134076e6	0.6295087440639393
2.4592047938282224e6	0.6298869817815964
2.4592047961430373e6	0.6302652194992535
2.459204798457852e6	0.6306434572169106
2.459204800772667e6	0.6310216949345678
2.4592048030874818e6	0.6313999326522249
2.4592048054022966e6	0.631778170369882
2.4592048077171114e6	0.6321564080875391
2.4592048100319263e6	0.6325346458051962
2.459204812346741e6	0.6329128835228534
2.459204814661556e6	0.6332911212405105
2.4592048169763708e6	0.6336693589581676
2.4592048192911856e6	0.6340475966758247
2.4592048216060004e6	0.6344258343934818
2.4592048239208153e6	0.6348040721111389
2.45920482623563e6	0.635182309828796
2.459204828550445e6	0.6355605475464531
2.4592048308652597e6	0.6359387852641103
2.4592048331800746e6	0.6363170229817674
2.4592048354948894e6	0.6366952606994245
2.4592048378097042e6	0.6370734984170816
2.459204840124519e6	0.6374517361347387
2.459204842439334e6	0.6378299738523958
2.4592048447541487e6	0.6382082115700529
2.4592048470689636e6	0.63858644928771
2.4592048493837784e6	0.6389646870053671
2.4592048516985932e6	0.6393429247230242
2.4592048540134076e6	0.639721162364593
2.4592048563282224e6	0.6400994000822501
2.4592048586430373e6	0.6404776377999072
2.459204860957852e6	0.6408558755175643
2.459204863272667e6	0.6412341132352214
2.4592048655874818e6	0.6416123509528785
2.4592048679022966e6	0.6419905886705356
2.4592048702171114e6	0.6423688263881927
2.4592048725319263e6	0.6427470641058498
2.459204874846741e6	0.6431253018235069
2.459204877161556e6	0.643503539541164
2.4592048794763708e6	0.6438817772588211
2.4592048817911856e6	0.6442600149764782
2.4592048841060004e6	0.6446382526941354
2.4592048864208153e6	0.6450164904117925
2.45920488873563e6	0.6453947281294496
2.459204891050445e6	0.6457729658471068
2.4592048933652597e6	0.6461512035647639
2.4592048956800746e6	0.646529441282421
2.4592048979948894e6	0.6469076790000781
2.4592049003097042e6	0.6472859167177352
2.459204902624519e6	0.6476641544353923
2.459204904939334e6	0.6480423921530494
2.4592049072541487e6	0.6484206298707065
2.4592049095689636e6	0.6487988675883636
2.4592049118837784e6	0.6491771053060207
2.4592049141985932e6	0.6495553430236779
2.4592049165134076e6	0.6499335806652465
2.4592049188282224e6	0.6503118183829036
2.4592049211430373e6	0.6506900561005607
2.459204923457852e6	0.6510682938182178
2.459204925772667e6	0.651446531535875
2.4592049280874818e6	0.651824769253532
2.4592049304022966e6	0.6522030069711892
2.4592049327171114e6	0.6525812446888463
2.4592049350319263e6	0.6529594824065034
2.459204937346741e6	0.6533377201241606
2.459204939661556e6	0.6537159578418177
2.4592049419763708e6	0.6540941955594748
2.4592049442911856e6	0.6544724332771319
2.4592049466060004e6	0.654850670994789
2.4592049489208153e6	0.6552289087124461
2.45920495123563e6	0.6556071464301032
2.459204953550445e6	0.6559853841477603
2.4592049558652597e6	0.6563636218654174
2.4592049581800746e6	0.6567418595830745
2.4592049604948894e6	0.6571200973007316
2.4592049628097042e6	0.6574983350183887
2.459204965124519e6	0.6578765727360458
2.459204967439334e6	0.658254810453703
2.4592049697541487e6	0.6586330481713601
2.4592049720689636e6	0.6590112858890173
2.4592049743837784e6	0.6593895236066744
2.4592049766985932e6	0.6597677613243315
2.4592049790134076e6	0.6601459989659001
2.4592049813282224e6	0.6605242366835572
2.4592049836430373e6	0.6609024744012143
2.459204985957852e6	0.6612807121188714
2.459204988272667e6	0.6616589498365285
2.4592049905874818e6	0.6620371875541857
2.4592049929022966e6	0.6624154252718428
2.4592049952171114e6	0.6627936629894999
2.4592049975319263e6	0.663171900707157
2.459204999846741e6	0.6635501384248141
2.459205002161556e6	0.6639283761424712
2.4592050044763708e6	0.6643066138601283
2.4592050067911856e6	0.6646848515777855
2.4592050091060004e6	0.6650630892954426
2.4592050114208153e6	0.6654413270130997
2.45920501373563e6	0.6658195647307568
2.459205016050445e6	0.6661978024484139
2.4592050183652597e6	0.666576040166071
2.4592050206800746e6	0.6669542778837282
2.4592050229948894e6	0.6673325156013853
2.4592050253097042e6	0.6677107533190424
2.459205027624519e6	0.6680889910366995
2.459205029939334e6	0.6684672287543566
2.4592050322541487e6	0.6688454664720137
2.4592050345689636e6	0.6692237041896708
2.4592050368837784e6	0.6696019419073279
2.4592050391985932e6	0.669980179624985
2.4592050415134076e6	0.6703584172665537
2.4592050438282224e6	0.6707366549842109
2.4592050461430373e6	0.671114892701868
2.459205048457852e6	0.6714931304195251
2.459205050772667e6	0.6718713681371822
2.4592050530874818e6	0.6722496058548393
2.4592050554022966e6	0.6726278435724964
2.4592050577171114e6	0.6730060812901535
2.4592050600319263e6	0.6733843190078106
2.459205062346741e6	0.6737625567254677
2.459205064661556e6	0.6741407944431248
2.4592050669763708e6	0.6745190321607819
2.4592050692911856e6	0.674897269878439
2.4592050716060004e6	0.6752755075960962
2.4592050739208153e6	0.6756537453137533
2.45920507623563e6	0.6760319830314104
2.459205078550445e6	0.6764102207490675
2.4592050808652597e6	0.6767884584667246
2.4592050831800746e6	0.6771666961843817
2.4592050854948894e6	0.6775449339020388
2.4592050878097042e6	0.677923171619696
2.459205090124519e6	0.6783014093373531
2.459205092439334e6	0.6786796470550102
2.4592050947541487e6	0.6790578847726673
2.4592050970689636e6	0.6794361224903244
2.4592050993837784e6	0.6798143602079815
2.4592051016985932e6	0.6801925979256387
2.4592051040134076e6	0.6805708355672073
2.4592051063282224e6	0.6809490732848644
2.4592051086430373e6	0.6813273110025215
2.459205110957852e6	0.6817055487201786
2.459205113272667e6	0.6820837864378357
2.4592051155874818e6	0.6824620241554928
2.4592051179022966e6	0.68284026187315
2.4592051202171114e6	0.683218499590807
2.4592051225319263e6	0.6835967373084642
2.459205124846741e6	0.6839749750261214
2.459205127161556e6	0.6843532127437785
2.4592051294763708e6	0.6847314504614356
2.4592051317911856e6	0.6851096881790927
2.4592051341060004e6	0.6854879258967498
2.4592051364208153e6	0.6858661636144069
2.45920513873563e6	0.686244401332064
2.459205141050445e6	0.6866226390497211
2.4592051433652597e6	0.6870008767673782
2.4592051456800746e6	0.6873791144850353
2.4592051479948894e6	0.6877573522026924
2.4592051503097042e6	0.6881355899203495
2.459205152624519e6	0.6885138276380066
2.459205154939334e6	0.6888920653556638
2.4592051572541487e6	0.6892703030733209
2.4592051595689636e6	0.689648540790978
2.4592051618837784e6	0.6900267785086351
2.4592051641985932e6	0.6904050162262922
2.4592051665134076e6	0.6907832538678609
2.4592051688282224e6	0.691161491585518
2.4592051711430373e6	0.6915397293031751
2.459205173457852e6	0.6919179670208322
2.459205175772667e6	0.6922962047384893
2.4592051780874818e6	0.6926744424561465
2.4592051804022966e6	0.6930526801738036
2.4592051827171114e6	0.6934309178914607
2.4592051850319263e6	0.6938091556091178
2.459205187346741e6	0.6941873933267749
2.459205189661556e6	0.694565631044432
2.4592051919763708e6	0.6949438687620891
2.4592051942911856e6	0.6953221064797462
2.4592051966060004e6	0.6957003441974033
2.4592051989208153e6	0.6960785819150604
2.45920520123563e6	0.6964568196327175
2.459205203550445e6	0.6968350573503747
2.4592052058652597e6	0.6972132950680318
2.4592052081800746e6	0.697591532785689
2.4592052104948894e6	0.6979697705033461
2.4592052128097042e6	0.6983480082210032
2.459205215124519e6	0.6987262459386603
2.459205217439334e6	0.6991044836563174
2.4592052197541487e6	0.6994827213739745
2.4592052220689636e6	0.6998609590916316
2.4592052243837784e6	0.7002391968092887
2.4592052266985932e6	0.7006174345269458
2.4592052290134076e6	0.7009956721685144
2.4592052313282224e6	0.7013739098861717
2.4592052336430373e6	0.7017521476038288
2.459205235957852e6	0.7021303853214859
2.459205238272667e6	0.702508623039143
2.4592052405874818e6	0.7028868607568001
2.4592052429022966e6	0.7032650984744572
2.4592052452171114e6	0.7036433361921143
2.4592052475319263e6	0.7040215739097714
2.459205249846741e6	0.7043998116274285
2.459205252161556e6	0.7047780493450856
2.4592052544763708e6	0.7051562870627427
2.4592052567911856e6	0.7055345247803998
2.4592052591060004e6	0.7059127624980569
2.4592052614208153e6	0.7062910002157141
2.45920526373563e6	0.7066692379333712
2.459205266050445e6	0.7070474756510283
2.4592052683652597e6	0.7074257133686854
2.4592052706800746e6	0.7078039510863425
2.4592052729948894e6	0.7081821888039996
2.4592052753097042e6	0.7085604265216567
2.459205277624519e6	0.7089386642393138
2.459205279939334e6	0.709316901956971
2.4592052822541487e6	0.709695139674628
2.4592052845689636e6	0.7100733773922852
2.4592052868837784e6	0.7104516151099423
2.4592052891985932e6	0.7108298528275995
2.4592052915134076e6	0.7112080904691681
2.4592052938282224e6	0.7115863281868252
2.4592052961430373e6	0.7119645659044823
2.459205298457852e6	0.7123428036221394
2.459205300772667e6	0.7127210413397965
2.4592053030874818e6	0.7130992790574536
2.4592053054022966e6	0.7134775167751107
2.4592053077171114e6	0.7138557544927678
2.4592053100319263e6	0.7142339922104249
2.459205312346741e6	0.714612229928082
2.459205314661556e6	0.7149904676457393
2.4592053169763708e6	0.7153687053633964
2.4592053192911856e6	0.7157469430810535
2.4592053216060004e6	0.7161251807987106
2.4592053239208153e6	0.7165034185163677
2.45920532623563e6	0.7168816562340248
2.459205328550445e6	0.7172598939516819
2.4592053308652597e6	0.717638131669339
2.4592053331800746e6	0.7180163693869961
2.4592053354948894e6	0.7183946071046532
2.4592053378097042e6	0.7187728448223103
2.459205340124519e6	0.7191510825399674
2.459205342439334e6	0.7195293202576246
2.4592053447541487e6	0.7199075579752817
2.4592053470689636e6	0.7202857956929388
2.4592053493837784e6	0.7206640334105959
2.4592053516985932e6	0.721042271128253
2.4592053540134076e6	0.7214205087698217
2.4592053563282224e6	0.7217987464874788
2.4592053586430373e6	0.7221769842051359
2.459205360957852e6	0.722555221922793
2.459205363272667e6	0.7229334596404501
2.4592053655874818e6	0.7233116973581073
2.4592053679022966e6	0.7236899350757644
2.4592053702171114e6	0.7240681727934215
2.4592053725319263e6	0.7244464105110786
2.459205374846741e6	0.7248246482287357
2.459205377161556e6	0.7252028859463928
2.4592053794763708e6	0.7255811236640499
2.4592053817911856e6	0.725959361381707
2.4592053841060004e6	0.7263375990993641
2.4592053864208153e6	0.7267158368170212
2.45920538873563e6	0.7270940745346783
2.459205391050445e6	0.7274723122523354
2.4592053933652597e6	0.7278505499699925
2.4592053956800746e6	0.7282287876876498
2.4592053979948894e6	0.7286070254053069
2.4592054003097042e6	0.728985263122964
2.459205402624519e6	0.7293635008406211
2.459205404939334e6	0.7297417385582782
2.4592054072541487e6	0.7301199762759353
2.4592054095689636e6	0.7304982139935924
2.4592054118837784e6	0.7308764517112495
2.4592054141985932e6	0.7312546894289066
2.4592054165134076e6	0.7316329270704752
2.4592054188282224e6	0.7320111647881324
2.4592054211430373e6	0.7323894025057895
2.459205423457852e6	0.7327676402234466
2.459205425772667e6	0.7331458779411038
2.4592054280874818e6	0.7335241156587609
2.4592054304022966e6	0.733902353376418
2.4592054327171114e6	0.7342805910940751
2.4592054350319263e6	0.7346588288117322
2.459205437346741e6	0.7350370665293893
