-22.170003172108082	0.0550573137410778
-22.174676299127896	0.05360145588443802
-22.17922418515836	0.05214529529060042
-22.183646804513348	0.050688840183856124
-22.187944132214216	0.04923209879015965
-22.192116143989967	0.047775079337082416
-22.196162816277372	0.04631779005376636
-22.200084126221117	0.044860239170877315
-22.203880051673927	0.043402434920558675
-22.207550571196673	0.04194438553638481
-22.21109566405854	0.04048609925331463
-22.214515310237086	0.039027584307644816
-22.217809490418393	0.03756884893696399
-22.220978185997172	0.03610990138010529
-22.224021378477293	0.03465075017065158
-22.22693905189539	0.03319140296272263
-22.229731189147845	0.03173186829211829
-22.232397774464864	0.03027215440218625
-22.234938792785766	0.02881226953728637
-22.23735422975906	0.027352221942744195
-22.23964407174253	0.025892019864804355
-22.24180830580331	0.024431671550583987
-22.24384691971796	0.022971185248026143
-22.245759901972544	0.021510569205853262
-22.247547241762664	0.02004983167352036
-22.24920892899355	0.018588980901169075
-22.250744954280123	0.017128025139580172
-22.252155308947014	0.015666972640127542
-22.253439985028642	0.014205831654731445
-22.254598975269246	0.012744610435811895
-22.255632273122934	0.011283317236242063
-22.256539872753716	0.009821960309301662
-22.25732176903553	0.008360547908630332
-22.257977957552285	0.0068990882881810245
-22.258508434597868	0.0054375897021733885
-22.25891319717619	0.0039760604050471425
-22.25919224300118	0.002514508651415327
-22.259345570496805	0.0010529426960182188
-22.259373178797084	-0.0004086292063240973
-22.25927506774608	-0.001870198800757816
-22.259051237897932	-0.0033317578324421663
-22.25870169059976	-0.00479329775258676
-22.258226427685166	-0.00625481089454159
-22.257625451896054	-0.00771628870977083
-22.256898766626705	-0.009177722943952074
-22.25604637598138	-0.010639105343009058
-22.255068284774328	-0.012100427653158276
-22.253964498529733	-0.0135616816209556
-22.2527350234817	-0.015022858993342896
-22.251379866574215	-0.01648395151769477
-22.249899035461112	-0.017944950941864636
-22.248292538506014	-0.019405849014232143
-22.246560384782313	-0.020866637483749215
-22.244702584073075	-0.02232730809998684
-22.242719146871032	-0.023787852613181597
-22.240610084378496	-0.025248262774282305
-22.238375408507306	-0.02670853033499659
-22.236015131878744	-0.02816864704783747
-22.233529267823485	-0.02962860466616996
-22.230917830381518	-0.031088394944257594
-22.228180834302048	-0.032548009637309055
-22.225318295043444	-0.03400744050152474
-22.222330228773107	-0.035466679294143384
-22.219216652367432	-0.036925717773488145
-22.215977583411682	-0.03838454769901396
-22.21261304019988	-0.03984316083135351
-22.20912304173472	-0.041301548932363895
-22.20550760772748	-0.04275970376517322
-22.201766759363004	-0.04421761680096975
-22.19790051626428	-0.04567528039212865
-22.19390890100749	-0.047132686012563305
-22.189791936136995	-0.04858982543095076
-22.185549644905116	-0.050046690417471576
-22.18118205127201	-0.05150327274385625
-22.176689179905537	-0.05295956418343191
-22.17207105618111	-0.05441555651116814
-22.167327706181567	-0.05587124150372429
-22.162459156697008	-0.05732661093949544
-22.15746543522465	-0.05878165659865884
-22.152346569968685	-0.06023637026322046
-22.147102589840088	-0.06169074371706131
-22.141733524456484	-0.06314476874598392
-22.136239404141982	-0.06459843713775872
-22.130620259926975	-0.06605174068217029
-22.12487612354799	-0.06750467117106398
-22.119007027447495	-0.06895722039839207
-22.11301300477373	-0.07040938016026013
-22.106894089380507	-0.07186114225497363
-22.10065031582702	-0.07331249848308358
-22.094281719377665	-0.0747634406474337
-22.087788336001815	-0.0762139605532062
-22.081170202373634	-0.07766405000796814
-22.07442735587187	-0.07911370082171777
-22.06755983457964	-0.08056290480693075
-22.060567677284208	-0.08201165377860636
-22.053450924920966	-0.08345993926301559
-22.046209614821528	-0.08490775366303582
-22.038843789303407	-0.08635508851012243
-22.031353489968268	-0.08780193562983143
-22.023738759120782	-0.0892482868504736
-22.015999639768403	-0.09069413400316058
-22.00813617562113	-0.09213946892185049
-22.000148411091246	-0.09358428344339507
-21.992036391293073	-0.09502856940758496
-21.983800162042723	-0.0964723186571961
-21.975439769857832	-0.09791552303803579
-21.966955261957292	-0.09935817439898863
-21.958346686261006	-0.10080026459206272
-21.949614091389588	-0.1022417854724355
-21.940757526664115	-0.10368272889849996
-21.931777042105836	-0.10512308673191044
-21.922672688435878	-0.10656285083762869
-21.913444517074982	-0.1080020130839699
-21.904092580143214	-0.10944056534264812
-21.89461693045963	-0.11087849948882299
-21.885017621542033	-0.11231580740114513
-21.875294707606635	-0.11375248096180193
-21.86544824356776	-0.11518851205656372
-21.85547828503752	-0.11662389257482925
-21.84538488832555	-0.11805861440967186
-21.835168110438623	-0.11949266945788499
-21.824828009080374	-0.12092604962002808
-21.814364644768222	-0.12235874651233196
-21.80377807238876	-0.1237907526194456
-21.793068353826676	-0.12522205956522217
-21.782235549569688	-0.12665265926574235
-21.771279720800703	-0.12808254364108082
-21.760200929397463	-0.12951170461535286
-21.74899923793219	-0.13094013411675923
-21.737674709671236	-0.132367824077632
-21.726227408574733	-0.13379476643448027
-21.714657399296218	-0.13522095312803528
-21.70296474718227	-0.13664637610329647
-21.69114951827217	-0.1380710273095766
-21.67921177929747	-0.13949489870054727
-21.66715159768169	-0.14091798223428445
-21.654969041539854	-0.14234026987331394
-21.642664179678174	-0.14376175358465665
-21.63023708159364	-0.14518242533987408
-21.617687817473612	-0.1466022771151134
-21.605016458195436	-0.14802130089115312
-21.592223075326043	-0.14943948865344828
-21.579307741121553	-0.15085683239217562
-21.56627052852685	-0.15227332410227876
-21.553111511175175	-0.1536889557835137
-21.539830763387723	-0.15510371944049361
-21.52642836017321	-0.1565176070827344
-21.51290437722745	-0.15793061072469952
-21.499258890932943	-0.1593427223858453
-21.485491981140047	-0.16075393380686948
-21.471603720064433	-0.1621642375851251
-21.457594188903233	-0.16357362547133905
-21.443463466781274	-0.16498208950538892
-21.42921163350787	-0.16638962173237046
-21.41483876957636	-0.16779621420264204
-21.400344956163643	-0.16920185897186982
-21.38573027512975	-0.17060654810107242
-21.370994809017358	-0.17201027365666588
-21.35613864105133	-0.1734130277105085
-21.341161855138235	-0.17481480233994537
-21.326064535865896	-0.17621558962785347
-21.3108467685029	-0.17761538166268623
-21.295508638998093	-0.17901417053851798
-21.28005023398016	-0.1804119483550892
-21.26447164075705	-0.18180870721785028
-21.248772947315555	-0.18320443923800683
-21.232954242320773	-0.18459913653256416
-21.217015615115624	-0.1859927912243714
-21.20095715572033	-0.18738539544216637
-21.184778954831938	-0.18877694132061973
-21.168481103823755	-0.1901674210003797
-21.15206369474489	-0.19155682662811627
-21.135526820319697	-0.19294515035656562
-21.11887057394726	-0.1943323843445744
-21.102095049700875	-0.19571852075714402
-21.085200342327497	-0.19710355176547495
-21.068186550681794	-0.19848746926872676
-21.051053764011275	-0.19987026600742513
-21.03380208249131	-0.20125193389312393
-21.016431603558157	-0.20263246512226146
-20.998942425319054	-0.2040118518976959
-20.981334646551616	-0.20539008642874926
-20.963608366703337	-0.20676716093125114
-20.94576368589097	-0.20814306762758308
-20.9278007049	-0.20951779874672216
-20.909719525184077	-0.21089134652428523
-20.891520248864392	-0.2122637032025724
-20.873202978729168	-0.2136348610306111
-20.854767818233036	-0.2150048122641998
-20.836214871496473	-0.21637354916595172
-20.817544243305193	-0.21774106400533835
-20.79875603910958	-0.21910734905873355
-20.77985036502406	-0.22047239660945683
-20.760827327826537	-0.22183619894781706
-20.741687034957767	-0.22319874837115591
-20.722429594520758	-0.2245600371838916
-20.70305511528016	-0.22592005769756185
-20.683563706661648	-0.227278802230868
-20.663955478751312	-0.2286362631097179
-20.64423054229501	-0.22999243266726924
-20.62438900869779	-0.23134730324397326
-20.60443099002321	-0.23270086718761776
-20.584356598992738	-0.23405311685336982
-20.564165953058456	-0.2354040443321932
-20.543859158132367	-0.23675364253766623
-20.52343633295576	-0.238101903575461
-20.502897592875307	-0.23944881983069544
-20.482243053892347	-0.2407943836960826
-20.46147283266224	-0.24213858757197385
-20.440587046493707	-0.24348142386640154
-20.41958581334818	-0.2448228849951222
-20.398469251839135	-0.24616296338165908
-20.377237481231397	-0.24750165145734507
-20.35589062144049	-0.24883894166136533
-20.334428793031957	-0.2501748264408005
-20.312852117220675	-0.25150929825066837
-20.291160715870166	-0.25284234955396756
-20.26935471149192	-0.25417397282171933
-20.247434227244693	-0.2555041605330106
-20.22539938693381	-0.2568329051750361
-20.203250315010482	-0.2581601992431407
-20.18098713657109	-0.25948603524086244
-20.15860997735647	-0.26081040567997427
-20.136118963751226	-0.26213330308052624
-20.11351422278299	-0.2634547199708883
-20.090795882121736	-0.2647746488877923
-20.067964070079025	-0.26609308237637375
-20.045018915607304	-0.2674100129902146
-20.02196054829917	-0.2687254332913843
-19.998789098386627	-0.2700393358504833
-19.975504701435757	-0.271351712982832
-19.952107479587124	-0.2726625578042285
-19.92859756965924	-0.27397186264695583
-19.90497510443439	-0.27527962011615364
-19.881240217330575	-0.2765858228257011
-19.857393042400748	-0.2778904633982585
-19.83343371433205	-0.279193534465309
-19.80936236844505	-0.28049502866720016
-19.785179140693	-0.2817949386531857
-19.76088416766104	-0.2830932570814666
-19.73647758656544	-0.2843899766192334
-19.71195953525284	-0.2856850899427062
-19.687330152199433	-0.28697858973717766
-19.66258957651022	-0.2882704686970532
-19.637737947918218	-0.2895607195258925
-19.612775406783634	-0.2908493349364512
-19.587702094093128	-0.29213630765072124
-19.56251815145898	-0.2934216303999726
-19.537223721118306	-0.29470529592479416
-19.511818945932234	-0.2959872969751346
-19.486303969385126	-0.29726762631034354
-19.460678935583747	-0.29854627669921213
-19.43494398925646	-0.29982324092001444
-19.409099275752414	-0.3010985117605474
-19.38314494104069	-0.30237208201817245
-19.35708113170953	-0.3036439444998556
-19.330907994965468	-0.3049140920222085
-19.304625683930585	-0.3061825171565384
-19.2782343364713	-0.3074492132491977
-19.251734106920182	-0.3087141728906404
-19.225125144948635	-0.3099773889364645
-19.198407600842184	-0.311238854252116
-19.171581625499613	-0.31249856171292884
-19.14464737043211	-0.31375650420416507
-19.117604987762427	-0.31501267462105526
-19.09045463022401	-0.31626706586883885
-19.063196451160145	-0.31751967086280325
-19.03583060452308	-0.31877048252832485
-19.008357244873167	-0.32001949380090877
-18.980776527377973	-0.3212666976262283
-18.953088607811434	-0.32251208696016553
-18.925293642552933	-0.32375565476885004
-18.897391788586454	-0.3249973940286997
-18.86938320349968	-0.32623729772645993
-18.841268045483098	-0.3274753588592429
-18.813046473329116	-0.3287115704345679
-18.78471864643116	-0.3299459254704
-18.75628472478277	-0.3311784169951902
-18.727744868976707	-0.3324090380479142
-18.699099240204045	-0.33363778167811203
-18.670348000253252	-0.33486464094592755
-18.64149131150927	-0.33608960892214707
-18.612529336952626	-0.3373126786882388
-18.583462240158486	-0.3385338433363921
-18.5542901911747	-0.33975309572447715
-18.52501334302609	-0.3409704294567867
-18.495631866924068	-0.3421858374124425
-18.466145928813116	-0.3433993127269071
-18.43655569522771	-0.34461084854655855
-18.40686133329138	-0.3458204380287289
-18.377063010715755	-0.3470280743417432
-18.34716089579964	-0.34823375066495765
-18.317155157428047	-0.34943746018879834
-18.287045965071243	-0.35063919611479993
-18.256833488783798	-0.35183895165564366
-18.22651789920362	-0.35303672003519576
-18.196099367551003	-0.35423249448854593
-18.16557806562764	-0.3554262682620453
-18.134954165815657	-0.3566180346133449
-18.104227841076668	-0.35780778681143355
-18.073399264950755	-0.3589955181366754
-18.042468611555517	-0.36018122188084906
-18.01143605558508	-0.361364891347184
-17.980301772309105	-0.3625465198503998
-17.949065937571795	-0.36372610071674294
-17.917728727790927	-0.36490362728402487
-17.886290319956814	-0.3660790929016595
-17.854750891631348	-0.36725249093070106
-17.823110620946974	-0.36842381474388103
-17.79136968660567	-0.36959305772564616
-17.759528267877975	-0.37076021327219566
-17.727586551037607	-0.37192527455735874
-17.69554470363795	-0.3730882354696931
-17.663402913064562	-0.37424908920629735
-17.631161360851994	-0.37540782921075216
-17.598820229098223	-0.376564448938577
-17.566379700463656	-0.3777189418572659
-17.533839958170088	-0.37887130144632525
-17.50120118599965	-0.38002152119731064
-17.46846356829381	-0.3811695946138627
-17.435627289952293	-0.3823155152117447
-17.402692536432056	-0.383459276518879
-17.369659493746234	-0.38460087207538335
-17.336528348463094	-0.38574029543360744
-17.303299287704988	-0.38687754015816944
-17.26997249914727	-0.38801259982599245
-17.23654817101727	-0.38914546802634037
-17.20302649209321	-0.39027613836085434
-17.169407651703132	-0.3914046044435891
-17.13569183972385	-0.3925308599010488
-17.10187924657987	-0.39365489837222284
-17.067970063242303	-0.3947767135086223
-17.03396448122779	-0.3958962989743153
-16.999862692597443	-0.39701364844596293
-16.965664889955725	-0.39812875561285527
-16.93137126644938	-0.3992416141769463
-16.89698201576635	-0.40035221785289066
-16.862497332134673	-0.40146056036807787
-16.82791741728724	-0.40256663524039266
-16.79324245261635	-0.40367043666781144
-16.75847264091047	-0.40477195819340994
-16.723608178547003	-0.4058711935958733
-16.68864926243794	-0.4069681366667983
-16.653596090028756	-0.4080627812107288
-16.61844885929726	-0.40915512104519064
-16.583207768752505	-0.4102451500007262
-16.547873017433663	-0.4113328619209299
-16.51244480490887	-0.41241825066248217
-16.47692333127416	-0.4135013100951851
-16.44130879715227	-0.41458203410199623
-16.405601403691552	-0.4156604165790634
-16.369801352564817	-0.4167364514357595
-16.3339088459682	-0.4178101325947162
-16.29792408662001	-0.4188814539918593
-16.261847277759607	-0.4199504095764416
-16.22567862314623	-0.42101699331107856
-16.189418327057858	-0.4220811991717811
-16.15306659429006	-0.4231430211479907
-16.116623630154823	-0.42420245324261247
-16.080089640479414	-0.42525948947204956
-16.043464831605196	-0.4263141238662368
-16.006749410386476	-0.42736635046867427
-15.96994358418934	-0.42841616333646143
-15.933047560890452	-0.4294635565403299
-15.896061548875933	-0.4305085241646778
-15.858985764507525	-0.4315510600981248
-15.82182040226987	-0.4325911588719474
-15.784565679519632	-0.4336288144017744
-15.74722180666883	-0.4346640208270017
-15.709788994632992	-0.43569677230085707
-15.672267454829967	-0.43672706299043407
-15.634657399178733	-0.4377548870767243
-15.596959040098207	-0.4387802387546505
-15.559172590506028	-0.4398031122330998
-15.521298263817364	-0.44082350173495577
-15.483336273943712	-0.4418414014971312
-15.44528683529168	-0.44285680577060094
-15.407150162761784	-0.4438697088204342
-15.368926471747232	-0.44488010492582675
-15.330615978132696	-0.4458879883801333
-15.292218898293116	-0.4468933534909003
-15.253735449092455	-0.44789619457989727
-15.215165847882488	-0.44889650598314934
-15.176510312501573	-0.449894282050969
-15.137769061273419	-0.4508895171479883
-15.098942313005839	-0.4518822056531903
-15.060030286989543	-0.45287234195994125
-15.021033202996874	-0.453859920476022
-14.981951281280578	-0.4548449356236594
-14.942784742572567	-0.4558273818395585
-14.90353380808265	-0.4568072535749328
-14.864198699497306	-0.457784545295537
-14.824779646916618	-0.4587592512858798
-14.785276857117056	-0.4597313664330464
-14.745690561128889	-0.4607008850502619
-14.706020982532689	-0.4616678016617545
-14.666268345379407	-0.46263211080644817
-14.626432874189103	-0.46359380703799336
-14.586514793949672	-0.4645528849247988
-14.546514330115581	-0.4655093390500608
-14.506431708606602	-0.4664631640117947
-14.466267155806515	-0.4674143544228653
-14.426020898561847	-0.46836290491101706
-14.385693164180594	-0.46930881011890424
-14.345284180430916	-0.4702520647041221
-14.304794175539874	-0.4711926633392358
-14.264223378192122	-0.4721306007118114
-14.223572017528632	-0.4730658715244455
-14.182840323145385	-0.4739984704947956
-14.142028525092083	-0.47492839235560896
-14.101136853870857	-0.4758556318547533
-14.060165540434937	-0.4767801837552462
-14.019114816187388	-0.47770204283528456
-13.977984912979764	-0.47862120388827367
-13.936776063110823	-0.4795376617228581
-13.895488499325213	-0.480451411162949
-13.854122454812147	-0.48136244704775477
-13.81267816320409	-0.4822707642318099
-13.771155858575446	-0.4831763575850036
-13.729555783817542	-0.4840792218112588
-13.687878157147624	-0.4849793521745133
-13.646123222318645	-0.485876743408995
-13.604291215159499	-0.4867713904463023
-13.56238237193438	-0.48766328823353255
-13.520396929341441	-0.4885524317333107
-13.478335124511464	-0.4894388159238176
-13.436197195006523	-0.49032243579881873
-13.393983378818634	-0.4912032863676921
-13.35169391436842	-0.4920813626554565
-13.309329040503764	-0.49295665970279967
-13.266888996498443	-0.4938291725661064
-13.224374022050801	-0.49469889631748637
-13.181784357282378	-0.4955658260448018
-13.139120242736562	-0.49642995685169555
-13.096381919377224	-0.49729128385761834
-13.053569628587374	-0.49814980219785676
-13.010683612167766	-0.49900550702356056
-12.967724112335565	-0.4998583935017699
-12.924691371722957	-0.5007084568154426
-12.881585633375794	-0.5015556921634823
-12.838407140752206	-0.5024000947607637
-12.795156137721243	-0.5032416598381615
-12.751832868561479	-0.5040803826425758
-12.708437577959652	-0.5049162584369604
-12.66497051100926	-0.5057492825003483
-12.621431913209198	-0.5065794501278792
-12.577822039242324	-0.5074067564646878
-12.534141117868485	-0.5082311971710582
-12.490389404560052	-0.5090527674238947
-12.44656714642358	-0.5098714625830267
-12.402674590964057	-0.510687278024523
-12.358711986083502	-0.5115002091407156
-12.314679580079572	-0.5123102513402279
-12.270577621644154	-0.5131174000479992
-12.226406359861963	-0.5139216507053114
-12.182166044209131	-0.514722998769814
-12.137856924551809	-0.5155214397155503
-12.093479251144734	-0.516316969032983
-12.049033274629846	-0.5171095822290189
-12.004519246034842	-0.5178992748270357
-11.95993741677179	-0.5186860423669059
-11.91528803863567	-0.5194698804050222
-11.870571363802986	-0.5202507845143236
-11.82578764483033	-0.5210287502843192
-11.780937134652948	-0.5218037733211142
-11.736020086583316	-0.5225758492474336
-11.691036754309732	-0.5233449737026475
-11.64598739189483	-0.5241111423427962
-11.600872253774199	-0.5248743508406135
-11.555691594754924	-0.5256345948855525
-11.51044567001414	-0.5263918701838091
-11.465134735097598	-0.5271461724583465
-11.41975904591823	-0.5278974974489192
-11.374318867902169	-0.5286458407618563
-11.328814439410285	-0.5293911984716504
-11.283246026582878	-0.530133566217733
-11.237613886787088	-0.5308729398072639
-11.191918277749986	-0.5316093150643143
-11.14615945755711	-0.5323426878298889
-11.100337684651013	-0.5330730539619508
-11.054453217829797	-0.5338004093354443
-11.008506316245656	-0.534524749842318
-10.962497239403413	-0.5352460713915485
-10.91642624715905	-0.5359643699091632
-10.87029359971824	-0.5366796413382632
-10.824099557634888	-0.5373918816390465
-10.777844381809649	-0.5381010867888308
-10.73152833348845	-0.5388072527820762
-10.68515167426103	-0.539510375630407
-10.638714666059448	-0.5402104513626363
-10.592217571156617	-0.5409074760247856
-10.545660652164807	-0.5416014456801098
-10.499044172034175	-0.5422923564091178
-10.452368394051279	-0.5429802043095947
-10.405633581837575	-0.5436649854966251
-10.358839999347952	-0.5443466961026135
-10.31198791086922	-0.5450253322773072
-10.26507758101864	-0.5457008901878173
-10.218109274742398	-0.5463733660186411
-10.171083257314141	-0.547042755971683
-10.123999803810797	-0.5477090561325505
-10.076859161213203	-0.5483722630061013
-10.029661605234157	-0.5490323727122428
-9.982407402442085	-0.5496893815227225
-9.93509681972535	-0.550343285726801
-9.887730124290751	-0.5509940816312747
-9.840307583662003	-0.5516417655604946
-9.792829465678228	-0.5522863338563877
-9.745296038492452	-0.5529277828784785
-9.69770757057008	-0.553566109003909
-9.650064330687378	-0.5542013086274583
-9.602366587929968	-0.5548333781615646
-9.554614611691301	-0.555462314036344
-9.506808671671125	-0.5560881126996119
-9.458949037873984	-0.5567107706169019
-9.411035980607668	-0.5573302842714863
-9.36306977048171	-0.5579466501643967
-9.315050678405841	-0.5585598648144422
-9.266978975588463	-0.5591699247582302
-9.21885493353513	-0.5597768265501857
-9.170678824046993	-0.5603805667625709
-9.122450919219276	-0.5609811419855038
-9.07417149143975	-0.5615785488269786
-9.02584081338718	-0.562172783912884
-8.97745915802978	-0.5627638438870229
-8.929026798623692	-0.5633517254111305
-8.880544008711423	-0.563936425164894
-8.8320110718885	-0.5645179397293105
-8.783428242739172	-0.565096266053989
-8.734795805413919	-0.5656714007552823
-8.686114034585275	-0.5662433405848706
-8.637383205204406	-0.5668120823124786
-8.588603592499563	-0.5673776227258938
-8.539775471974513	-0.5679399586309839
-8.490899119406999	-0.568499086851716
-8.441974810847174	-0.5690550042301741
-8.39300282261604	-0.569607707626576
-8.34398343130389	-0.5701571939192929
-8.294916913768748	-0.570703460004865
-8.245803547134809	-0.5712465027980207
-8.196643608790856	-0.5717863192316929
-8.14743737638872	-0.572322906257037
-8.098185127841685	-0.5728562608434475
-8.048887141322934	-0.5733863799785763
-7.999543695263983	-0.5739132606683479
-7.95015506835309	-0.574436899936978
-7.900721539533698	-0.5749572948269891
-7.851243388002849	-0.5754744423992283
-7.8017208932096125	-0.5759883397328829
-7.752154334853503	-0.5764989839254974
-7.70254399288291	-0.5770063720929898
-7.6528901474935	-0.577510501369668
-7.603193079126648	-0.5780113689082458
-7.553453068467856	-0.5785089718798592
-7.503670406463984	-0.5790033073749675
-7.453845354254837	-0.5794943728004858
-7.40397820325904	-0.5799821652831394
-7.354069235122701	-0.580466682067911
-7.304118731728112	-0.5809479204182848
-7.254126975192149	-0.5814258776162607
-7.204094247864688	-0.5819005509623706
-7.154020832327002	-0.5823719377756932
-7.1039070113901674	-0.5828400353938697
-7.053753068093473	-0.5833048411731178
-7.0035592857028055	-0.5837663524882479
-6.95332594770907	-0.5842245667326769
-6.903053337826573	-0.5846794813184434
-6.852741739991429	-0.5851310936762225
-6.802391438359951	-0.5855794012553395
-6.752002717307052	-0.5860244015237854
-6.7015758614246295	-0.5864660919682305
-6.651111155519967	-0.5869044700940385
-6.600608884614125	-0.5873395334252813
-6.550069333940326	-0.5877712795047519
-6.4994927889423435	-0.5881997058939795
-6.448879535272895	-0.5886248101732423
-6.398229858792025	-0.5890465899415818
-6.347544045565494	-0.5894650428168158
-6.296822381863155	-0.5898801664355524
-6.246065154157347	-0.5902919584532031
-6.195272649121271	-0.5907004165439959
-6.1444451638556155	-0.5911055383198278
-6.093582964980908	-0.5915073216555929
-6.042686349984455	-0.5919057642002156
-5.991755606326703	-0.5923008637033207
-5.940791021660862	-0.5926926179334143
-5.889792883831269	-0.5930810246778966
-5.838761480871764	-0.5934660817430741
-5.787697101004073	-0.5938477869541718
-5.736600032636166	-0.5942261381553459
-5.685470564360641	-0.5946011332096959
-5.634308984953085	-0.5949727699992766
-5.583115583370451	-0.5953410464251097
-5.531890648749413	-0.5957059604071965
-5.480634470404748	-0.5960675098845286
-5.4293473378276955	-0.5964256928151005
-5.378029540684318	-0.5967805071759205
-5.326681368813874	-0.5971319509630224
-5.2753031122271725	-0.5974800221914769
-5.22389506110494	-0.5978247188954023
-5.172457505796183	-0.5981660391279765
-5.120990736816541	-0.5985039809614471
-5.0694950448466525	-0.5988385424871426
-5.017970720730512	-0.5991697218154834
-4.966418055473825	-0.5994975170759924
-4.914837340242366	-0.5998219264173054
-4.863228866360334	-0.6001429480071815
-4.811592925308706	-0.6004605800325136
-4.759929819119153	-0.6007748206364656
-4.70823981879553	-0.6010856681706577
-4.656523226669392	-0.6013931208158897
-4.604780334832363	-0.6016971768356909
-4.553011435524598	-0.6019978345127749
-4.501216821133153	-0.602295092149048
-4.449396784190308	-0.6025889480656208
-4.397551617371938	-0.602879400602816
-4.3456816134958425	-0.6031664481201781
-4.293787065520105	-0.6034500889964837
-4.241868266541426	-0.6037303216297486
-4.189925509793479	-0.6040071444372398
-4.137959088645248	-0.604280555855481
-4.085969296599371	-0.6045505543402645
-4.033956427290482	-0.6048171383666582
-3.981920774483557	-0.6050803064290143
-3.9298626320722487	-0.6053400570409785
-3.8777822940772313	-0.6055963887354977
-3.8256800546445366	-0.605849300064829
-3.773556208043895	-0.6060987896005471
-3.721411048667073	-0.6063448559335529
-3.669244871026209	-0.6065874976740814
-3.617057969752152	-0.6068267134517095
-3.564850639592797	-0.6070625019153633
-3.5126231754114188	-0.6072948617333264
-3.460375872185007	-0.6075237915932471
-3.408109025002603	-0.6077492902021463
-3.355822939583714	-0.6079713562420967
-3.3035178902000935	-0.6081899885482296
-3.251194182783169	-0.6084051858407077
-3.198852112853507	-0.6086169469041123
-3.146491976035382	-0.608825270542432
-3.0941140680551125	-0.6090301555790695
-3.0417186847393825	-0.6092316008568489
-2.9893061220135793	-0.6094296052380217
-2.9368766759001175	-0.6096241676042732
-2.8844306425167665	-0.6098152868567291
-2.8319683180749804	-0.6100029619159614
-2.779489998878225	-0.610187191721995
-2.7269959813203	-0.6103679752343127
-2.6744865618836733	-0.6105453114318625
-2.6219620371377967	-0.6107191993130621
-2.5694227037374384	-0.610889637895805
-2.5168688584210046	-0.6110566262174665
-2.464300798008863	-0.6112201633349084
-2.411718819401668	-0.6113802483244845
-2.3591232195786813	-0.6115368802820464
-2.3065142955960987	-0.611690058322948
-2.2538923445853682	-0.6118397815820505
-2.201257663751514	-0.6119860492137279
-2.148610550371458	-0.6121288603918709
-2.0959513017923386	-0.6122682143098919
-2.0432802154298346	-0.6124041101807305
-1.9905975887664833	-0.6125365472368559
-1.9379037299513087	-0.6126655247046756
-1.88519891539508	-0.6127910419076256
-1.8324834533699057	-0.6129130981104999
-1.7797576416089536	-0.613031692623934
-1.7270217779038455	-0.6131468247781141
-1.6742761601029772	-0.6132584939227822
-1.6215210861098333	-0.6133666994272391
-1.5687568538813073	-0.6134714406803476
-1.5159837614260172	-0.6135727170905367
-1.4632021068026244	-0.6136705280858045
-1.410412188118147	-0.6137648731137215
-1.3576143035262784	-0.6138557516414335
-1.3048087512257038	-0.6139431631556652
-1.2519958294584133	-0.6140271071627226
-1.199175836508021	-0.6141075831884959
-1.1463490706980777	-0.6141845907784624
-1.093515830390387	-0.6142581294976887
-1.04067641398332	-0.614328198930833
-0.9878311199101298	-0.6143947986821487
-0.9349802466372665	-0.6144579283754847
-0.8821240926626908	-0.6145175876542892
-0.8292629565141881	-0.6145737761816109
-0.7763971367476837	-0.6146264936401009
-0.723526931945555	-0.6146757397320148
-0.6706526407149456	-0.6147215141792142
-0.6177745616860796	-0.6147638167231682
-0.5648929935105739	-0.614802647124955
-0.5120082454986505	-0.6148380051585001
-0.4591205950624067	-0.614869890638329
-0.4062303515458049	-0.6148983033768929
-0.35333781366916633	-0.6149232432137188
-0.30044328016577043	-0.6149447100079481
-0.24754704978016787	-0.6149627036383382
-0.19464942126649326	-0.6149772240032617
-0.14175069338677757	-0.6149882710207092
-0.088851164909261	-0.6149958446282879
-0.035951134606705466	-0.6149999447832224
0.01694909874529282	-0.6150005714623552
0.0698492363699909	-0.6149977246621472
0.1227489794911864	-0.6149914043986768
0.17564802933490523	-0.6149816107076403
0.22854608713108857	-0.6149683436443518
0.281442854115281	-0.6149516032837428
0.33433803153031716	-0.6149313897203617
0.3872313206280098	-0.6149077030683732
0.44012242267083646	-0.6148805434615576
0.4930110389336272	-0.6148499110533108
0.5458968707052515	-0.6148158060166422
0.5987796192903055	-0.6147782285441747
0.651658986010799	-0.6147371788481433
0.7045346722078418	-0.6146926571603935
0.7574063792433319	-0.6146446637323807
0.8102738085016408	-0.6145931988351685
0.863136661391301	-0.6145382627594268
0.9159946287139906	-0.6144798558275294
0.9688474331980942	-0.6144179783458554
1.0216947657010325	-0.6143526306752846
1.0745363277448425	-0.6142838131848963
1.127371820884153	-0.6142115262633666
1.1802009467078682	-0.6141357703189672
1.2330234068408565	-0.6140565457795616
1.285838902945632	-0.6139738530926049
1.3386471367240411	-0.6138876927251392
1.3914478099189487	-0.6137980651637924
1.44424062431592	-0.6137049709147745
1.4970252817449063	-0.6136084105038748
1.5498014840819303	-0.6135083844764601
1.6025689332507664	-0.61340489339747
1.6553273312246268	-0.6132979378514146
1.7080763800278462	-0.6131875184423716
1.7608157817375596	-0.6130736357939817
1.8135452384853898	-0.612956290549446
1.8662644524591288	-0.6128354833715219
1.9189731259044176	-0.61271121494252
1.9716709611264296	-0.6125834859642995
2.024357660491552	-0.6124522971582642
2.0770329264290672	-0.6123176492653595
2.1296964614328324	-0.612179543046067
2.1823479680629587	-0.6120379792804006
2.234987148947495	-0.6118929587679026
2.2876137067841027	-0.6117444823276385
2.3402273337590014	-0.6115925508291031
2.392827753882286	-0.6114371650692683
2.44541465948517	-0.6112783259559577
2.4979877535605626	-0.6111160343862829
2.5505467391793806	-0.6109502912768555
2.603091319492223	-0.6107810975637806
2.6556211977310507	-0.6106084542026522
2.70813607721086	-0.6104323621685477
2.7606356613313587	-0.6102528224560222
2.8131196535786422	-0.6100698360791036
2.8655877575268676	-0.6098834040712854
2.9180396768399275	-0.6096935274855226
2.970475115273125	-0.6095002073942245
3.0228937766748456	-0.6093034448892491
3.075295364988231	-0.6091032410818973
3.127679584252849	-0.6088995971029055
3.1800461386063663	-0.6086925141024407
3.2323947322862225	-0.6084819932500928
3.284725069631297	-0.6082680357348683
3.3370368550835754	-0.6080506427651844
3.38932979318983	-0.6078298155688607
3.441603588603276	-0.6076055553931137
3.4938579460852472	-0.6073778635045488
3.546092570506862	-0.6071467411891535
3.5983071668506885	-0.6069121897522902
3.6505014402124143	-0.6066742105186886
3.7026750958025065	-0.6064328048324386
3.754827828458663	-0.606187974106578
3.8069593646086455	-0.6059397196253904
3.8590693993238023	-0.6056880428399064
3.9111576382903763	-0.6054329451715786
3.963223787317711	-0.6051744280611805
4.015267552339911	-0.604912492968798
4.067288639417508	-0.6046471413738221
4.119286754739113	-0.6043783747749395
4.171261604623079	-0.6041061946901248
4.223212895519167	-0.6038306026566318
4.275140334010191	-0.6035516002309845
4.3270436268136825	-0.6032691889889688
4.378922480783549	-0.6029833705256231
4.430776602911727	-0.60269414645523
4.482605700329834	-0.6024015184113058
4.534409480310824	-0.6021054880465936
4.586187650270647	-0.6018060570330511
4.637939917769892	-0.6015032270618439
4.689665990515449	-0.6011969998433334
4.741365576362147	-0.6008873771070696
4.793038383314416	-0.6005743606017795
4.844684119527928	-0.6002579520953577
4.896302493311252	-0.5999381533748571
4.947893213127495	-0.5996149662464784
4.999455987595952	-0.5992883925355588
5.050990525493756	-0.5989584340865636
5.1024965357575125	-0.5986250927630745
5.153973717132425	-0.5982883705158566
5.205421799589925	-0.5979482691112192
5.25684048219656	-0.5976047905374277
5.308229474543284	-0.5972579367344243
5.359588486388732	-0.5969077096612149
5.410917227660871	-0.5965541112958569
5.462215408458634	-0.5961971436354486
5.513482739053554	-0.5958368086961178
5.56471892989141	-0.5954731085130107
5.615923691593849	-0.5951060451402799
5.667096734960033	-0.5947356206510731
5.718237770968263	-0.5943618371375214
5.769346510777619	-0.5939846967107275
5.820422665729585	-0.5936042015007534
5.871465947349679	-0.5932203536566092
5.922476067349096	-0.5928331553462398
5.973452737626315	-0.592442608756514
6.024395670268737	-0.5920487160932106
6.075304577554317	-0.5916514795810078
6.126179171953181	-0.5912509014634686
6.177019166129246	-0.5908469840030299
6.227824272941856	-0.5904397294809886
6.278594205447393	-0.590029140197489
6.329328676900897	-0.5896152184715104
6.3800274007577	-0.589197966640853
6.430690090675025	-0.5887773870621255
6.481316460513612	-0.5883534821107311
6.531906214166117	-0.5879262542671326
6.5824590862590595	-0.5874957057723952
6.63297478109281	-0.5870618391438355
6.683453013358328	-0.5866246568319012
6.733893497958159	-0.586184161305767
6.784295950008048	-0.5857403550533199
6.83466008483854	-0.5852932405811461
6.884985617996597	-0.5848428204145163
6.9352722652472005	-0.5843890970973713
6.985519742574951	-0.5839320731923082
7.035727766185686	-0.5834717512805654
7.085896052508068	-0.5830081339620079
7.136024318195199	-0.5825412238551138
7.186112280126209	-0.5820710235969574
7.236159655407866	-0.5815975358431966
7.286166161376163	-0.5811207632680563
7.336131515597924	-0.5806407085643142
7.386055435872394	-0.5801573744432847
7.435937640232835	-0.5796707636348046
7.485777846948113	-0.5791808788872171
7.535575774524301	-0.5786877229673562
7.5853311417062566	-0.5781912986605314
7.635043667479214	-0.5776916087705116
7.684713071070377	-0.5771886561195098
7.734339071950499	-0.5766824435481666
7.783921389835466	-0.5761729739155346
7.8334597446878895	-0.5756602500990617
7.882953846766625	-0.5751442750986989
7.932403436445541	-0.5746250516210434
7.9818082244759045	-0.5741025827021017
8.031167931823003	-0.573576871292741
8.080482279706727	-0.573047920362142
8.129750989603163	-0.5725157328977817
8.178973783246155	-0.5719803119054169
8.228150382628868	-0.5714416604090671
8.277280510005388	-0.5708997814509976
8.326363887892255	-0.5703546780917021
8.375400239070057	-0.5698063534098856
8.42438928658498	-0.5692548105024465
8.473330753750378	-0.5687000524844598
8.52222436414834	-0.5681420824891595
8.571069841631243	-0.5675809036679199
8.619866910323315	-0.5670165191902394
8.668615294622194	-0.5664489322437211
8.717314719200484	-0.5658781460340552
8.76596490900731	-0.5653041637850019
8.814565589269877	-0.5647269887383718
8.863116485495	-0.5641466241540085
8.911617323470692	-0.5635630733097697
8.960067829267677	-0.5629763395015088
9.008467729240955	-0.5623864260430567
9.056816750031345	-0.5617933362662024
9.10511461856703	-0.5611970735206745
9.153361062065093	-0.5605976411741228
9.201555798343152	-0.5599950427336384
9.249698574591026	-0.5593892813602103
9.297789109201416	-0.5587803605960393
9.34582713056241	-0.5581682838802665
9.39381236735869	-0.5575530546698575
9.441744548573068	-0.5569346764395827
9.489623403487998	-0.5563131526819987
9.537448661687133	-0.5556884869074269
9.58522005305682	-0.555060682643935
9.632937307787651	-0.5544297434373171
9.680600156375979	-0.5537956728510726
9.728208329625435	-0.5531584744663868
9.775761558648455	-0.5525181518821107
9.823259574867791	-0.5518747087147409
9.87070211001804	-0.5512281485983982
9.918088896147149	-0.5505784751848078
9.96541966561793	-0.5499256921432794
10.012694151109578	-0.5492698031606844
10.059912085619167	-0.5486108119414373
10.107073202463178	-0.5479487222074736
10.154177235278983	-0.5472835376982285
10.201223918026372	-0.5466152621706168
10.248212984989031	-0.5459438993990111
10.29514417077607	-0.5452694531752204
10.342017210323498	-0.5445919273084687
10.388831838895731	-0.5439113256253739
10.435587792087087	-0.5432276519699256
10.482284796435392	-0.5425409103419212
10.528922606986962	-0.5418511043437306
10.575500950934991	-0.5411582380091694
10.622019565208324	-0.5404623152514971
10.668478187073143	-0.539763340001236
10.714876554134468	-0.5390613162061483
10.761214404337633	-0.5383562478312142
10.807491475969766	-0.5376481388586096
10.85370750766127	-0.5369369932876835
10.899862238387291	-0.5362228151349354
10.945955407469214	-0.5355056084339923
10.9919867545761	-0.5347853772355868
11.037956019726188	-0.5340621256075332
11.083862943288349	-0.5333358576347049
11.129707265983555	-0.5326065774190117
11.175488728886343	-0.5318742890793765
11.221207073426276	-0.5311389967517111
11.26686204138941	-0.5304007045888941
11.312453374919741	-0.5296594167607475
11.35798081652067	-0.5289151374540115
11.403444109056455	-0.528167870872323
11.448842995753669	-0.52741762123619
11.494177220202634	-0.5266643927829688
11.53944652635889	-0.5259081897668402
11.584650658544625	-0.5251490164587849
11.629789361450126	-0.5243868771465593
11.674862380135215	-0.523621776134672
11.719869450983476	-0.5228537178991632
11.764810337905931	-0.5220827064689572
11.809684778019138	-0.5213087463528808
11.854492517875466	-0.5205318419222058
11.899233304403992	-0.5197519975648331
11.943906884911948	-0.5189692176852679
11.988513007086139	-0.5181835067045949
12.033051418994372	-0.5173948690604537
12.077521869086873	-0.5166033092070137
12.12192410619771	-0.5158088316149483
12.166257879546224	-0.51501144077141
12.210522938738423	-0.514211141180006
12.25471903376841	-0.5134079373607707
12.298845915019795	-0.5126018338501422
12.342903333267106	-0.5117928352009357
12.386891039677181	-0.5109809459823175
12.430808785810596	-0.5101661707797802
12.47465632362306	-0.5093485141951161
12.5184334054668	-0.5085279808463908
12.562139784091988	-0.5077045753679188
12.605775212648114	-0.5068783024102351
12.64933944468539	-0.5060491666400702
12.692832234156148	-0.505217172740324
12.736253335416208	-0.5043823254100386
12.779602503226295	-0.5035446293643723
12.822879492753401	-0.5027040893345724
12.866084059572175	-0.5018607100679492
12.909215950996979	-0.5010144964983624
12.95227494077527	-0.5001654530647076
12.995260777028978	-0.499313584732266
13.038173216977164	-0.4984588963123291
13.081012018253425	-0.4976013926321159
13.123776938907277	-0.49674107853474614
13.166467737405496	-0.49587795887921254
13.209084172633494	-0.4950120385403532
13.251626003896694	-0.4941433224088242
13.294092990921863	-0.4932718153910727
13.33648489385849	-0.4923975224093079
13.378801473280133	-0.4915204484014741
13.421042490185771	-0.49064059832122286
13.463207706001155	-0.4897579771378846
13.505296882580158	-0.4888725898364407
13.547309782206108	-0.4879844414174957
13.589246167593148	-0.48709353689724816
13.631105801887566	-0.48619988130746344
13.672888448669138	-0.4853034796954446
13.714593871952452	-0.4844043371240037
13.756221836188256	-0.4835024586714341
13.797772106264784	-0.4825978494314807
13.839244447509065	-0.4816905145133122
13.88063862568828	-0.48078045904149136
13.921954407011063	-0.4798676881559465
13.96319155812883	-0.4789522070119425
14.004349846137101	-0.4780340207800514
14.045429030321042	-0.47711313483164547
14.086428895195791	-0.47618955399732177
14.127349200925355	-0.47526328367837817
14.168189716394762	-0.4743343291063233
14.2089502109397	-0.4734026955278264
14.2496304543478	-0.4724683882046871
14.290230216859957	-0.47153141241380686
14.330749269171605	-0.47059177344715797
14.371187382434023	-0.4696494766117542
14.411544328255642	-0.46870452722962097
14.451819878703306	-0.4677569306377649
14.492013806303584	-0.46680669218814375
14.532125884044035	-0.46585381724763675
14.57215588537452	-0.46489831119801334
14.61210358420843	-0.46394017943590365
14.651968754924024	-0.4629794273727674
14.691751172365663	-0.4620160604348637
14.731450611845085	-0.46105008406322034
14.771066849142693	-0.46008150371360285
14.810599660508808	-0.45911032485648406
14.850048822664931	-0.4581365529770126
14.889414112805005	-0.4571601935749829
14.928695308596687	-0.4561812521648029
14.96789218818258	-0.45519973427546406
15.00700453018151	-0.454215645450509
15.04603211368976	-0.4532289912480016
15.08497471828232	-0.4522397772404942
15.12383211620595	-0.45124800921476316
15.16260410363038	-0.4502536923732243
15.201290453748847	-0.4492568325309613
15.239890948063595	-0.44825743531816725
15.278405368561794	-0.4472555063793662
15.316833497716747	-0.44625105137338156
15.355175118489116	-0.44524407597330334
15.393430014328167	-0.44423458586645675
15.431597969172978	-0.4432225867543701
15.469678767453663	-0.4422080843527419
15.507672194092596	-0.44119108439140936
15.545578034505608	-0.44017159261431577
15.583396074603215	-0.43914961477947784
15.621126100791834	-0.4381251566589536
15.658767899974961	-0.43709822403880927
15.696321259554406	-0.436068822719087
15.733785967431473	-0.43503695851377217
15.771161812008165	-0.4340026372507599
15.808448582188376	-0.4329658647718231
15.845646067379095	-0.4319266469325787
15.882754057491573	-0.4308849896024548
15.919772342942535	-0.42984089866465774
15.956700714655343	-0.42879438001613873
15.993538964061193	-0.4277454395675602
16.030286883100278	-0.426694083243263
16.066944264222972	-0.4256403169812328
16.103510900391008	-0.4245841467330661
16.139986577750136	-0.42352557867712554
16.176371104963636	-0.42246461836623295
16.212664269187492	-0.421401272005323
16.248865865440496	-0.4203355456001002
16.284975689258616	-0.4192674451697111
16.320993536696143	-0.4181969767467108
16.356919204326847	-0.41712414637702855
16.39275248924512	-0.4160489601199336
16.42849318906713	-0.4149714240480013
16.464141101931947	-0.4138915442470785
16.499696026502715	-0.4128093268162492
16.535157761967742	-0.4117247778678003
16.570526108041687	-0.4106379035271869
16.605800864966653	-0.4095487099329975
16.640981833513326	-0.40845720323692014
16.67606881498211	-0.40736338960370644
16.711061611204244	-0.40626727521113787
16.7459600245429	-0.40516886624999027
16.780763857894335	-0.4040681689239991
16.815472914688986	-0.4029651894498244
16.85008699889257	-0.40185993405701526
16.88460591500721	-0.4007524089879755
16.919029468072537	-0.3996426204979276
16.953357463666777	-0.39853057485487775
16.98758970790786	-0.39741627833958043
17.02172600745451	-0.3962997372455029
17.055766169507347	-0.3951809578787894
17.08970999499133	-0.3940599467839591
17.123557305850827	-0.392936709841385
17.157307904080596	-0.3918112536203137
17.19096159905968	-0.39068358447724183
17.2245182007144	-0.3895537087811642
17.257977519519475	-0.388421632913538
17.291339366499052	-0.38728736326824703
17.324603553227806	-0.3861509062515653
17.357769891831982	-0.3850122682821209
17.390838194990465	-0.38387145579085985
17.423808275935837	-0.3827284752210097
17.456679948455434	-0.3815833330280431
17.4894530268924	-0.38043603567964157
17.522127326146723	-0.3792865896556586
17.554702661676295	-0.37813500144808315
17.587178849497946	-0.37698127756100347
17.619555706188475	-0.37582542451056966
17.651833048885717	-0.3746674488249572
17.68401069528954	-0.37350735704433025
17.716088463662892	-0.37234515572080423
17.74806617283283	-0.3711808514184094
17.779943642191533	-0.3700144507130534
17.811720691697325	-0.36884596019248417
17.843397141875705	-0.36767538645625264
17.874972813820335	-0.36650273611567596
17.90644752919408	-0.3653280157937995
17.93782111022999	-0.3641512321253597
17.969093373451614	-0.36297239199409537
18.00026415481724	-0.3617915015837274
18.031333271975438	-0.36060856780077616
18.062300549450033	-0.3594235973263671
18.093165812340054	-0.35823659685312886
18.12392888632071	-0.3570475730851555
18.15458959764434	-0.3558565327379684
18.18514777314144	-0.35466348253847846
18.21560324022162	-0.35346842922494803
18.245955826874567	-0.3522713795469531
18.27620536167104	-0.35107234026534456
18.30635167376383	-0.34987131815221084
18.336394592888716	-0.3486683199908393
18.366333949365433	-0.34746335257567734
18.396169574098636	-0.3462564227122953
18.425901298578836	-0.3450475372173467
18.455528954883377	-0.3438367029185306
18.485052375677377	-0.3426239266545527
18.51447139421466	-0.3414092152750869
18.54378584433871	-0.34019257564073624
18.572995560483598	-0.3389740146229947
18.60210037767494	-0.3377535391042078
18.631100131530804	-0.33653115597753436
18.659994658262644	-0.3353068721469069
18.688783794676233	-0.3340806945269932
18.717467378172593	-0.33285263004315674
18.74604524674889	-0.3316226856314185
18.774517233282424	-0.33039086848640375
18.802883188420626	-0.3291571850697294
18.831142946216357	-0.32792164259676254
18.85929634706053	-0.32668424804575896
18.887343231944737	-0.32544500840543467
18.91528344246218	-0.3242039306749268
18.943116820808537	-0.32296102186375364
18.970843209782885	-0.3217162889917758
18.998462452788548	-0.3204697390891553
19.025974393834012	-0.31922137919631743
19.053378877533806	-0.3179712163639096
19.080675749109346	-0.3167192576527623
19.107864854389863	-0.3154655101338489
19.134946039813233	-0.31420998088824614
19.161919152426837	-0.31295267700709334
19.188784039888475	-0.31169360559155324
19.21554055046717	-0.31043277375277134
19.242188533044068	-0.3091701886118359
19.26872783711326	-0.30790585729973774
19.29515831278265	-0.3066397869573297
19.3214798107748	-0.30537198473528687
19.34769218242777	-0.3041024577940656
19.373795279695948	-0.3028312133038637
19.39978895515091	-0.3015582584445792
19.425673061982224	-0.30028360040577035
19.451447453998313	-0.29900724638661474
19.47711198562724	-0.2977292035958688
19.502666506787946	-0.29644947950943223
19.528110883431705	-0.2951680808402225
19.553444966698727	-0.29388501508275533
19.578668613503915	-0.2926002894836949
19.603781681385918	-0.2913139112990794
19.628784028507912	-0.2900258877942812
19.653675513658442	-0.28873622624396494
19.678455996252154	-0.2874449339320474
19.703125336330665	-0.2861520181516551
19.727683394563297	-0.28485748620508416
19.75213003224789	-0.2835613454037587
19.77646511131158	-0.28226360306818943
19.80068849431158	-0.2809642665279325
19.824800044435943	-0.2796633431215479
19.848799625504363	-0.2783608401965582
19.872687101968914	-0.277056765109407
19.89646233891484	-0.27575112522541734
19.920125202061293	-0.2744439279187502
19.94367555776211	-0.2731351805723625
19.967113273006564	-0.2718248905779659
19.990438215420117	-0.27051306533598485
20.01365025326515	-0.26919971225551476
20.036749255441737	-0.26788483875428
20.059735091488356	-0.2665684522585924
20.08260763158265	-0.2652505602033088
20.10536674654214	-0.26393117003178956
20.12801230782497	-0.26261028919585616
20.150544183009437	-0.26128792542191237
20.172962253902384	-0.259964085646546
20.19526638934407	-0.25863877761257503
20.217456463362332	-0.25731200880524474
20.23953235062921	-0.2559837867180505
20.26149392646168	-0.25465411885269595
20.283341066822317	-0.2533230127190504
20.305073648320032	-0.25199047583510625
20.32669154821076	-0.2506565157269367
20.34819464439815	-0.24932113992865323
20.369582815434235	-0.24798435598236315
20.390855940520165	-0.24664617143812667
20.412013899506835	-0.24530659385391473
20.433056572895616	-0.2439656307955658
20.45398384183898	-0.2426232898367437
20.47479558814121	-0.2412795785588942
20.495491694259044	-0.23993450455120288
20.51607204330236	-0.2385880754105515
20.536536519034804	-0.23724029874147606
20.556885005874488	-0.23589118215612284
20.577117388894603	-0.23454073327420616
20.597233553824097	-0.23318895972296483
20.6172333870483	-0.23183586913711943
20.63711677560959	-0.23048146915882903
20.656883607208005	-0.22912576743764804
20.67653377020189	-0.22776877163048306
20.696067153608524	-0.22641048940154962
20.715483643210586	-0.22505092869595383
20.734783137156985	-0.22369009664540385
20.75396552252787	-0.22232800120915064
20.773030690982498	-0.22096465008021193
20.791978534842148	-0.21960005095869775
20.810808947090756	-0.2182342115517665
20.829521821375504	-0.21686713957358167
20.848117052007403	-0.21549884274526826
20.86659453396192	-0.21412932879486907
20.884954162879563	-0.21275860545730121
20.903195835066445	-0.21138668047431228
20.921319447494913	-0.21001356159443665
20.93932489780409	-0.2086392565729518
20.957212084300487	-0.20726377317183436
20.97498090595854	-0.20588711915971647
20.992631262421227	-0.20450930231184175
21.010163054000582	-0.2031303304100213
21.027576181678302	-0.20175021124259027
21.044870547106285	-0.20036895260436313
21.062046052607183	-0.1989865622965901
21.07910260117497	-0.19760304812691293
21.09604009647548	-0.19621841790932096
21.11285844284695	-0.1948326794641069
21.12955754530055	-0.1934458406178225
21.146137309520952	-0.19205790920323468
21.16259764186682	-0.190668893059281
21.178938449371383	-0.1892788000310255
21.19515963649181	-0.18788763824957555
21.21126111813828	-0.18649541501240566
21.227242800095606	-0.18510213846244003
21.243104592100376	-0.1837078164688054
21.258846404566327	-0.18231245690653294
21.274468148584827	-0.18091606765651366
21.28996973592537	-0.1795186566054545
21.305351079036114	-0.17812023164583335
21.320612091044314	-0.1767208006758546
21.33575268575687	-0.1753203715994045
21.350772777660787	-0.17391895232600652
21.365672281923654	-0.1725165507707767
21.380451114394134	-0.17111317485437902
21.39510919160244	-0.16970883250298044
21.40964643076079	-0.16830353164820616
21.424062749763902	-0.16689728022709557
21.43835806718943	-0.16549008618205607
21.452532302298444	-0.16408195746081924
21.466585375035873	-0.16267290201639562
21.48051720603097	-0.16126292780702983
21.494327716597745	-0.15985204279615553
21.508016828735418	-0.15844025495235065
21.521584465128864	-0.15702757224929212
21.535030549149038	-0.1556140026657111
21.548355004853416	-0.15419955418534767
21.561557756986428	-0.15278423479690595
21.574638730979867	-0.15136805249400884
21.58759785035866	-0.14995101556029747
21.600435047144483	-0.1485331314289774
21.61315024621457	-0.1471144083931304
21.62574337575439	-0.14569485446560287
21.638214364638845	-0.14427447766393425
21.650563142432684	-0.14285328601031122
21.662789639390883	-0.1414312875315229
21.67489378645906	-0.14000849025891512
21.68687551527386	-0.13858490222834546
21.69873475816334	-0.13716053148013752
21.710471448147327	-0.1357353860590355
21.72208551893785	-0.13430947401415924
21.73357690493945	-0.13288280339895808
21.74494554124961	-0.13145538227116574
21.75619136365908	-0.1300272186927552
21.76731430865226	-0.12859832072989227
21.77831431340754	-0.1271686964528907
21.789191315797698	-0.1257383539361663
21.79994525439018	-0.12430730125819166
21.81057606844752	-0.12287554650145009
21.821083697927637	-0.12144309775239036
21.83146808348419	-0.12000996310138073
21.841729166466905	-0.11857615064266347
21.851866888921922	-0.117141668474309
21.861881193592108	-0.11570652469817026
21.871772023917387	-0.11427072741983677
21.88153932403505	-0.11283428474858931
21.891183036852535	-0.11139720508650822
21.900703111782807	-0.1099594959719348
21.910099493104745	-0.1085211658139749
21.919372127748264	-0.10708222273621458
21.928520963342173	-0.10564267486570167
21.93754594821451	-0.10420253033289983
21.946447031392808	-0.1027617972716426
21.955224162604374	-0.1013204838190875
21.9638772922766	-0.09987859811567004
21.972406371537236	-0.09843614830505781
21.98081135221464	-0.09699314253410438
21.989092186838086	-0.09554958895280327
21.99724882863801	-0.09410549571424232
22.005281231546284	-0.09266087097455697
22.013189350196463	-0.09121572289288471
22.020973139924067	-0.08977005963131869
22.028632556766794	-0.08832388935486193
22.036167557464818	-0.0868772202313809
22.04357809946098	-0.08543006043155961
22.050864140901076	-0.08398241812885329
22.058025640634064	-0.08253430149944242
22.065062558212304	-0.08108571872218638
22.071974853891778	-0.07963667797857726
22.07876248863235	-0.07818718745269385
22.08542542409793	-0.07673725533115502
22.091963622656742	-0.07528688980307421
22.0983770473815	-0.07383609906001229
22.10466566079715	-0.07238489158790645
22.110829429916148	-0.07093327499920682
22.116868318648365	-0.06948125778443182
22.122782292886583	-0.06802884814447104
22.128571319229103	-0.06657605428243049
22.134235364979915	-0.06512288440358628
22.139774398148894	-0.06366934671533814
22.145188387451974	-0.062215449427163214
22.150477302311327	-0.060761200750569636
22.155641112855545	-0.05930660889905017
22.16067978991979	-0.05785168208803564
22.16559330504598	-0.05639642853484913
22.170381630482925	-0.05494085645865873
22.17504473918651	-0.05348497408043165
22.179582604819824	-0.05202878962288767
22.18399520175333	-0.05057231131045268
22.188282505064993	-0.04911554736921229
22.19244449054043	-0.04765850602686525
22.196481134673054	-0.04620119551267709
22.20039241466417	-0.04474362405743363
22.204178308423156	-0.04328579989339439
22.207838794567557	-0.04182773125424626
22.211373852423204	-0.04036942637505671
22.214783462024347	-0.0389108934922279
22.21806760411375	-0.03745214084344935
22.221226260142814	-0.03599317666765191
22.224259412271675	-0.034534009204961136
22.227167042797014	-0.033074646990243435
22.22994913646658	-0.03161509767872545
22.23260567696976	-0.03015536980739185
22.235136649302603	-0.028695471620681475
22.237542039170357	-0.027235411363995102
22.239821832987555	-0.02577519728364887
22.241976017878077	-0.024314837626827717
22.24400458167525	-0.022854340641538753
22.245907512921885	-0.021393714576564613
22.247684800870363	-0.019932967681417342
22.24933643548269	-0.018472108206291023
22.25086240743055	-0.017011144402015736
22.25226270809536	-0.015550084520010788
22.253537329568324	-0.01408893681223813
22.25468626465047	-0.01262770953115575
22.2557095068527	-0.011166410929671057
22.256607050395804	-0.009705049261094268
22.257378890210536	-0.008243632779091807
22.25802502193758	-0.006782169737639683
22.258545441927648	-0.0053206683909768565
22.25894014724144	-0.003859136993558643
22.25920913564968	-0.0023975838000099424
22.259352405633148	-0.000936017065079169
22.25936995638267	0.0005255549564091938
22.259261787799108	0.001987124009600667
22.259027900493404	0.0034486818396575352
22.258668295786528	0.004910220191805473
22.258182975819775	0.006371730517377737
22.257571943138945	0.00783320514987956
22.256835201280087	0.00929463554099768
22.255972754404265	0.010756013436677533
22.25498460738252	0.012217330583161047
22.253870765795842	0.01367857872703326
22.252631235935123	0.015139749615269068
22.251266024801136	0.01660083499527929
22.2497751401045	0.0180618266149581
22.248158590265625	0.01952271622272909
22.24641638441467	0.020983495567592
22.244548532391487	0.02244415639916934
22.242555044745572	0.02390469046775295
22.240435932736002	0.02536508952435065
22.238191208331365	0.026825345320732778
22.235820884209712	0.028285449609478805
22.23332497375846	0.0297453941440239
22.23070349107434	0.031205170678705495
22.227956450963283	0.032664770968809924
22.2250838689404	0.03412418677061902
22.222085761229803	0.03558340984145623
22.218962144764607	0.037042431939733875
22.21571303718677	0.038501244824999295
22.21233845684702	0.03995984025798141
22.208838422804746	0.04141821000063729
22.205212954827893	0.04287634581619871
22.20146207339284	0.04433423946921864
22.197585800476684	0.04579188243241569
22.193584156412797	0.047249267059581754
22.189457164569333	0.04870638482625917
22.185204848255253	0.05016322750275081
22.180827231487335	0.05161978686091316
22.176324338990046	0.05307605467420308
22.171696196195402	0.05453202271772358
22.16694282924282	0.05598768276827121
22.162064264978977	0.057443026604381844
22.15706053095766	0.058898046006377394
22.1519316554396	0.060352732756412064
22.146677667392318	0.061807078638518934
22.14129859648997	0.06326107543865622
22.135794473113158	0.06471471494475377
22.130165328348777	0.06616798894675938
22.124411193989847	0.06762088923668519
22.11853210253529	0.06907340760865403
22.112528087189805	0.07052553585894594
22.106399181863647	0.07197726578604392
22.100145421172428	0.07342858919068104
22.093766840436942	0.07487949787588631
22.087263475682967	0.07632998364703102
22.08063536364103	0.07778003831187502
22.073882541746244	0.07922965368061304
22.06700504813806	0.08067882156592093
22.060002921660075	0.08212753378300189
22.052876201859796	0.0835757821496327
22.045624930459667	0.08502355819501504
22.03824914549693	0.08647085432469867
22.030748890075678	0.08791766207316767
22.023124206556822	0.08936397326895522
22.015375138004018	0.09080977974339868
22.00750172818346	0.09225507333068637
21.99950402156361	0.09369984586790324
21.991382063314937	0.09514408919507711
21.98313589930968	0.09658779515522473
21.97476557612159	0.09803095559439783
21.96627114102565	0.09947356236172926
21.957652641997836	0.10091560730947895
21.948910127714797	0.10235708229307992
21.940043647553644	0.10379797917118434
21.931053251591617	0.10523828980570948
21.92193899060583	0.10667800606188363
21.912700916072982	0.10811711980829225
21.90333908016906	0.10955562291692333
21.893853535769043	0.11099350726321407
21.88424433644661	0.1124307647260964
21.874511536473836	0.11386738718804261
21.864655190820873	0.11530336653511161
21.854675355155663	0.11673869465699452
21.844572085843605	0.11817336344706052
21.83434543994724	0.11960736480240267
21.823995475225935	0.1210406906238836
21.81352225013556	0.12247333281618145
21.80292582597216	0.12390528299984611
21.792206258320313	0.1253365336634434
21.781363609842618	0.1267670764352428
21.770397941777578	0.12819690323564048
21.759309316058506	0.1296260059890769
21.74809779531317	0.13105437662408165
21.73676344286344	0.1324820070733193
21.72530632272493	0.13390888927363495
21.713726499606633	0.13533501516609978
21.70202403891056	0.1367603766960565
21.69019900673139	0.13818496581316492
21.678251469856043	0.13960877447144737
21.666181495763364	0.1410317946293341
21.653989152623705	0.14245401824970885
21.641674509298543	0.14387543729995422
21.629237635340118	0.14529604375199662
21.616678600990994	0.14671582958235224
21.603997477183704	0.14813478677217212
21.591194335540337	0.14955290730728726
21.578269248372116	0.15097018317825409
21.56522228867901	0.1523866063803996
21.552053530149326	0.1538021689138666
21.53876304715926	0.15521686278365904
21.525350914772524	0.15663067999968674
21.511817208739874	0.15804361257681102
21.498162005498717	0.1594556525348895
21.484385382172675	0.16086679189882133
21.47048741937912	0.16227702241499403
21.456468190021166	0.16368633668590582
21.44232777606202	0.1650947264680687
21.428066257365725	0.16650218380699774
21.413683714480324	0.1679087007534743
21.399180228637395	0.169314269363591
21.384555881751588	0.17071888169879668
21.369810756420165	0.1721225298259411
21.354944935922553	0.1735252058173198
21.339958504219837	0.17492690175071884
21.324851545954314	0.1763276097094596
21.30962414644901	0.1777273217824436
21.294276391707193	0.17912603006419683
21.278808368411877	0.18052372665491487
21.26322016392536	0.1819204036605069
21.24751186628871	0.1833160531926409
21.23168356422127	0.184710667368788
21.215735347120162	0.1861042383122668
21.199667305059773	0.18749675815228814
21.18347952879126	0.18888821902399922
21.16717210974203	0.1902786130685284
21.150745140015225	0.19166793243302935
21.13419871238919	0.19305616927072536
21.117532920316968	0.19444331574095394
21.100747857925775	0.19582936400921072
21.08384362001643	0.19721430624719413
21.066820302062872	0.19859813463284906
21.04967800367199	0.19998084107237185
21.032416814765377	0.20136241831264112
21.015036836269473	0.20274285827234106
20.997538166345162	0.20412215315484533
20.97992090382368	0.2055002951699948
20.96218514820606	0.2068772765341417
20.9443309996626	0.20825308947019358
20.926358559032245	0.20962772620765716
20.908267927822067	0.21100117898268222
20.890059208206647	0.2123734400381055
20.87173250302755	0.2137445016234945
20.85328791579268	0.21511435599519133
20.834725550675763	0.21648299541635604
20.81604551251571	0.21785041215701093
20.797247906816043	0.21921659849408384
20.778332839744298	0.22058154671145183
20.75930041813142	0.22194524909998473
20.740150749471177	0.22330769795758884
20.720883941919524	0.22466888558925022
20.701500104294013	0.22602880430707822
20.681999346073184	0.22738744643034903
20.66238177739592	0.22874480428554878
20.642647509060854	0.23010087020641726
20.62279665252572	0.23145563653399093
20.602829319906746	0.23280909561664637
20.582745623978	0.23416123981014292
20.562545678170757	0.23551206147766685
20.54222960067145	0.23686155271853676
20.52179749805004	0.23820970645386477
20.501249489780804	0.23955651479776954
20.480585691917423	0.24090197014357353
20.459806221167554	0.24224606489224104
20.43891119489217	0.24358879145242077
20.417900731104886	0.244930142240489
20.396774948471304	0.2462701096805921
20.375533966308332	0.2476086862046897
20.35417790458352	0.24894586425259704
20.332706883914387	0.25028163627202804
20.311121025567726	0.2516159947186375
20.289420451458916	0.25294893205606417
20.26760528415126	0.25428044075597306
20.24567564685526	0.25561051329809825
20.22363166342795	0.25693914217028463
20.201473458372167	0.2582663198685314
20.179201156835877	0.25959203889703353
20.156814884611446	0.2609162917682245
20.134314768134946	0.2622390710028187
20.111700934485427	0.26356036912985326
20.088973511384207	0.2648801786867308
20.066132627194158	0.26619849221926106
20.043178410918948	0.26751530228170334
20.020110992202365	0.2688306014368082
19.99693050132754	0.2701443822558601
19.97363706921623	0.27145663731871855
19.950230832147955	0.2727673589503433
19.9267119129024	0.274076540275216
19.90308044900994	0.2753841736353475
19.879336573939394	0.27669025164531785
19.855480421794482	0.27799476692849145
19.831512127313033	0.27929771211705934
19.807431825866278	0.28059907985208005
19.783239653458036	0.28189886278352133
19.758935746723967	0.283197053570302
19.734520242930806	0.2844936448803332
19.709993279975578	0.28578862939055966
19.685354996384813	0.28708199978700133
19.660605531313784	0.28837374876479444
19.635745024545702	0.28966386902823293
19.61077361649093	0.29095235329081
19.58569144818621	0.29223919427525785
19.560498661293835	0.2935243847135907
19.53519539810086	0.29480791734714484
19.509781801518322	0.2960897849266193
19.48425801508039	0.2973699802121176
19.458624182943588	0.29864849597318804
19.43288044988598	0.29992532498886487
19.40702696130633	0.301200460047709
19.38106386322329	0.3024738939478486
19.354991302274595	0.3037456194970197
19.3288094257162	0.3050156295126074
19.302518381421482	0.3062839168216856
19.27611832320212	0.30755047400644486
19.249609389542194	0.30881529442303574
19.222991735462095	0.31007837067288097
19.196265511296435	0.3113396956222159
19.16943086799302	0.3125992621471673
19.142487957112	0.3138570631337933
19.115436930825012	0.31511309147812366
19.088277941914324	0.31636734008619993
19.061011143771967	0.3176198018741155
19.03363669039887	0.31887046976805555
19.006154736403992	0.320119336704337
18.97856543700345	0.32136639562944863
18.950868948019632	0.32261163950009053
18.923065425880342	0.3238550612832143
18.895155027617882	0.3250966539560623
18.86713791086819	0.32633641050620776
18.839014233869943	0.3275743239315941
18.810784155463665	0.3288103872405747
18.78244783509082	0.33004459345195236
18.754005432792926	0.33127693559501814
18.725457109210637	0.3325074067095918
18.696803025582852	0.3337359998460603
18.66804334374579	0.33496270806541695
18.639178226132078	0.33618752443930167
18.610207835769845	0.33741044205003884
18.581132336281783	0.3386314539906772
18.551951891884247	0.33985055336502806
18.522666673288008	0.341067733043044
18.493276834111537	0.34228298663989065
18.46378254622719	0.3434963070468542
18.43418397621661	0.34470768741118757
18.404481291250395	0.3459171208911009
18.3746746590872	0.3471246006558002
18.344764248072753	0.3483301198855259
18.314750227138926	0.3495336717715915
18.28463276580276	0.35073524951642177
18.25441203416553	0.3519348463335914
18.224088202911773	0.35313245544786304
18.193661443308315	0.3543280700952262
18.163131927203345	0.35552168352293434
18.13249982702537	0.356713288989544
18.101765315782316	0.3579028797649526
18.07092856706051	0.35909044913043653
18.039989755023704	0.36027599037868846
18.0089490544121	0.36145949681385614
17.97780664054136	0.3626409617515798
17.94656268930162	0.3638203785190296
17.91521737715648	0.3649977404549439
17.883770881142038	0.36617304090966635
17.852223378865844	0.36734627324518415
17.82057504850595	0.3685174308351646
17.788826068809865	0.3696865070649931
17.75697661909356	0.37085349533181083
17.725026879240456	0.37201838904455115
17.692977036157785	0.3731811813902754
17.66082725796613	0.3743418662694429
17.628577732682402	0.3755004368924629
17.596228642449624	0.3766568867158112
17.563780169973143	0.3778112092079416
17.531232498519618	0.3789633978493232
17.498585811915984	0.38011344613247666
17.465840294548386	0.3812613475620115
17.432996131361172	0.38240709565466224
17.400053507855834	0.38355068393932534
17.367012610089954	0.38469210595709596
17.333873624676173	0.38583135526130385
17.30063673878111	0.3869684254175503
17.267302140124325	0.3881033100037442
17.233870016977257	0.3892360026101384
17.200340558162146	0.39036649683936586
17.166713953050987	0.3914947863064759
17.13299039156444	0.39262086463897006
17.099170064170778	0.3937447254768383
17.065253161884797	0.3948663624725948
17.031239876266746	0.39598576929131396
16.997130399421224	0.39710293961066573
16.962924923996123	0.39821786712095225
16.92862364318154	0.399330545525142
16.894226750708647	0.40044096853890704
16.859734440848644	0.40154912989065733
16.82514690841164	0.40265502332157677
16.790464355732034	0.40375864236387676
16.75568696474053	0.4048599812284163
16.720814938824734	0.40595903347267304
16.685848474939373	0.40705579288927807
16.650787770572535	0.4081502532838124
16.61563302374457	0.409242408474842
16.580384433006987	0.41033225229395226
16.545042197441308	0.41141977858578294
16.509606516657954	0.41250498120806345
16.474077590795126	0.41358785403164644
16.438455620517665	0.41466839094054364
16.402740807015913	0.41574658583195956
16.36693335200459	0.41682243261632673
16.331033457721645	0.417895925217339
16.295041326927116	0.4189670575719868
16.258957162902	0.4200358236305911
16.222781169447064	0.42110221735683745
16.186513550881752	0.4221662327278102
16.150154512042977	0.4232278637340263
16.113704258284002	0.4242871043794699
16.077162995473252	0.4253439486816252
16.040530929993178	0.42639839067151103
16.003808268739068	0.4274504243937143
15.966995219117898	0.42850004390642366
15.93009198904714	0.42954724328146277
15.893098786953601	0.43059201660432467
15.856015821772251	0.43163435797420385
15.818843310431859	0.43267426129508363
15.781581447924454	0.4337117211120496
15.74423045217121	0.4347467313561646
15.70679053412789	0.43577928618176454
15.66926190525247	0.4368093797570536
15.631644777503979	0.43783700626413646
15.593939363341262	0.4388621598990523
15.556145875721807	0.43988483487180635
15.518264528100545	0.4409050254064033
15.480295534428612	0.44192272574088004
15.44223910915218	0.4429379301273375
15.404095467211226	0.4439506328319737
15.365864824038313	0.4449608281351164
15.32754739555739	0.4459685103312542
15.289143398182555	0.44697367372907004
15.250653048816844	0.44797631265147303
15.212076564851005	0.44897642143562977
15.173414164162267	0.4499739944329975
15.134666065113112	0.4509690260093549
15.095832486550028	0.4519615105448348
15.056913647802313	0.45295144243395524
15.017909768680779	0.4539388160856516
14.978821069476558	0.45492362592330776
14.93964777095983	0.4559058663847885
14.90039009437859	0.4568855319224693
14.861048261457393	0.45786261700326936
14.821622494396108	0.4588371161086819
14.782113023825005	0.45980902353955183
14.742520056994863	0.46077833419764436
14.702843825463468	0.4617450424125866
14.66308455331935	0.46270914272447977
14.623242465120034	0.4636706296881538
14.58331778589079	0.46462949787319924
14.543310741123369	0.4655857418639966
14.503221556774697	0.46653935625974824
14.46305045926563	0.46749033567450826
14.422797675479657	0.4684386747372126
14.382463432761627	0.46938436809171
14.342047958916469	0.4703274103967918
14.301551482207891	0.4712677963262225
14.260974231357105	0.4722055205687694
14.22031643554153	0.47314057782823293
14.179578324393493	0.4740729628234762
14.13876012799894	0.4750026702884555
14.097862076896133	0.47592969497224946
14.05688440207434	0.4768540316390886
14.015827334972553	0.4777756750683856
13.974691107478147	0.4786946200547641
13.933475951925608	0.4796108614080883
13.892182101095193	0.48052439395349256
13.850809788211619	0.48143521253141003
13.80935924694276	0.4823433119976025
13.767830711398316	0.48324868722318903
13.72622441612849	0.48415133309467495
13.684540604515803	0.48505124433322494
13.642779495216754	0.4859484162182668
13.60094133247267	0.4868428435013312
13.55902635258251	0.48773452113075705
13.517034792279086	0.4886234440704122
13.474966888727739	0.48950960729972376
13.432822879524979	0.4903930058137048
13.390603002697167	0.49127363462298357
13.348307496699155	0.4921514887538316
13.305936600412942	0.49302656324819116
13.263490553146326	0.4938988531637041
13.220969594631551	0.49476835357373905
13.178373965023962	0.49563505956741993
13.135703904900632	0.49649896624965306
13.092959655259014	0.49736006874115524
13.050141457515581	0.49821836217848087
13.007249553504451	0.4990738417140501
12.964284185476055	0.49992650251617526
12.921245596095716	0.5007763397690892
12.87813402844231	0.5016233486729718
12.834949726006904	0.502467524443977
12.79169293269135	0.5033088623142603
12.748363892806932	0.5041473575320057
12.704962851072976	0.5049830053614518
12.661490052615468	0.5058158010829196
12.61794574296567	0.5066457399928378
12.574330168058738	0.507472817403771
12.5306435830277	0.5082970284789307
12.486886217034785	0.5091183688948371
12.443058325999575	0.5099368338465271
12.399160157458889	0.5107524187113686
12.355191959346444	0.5115651188829967
12.31115397999148	0.5123749297713389
12.267046468117366	0.5131818468026409
12.222869672840183	0.513985865419493
12.178623843667317	0.5147869810808555
12.13430923049605	0.5155851892620843
12.089926083612163	0.5163804854549564
12.045474653688492	0.5171728651676958
12.000955191783547	0.5179623239249983
11.956367949340073	0.5187488572680573
11.91171317818363	0.5195324607545887
11.866991130521182	0.5203131299588555
11.822202058939661	0.5210908604716942
11.777346216404549	0.521865647900538
11.732423856258443	0.5226374878694433
11.687435232219626	0.5234063760191124
11.642380598380637	0.5241723080069204
11.597260209206832	0.5249352795069379
11.552074319534949	0.5256952862099562
11.506823184571672	0.5264523238235119
11.46150705989218	0.5272063880719104
11.416126201438706	0.5279574746962508
11.370680865519109	0.5287055794544492
11.325171317966799	0.529450697971672
11.279597797506545	0.5301928263393271
11.23396057068285	0.5309319602157339
11.188259895251509	0.5316680954263167
11.142496029326676	0.5324012278134366
11.096669231379407	0.5331313532364141
11.050779760236177	0.5338584675715532
11.004827875077451	0.5345825667121636
10.958813835436194	0.5353036465685853
10.912737901196422	0.5360217030682106
10.86660033259172	0.5367367321555078
10.82040139020378	0.5374487297920434
10.774141334960941	0.5381576919565056
10.727820428136678	0.538863614644727
10.681438931348186	0.5395664938697062
10.63499710655484	0.5402663256616317
10.588495216056756	0.5409631060679034
10.541933522493292	0.5416568311531555
10.495312288841564	0.542347496999278
10.448631778414983	0.5430350997054395
10.401892254861734	0.5437196353881092
10.35509398216331	0.5444011001810781
10.30823722463302	0.545079490235482
10.261322246914485	0.5457548017198219
10.21434931398015	0.546427030819987
10.16731869112979	0.5470961737392753
10.120230643989006	0.5477622266984153
10.073085447997451	0.5484251858025343
10.025883350459853	0.5490850475740157
9.978624627448543	0.549741808152331
9.931309545877415	0.5503954638281437
9.883938372978674	0.5510460109096534
9.836511376301324	0.5516934457226161
9.789028823709657	0.5523377646103664
9.741490983381741	0.5529789639338373
9.693898123807907	0.5536170400715807
9.646250513789234	0.5542519894197879
9.598548422436014	0.5548838083923106
9.550792119166264	0.5555124934206803
9.502981873704169	0.5561380409541287
9.45511795607859	0.5567604474596077
9.407200636621516	0.5573797094218104
9.359230185966545	0.557995823343189
9.311206875047365	0.5586087857439761
9.263130975096205	0.5592185931622039
9.215002757642319	0.5598252421537235
9.166822494510441	0.5604287292922249
9.118590457819264	0.5610290511692555
9.070306919979886	0.5616262043942405
9.021972153694284	0.5622201855945007
8.97358643195377	0.562810991415273
8.925150028037436	0.5633986185197284
8.876663215510657	0.5639830635889905
8.828126268223478	0.5645643233221553
8.779539470088112	0.5651423943203427
8.730903075971334	0.5657172735512245
8.682217370337025	0.566288957651315
8.633482628158571	0.5668574433917833
8.584699124686326	0.5674227275618626
8.535867135446031	0.567984806968868
8.486986936237274	0.5685436784382153
8.43805880313194	0.5690993388134383
8.389083012472625	0.5696517849562068
8.340059840871106	0.5702010137463444
8.290989565206745	0.5707470220818461
8.241872462624976	0.5712898068788959
8.192708810535683	0.5718293650718836
8.143498886611663	0.5723656936134236
8.094242968787054	0.5728987894743702
8.044941335255766	0.5734286496438361
7.995594264469905	0.5739552711292089
7.946202035138206	0.574478650956168
7.896764926224458	0.5749987861687015
7.8472832169459235	0.5755156738291229
7.797757186771763	0.5760293110180874
7.748187115421462	0.576539694834609
7.698573282863248	0.5770468223960762
7.6489159693125055	0.5775506908382688
7.599215455230197	0.5780512973153737
7.54947202132128	0.5785486390000016
7.499685948533119	0.5790427130832017
7.449857528081909	0.5795335166760753
7.39998702134749	0.5800210472040643
7.35007472001444	0.5805053018145692
7.300120905983876	0.5809862777725545
7.250125861391374	0.5814639723615024
7.200089868605378	0.5819383828834277
7.150013210225605	0.582409506658894
7.099896169081449	0.5828773410270275
7.049739028230381	0.5833418833455334
6.999542070956354	0.5838031309907095
6.9493055807682	0.5842610813574622
6.899029841398029	0.5847157318593205
6.848715136799632	0.5851670799284507
6.79836175114687	0.5856151230156713
6.747969968832071	0.5860598585904667
6.697540074464424	0.5865012841410023
6.647072352868377	0.5869393971741381
6.596567089082017	0.5873741952154429
6.546024568355473	0.5878056758092082
6.495445076149292	0.5882338365184625
6.444828898132839	0.5886586749249849
6.394176320182666	0.5890801886293181
6.343487628380935	0.5894983752507829
6.292763109013754	0.5899132324274913
6.242003048569586	0.5903247578163591
6.191207733737633	0.5907329490931205
6.140377451406205	0.5911378039523406
6.08951249889687	0.5915393200269923
6.038613143026679	0.5919374952108841
5.987679681500375	0.5923323271740439
5.936712401986513	0.592723813686489
5.88571159234465	0.5931119525371311
5.83467754062372	0.5934967415337902
5.783610535060396	0.5938781785032051
5.7325108640775	0.5942562612910472
5.681378816282318	0.594630987761932
5.630214680465006	0.595002355799431
5.579018745596954	0.5953703633060838
5.527791300829147	0.5957350082034106
5.476532635490537	0.596096288431923
5.425243039086411	0.596454201951136
5.373922801296746	0.5968087467395795
5.3225722119745855	0.5971599207948098
5.271191561144392	0.5975077221334211
5.219781139000416	0.5978521487910562
5.168341235905052	0.598193198822418
5.116872142387202	0.5985308703012797
5.065374149140633	0.5988651613204977
5.013847547022338	0.5991960699920197
4.9622926270508865	0.5995235944468972
4.910709680404788	0.5998477328352955
4.859098998420845	0.600168483326504
4.8074608725925065	0.600485844108947
4.75579559456822	0.6007998133901934
4.704103466551154	0.6011103893348312
4.6523847596974095	0.6014175703137041
4.600639776506536	0.6017213545290573
4.548868809230508	0.602021740265139
4.497072150268054	0.6023187258253924
4.445250092163009	0.6026123095324639
4.393402927602657	0.6029024897282137
4.341530949416086	0.603189264773725
4.289634450572525	0.6034726330493126
4.237713724179697	0.6037525929545329
4.18576906348216	0.6040291429081919
4.13380076185965	0.6043022813483557
4.081809112825426	0.6045720067323577
4.029794410024613	0.6048383175368081
3.9777569472325403	0.6051012122576024
3.9256970183530835	0.6053606894099303
3.873614917417006	0.605616747528283
3.8215109385802877	0.6058693851664628
3.7693853761225022	0.6061186008975904
3.7172385244450967	0.6063643933141126
3.6650706780697693	0.6066067610278121
3.612882131636793	0.6068457026698127
3.5606731799033535	0.6070812168905895
3.508444117741885	0.6073133023599748
3.4561952401384035	0.6075419577671665
3.4039268421908404	0.6077671818207351
3.351639219107379	0.6079889732486313
3.299332676728953	0.6082073307546123
3.2470074894346177	0.6084222531932626
3.19466396327369	0.608633739306444
3.1423023938786594	0.6088417878996983
3.089923076983954	0.6090463977979816
3.037526308424208	0.609247567845672
2.9851123841326306	0.6094452969065751
2.932681600139327	0.6096395838639318
2.8802342525696223	0.6098304276204228
2.827770637642394	0.6100178270981763
2.7752910516683955	0.6102017812387734
2.722795791048582	0.6103822890032543
2.6702851522724416	0.6105593493721242
2.6177594319163124	0.6107329613453583
2.5652189266417165	0.6109031239424091
2.512663933193678	0.6110698362022099
2.4600947483990496	0.6112330971831821
2.407511669164835	0.6113929059632391
2.354914992476514	0.6115492616397927
2.3023050153963633	0.6117021633297568
2.2496820350617788	0.6118516101695537
2.197046348683598	0.6119976013151183
2.144398253544422	0.6121401359419031
2.0917380469969356	0.6122792132448825
2.0390660264622262	0.6124148324385582
1.9863824894281084	0.6125469927569623
1.9336877334474392	0.6126756934536628
1.8809820667400865	0.6128009337769216
1.8282657657787693	0.6129227130697782
1.775539138902872	0.6130410306188897
1.7228024839086218	0.6131558857560072
1.670056098648882	0.6132672778324368
1.6173002810314732	0.6133752062190444
1.564535329017488	0.6134796703062579
1.5117615406196105	0.6135806695040716
1.4589792139004314	0.6136782032420492
1.4061886469707652	0.6137722709693273
1.3533901379879671	0.613862872154618
1.3005839851542484	0.6139500062862122
1.2477704867149912	0.6140336728719826
1.1949499409570665	0.6141138714393862
1.1421226462071379	0.6141906015354673
1.0892889008300155	0.6142638627268598
1.036449003226913	0.6143336545997898
0.9836032518338017	0.6143999767600777
0.9307519451197144	0.6144628288331406
0.87789538158506	0.6145222104639946
0.825033859759937	0.6145781213172563
0.772167678202449	0.6146305610771454
0.7192971354970168	0.6146795294474858
0.6664225302526924	0.6147250261517077
0.6135441611014734	0.6147670509328488
0.5606623266966153	0.6148056035535563
0.5077773257109448	0.6148406837960875
0.4548894674746614	0.614872291456303
0.40199902941618626	0.6149004263684014
0.3491063208958798	0.6149250883667713
0.2962116406479853	0.6149462773121231
0.2433152874178821	0.6149639930847838
0.1904175599603987	0.6149782355846954
0.1375187570381249	0.6149890047314175
0.08461917741972474	0.6149963004641267
0.031719119878248984	0.6150001227416173
-0.021181116810552365	0.6150004715423013
-0.07408123386991747	0.6149973468642087
-0.1269809325237601	0.6149907487249874
-0.17987991399835732	0.6149806771619032
-0.2327778795240365	0.6149671322318396
-0.2856745303368633	0.6149501140112976
-0.33856956768032853	0.6149296225963946
-0.391462692807036	0.6149056581028649
-0.44435360698038934	0.6148782206660579
-0.4972420114762798	0.6148473104409387
-0.5501276075847729	0.6148129276020858
-0.6030100966117954	0.6147750723436911
-0.6558891798808233	0.6147337448795585
-0.7087645587345679	0.6146889454431023
-0.7616359345366625	0.6146406742873466
-0.8145030086733491	0.6145889316849235
-0.8673654825551761	0.6145337179280717
-0.9202230576186432	0.6144750333286342
-0.9730754246964018	0.6144128782309103
-1.025922306546223	0.6143472529609403
-1.0787633940600667	0.6142781579015256
-1.1315983887952419	0.6142055934429104
-1.1844269923434683	0.6141295599949333
-1.2372489063325633	0.6140500579870258
-1.2900638324281257	0.6139670878682096
-1.3428714723352217	0.6138806501070941
-1.3956715278000702	0.6137907451918736
-1.4484637006117254	0.6136973736303244
-1.501247692603762	0.6136005359498027
-1.5540232056559702	0.6135002326972407
-1.606789941695999	0.6133964644391441
-1.6595476027010978	0.6132892317615883
-1.7122958906997627	0.6131785352702164
-1.765034507773427	0.6130643755902336
-1.8177631560581449	0.6129467533664061
-1.8704815377462733	0.6128256692630558
-1.9231893550881551	0.6127011239640568
-1.9758863103937987	0.6125731181728324
-2.028572106034561	0.6124416526123498
-2.0812464444448286	0.6123067280251175
-2.133909028123696	0.6121683451731795
-2.1865595596366494	0.6120265048381127
-2.2391977416172435	0.6118812078210211
-2.291823276768783	0.6117324549425315
-2.3444358678660002	0.61158024704279
-2.3970352071769088	0.611424585013117
-2.4496210187865413	0.6112654696700528
-2.502192995111465	0.6111029019432361
-2.55475083922891	0.6109368827508378
-2.6072942542959234	0.6107674130305223
-2.6598229435510454	0.6105944937394426
-2.712336610315988	0.6104181258542346
-2.76483495799731	0.6102383103710113
-2.817317690088088	0.6100550483053578
-2.8697845101695973	0.6098683406923255
-2.9222351219129816	0.6096781885864252
-2.97466922908093	0.6094845930616225
-3.0270865355293446	0.6092875552113315
-3.0794867452090218	0.6090870761484075
-3.131869562167315	0.6088831570051421
-3.1842346905498125	0.6086757989332561
-3.2365818346020054	0.608465003103893
-3.28891069867096	0.6082507707076127
-3.341220987206987	0.6080331029543844
-3.393512404765309	0.60781200107358
-3.445784656007732	0.6075874663139673
-3.4980374457043086	0.6073594999437024
-3.550270478735023	0.6071281032503234
-3.602483460091413	0.606893277540742
-3.654676094878295	0.6066550241412372
-3.706848088315392	0.6064133443974472
-3.7589991457390077	0.606168239674362
-3.8111289621191116	0.605919711406655
-3.8632372640036814	0.6056677608980056
-3.9153237465998667	0.6054123896210634
-3.96738811572693	0.6051535990181469
-4.01943007732903	0.6048913905508873
-4.071449337476881	0.604625765700219
-4.123445602369414	0.6043567259663724
-4.175418578335436	0.6040842728688646
-4.227367971835297	0.6038084079464913
-4.27929348946251	0.6035291327573179
-4.331194837945464	0.6032464488786708
-4.383071724149051	0.6029603579071283
-4.434923855076317	0.6026708614585118
-4.486750937870127	0.6023779611678766
-4.538552679814817	0.6020816586895027
-4.590328788337844	0.6017819556968853
-4.642078971011441	0.6014788538827254
-4.69380293555427	0.6011723549589204
-4.745500389833072	0.6008624606565547
-4.7971710418643125	0.6005491727258888
-4.848814599815837	0.6002324929363508
-4.900430772008514	0.5999124230765257
-4.952019266917888	0.5995889649541448
-5.003579793175819	0.5992621203960768
-5.055112059572136	0.5989318912483163
-5.106615775056275	0.5985982793759741
-5.158090648738926	0.5982612866632662
-5.209536379547514	0.5979209150823142
-5.260952697618436	0.5975771664185702
-5.312339302203946	0.5972300426816338
-5.363695903076169	0.5968795458320347
-5.415022210176685	0.5965256778493545
-5.466317933618177	0.5961684407322139
-5.517582783686057	0.595807836498263
-5.568816470840112	0.5954438671841684
-5.6200187057161335	0.5950765348456032
-5.671189199127551	0.5947058415572339
-5.72232766206707	0.5943317894127101
-5.773433805708301	0.5939543805246514
-5.824507341407391	0.5935736170246362
-5.8755479807046544	0.5931895010631899
-5.926555435326207	0.5928020348097714
-5.977529417185581	0.5924112204527633
-6.028469638385364	0.5920170601994565
-6.079375811218825	0.5916195562760403
-6.130247648171529	0.5912187109275884
-6.181084861922985	0.5908145264180468
-6.231887165348213	0.5904070050302207
-6.282654271519442	0.5899961490657619
-6.333385893707678	0.5895819608451555
-6.38408174538434	0.5891644427077071
-6.434741540222873	0.5887435970115291
-6.485364992100371	0.5883194261335283
-6.535951815099193	0.5878919324693913
-6.586501713343393	0.5874611185205708
-6.637014421668564	0.5870269865469431
-6.687489644609902	0.5865895390867859
-6.737927097086947	0.5861487786107711
-6.788326494232571	0.5857047076082825
-6.838687551394582	0.5852573285874014
-6.889009984137304	0.5848066440748928
-6.939293508243236	0.5843526566161904
-6.989537839714627	0.5838953687753828
-7.0397426947750725	0.5834347831351997
-7.089907789871138	0.5829709022969956
-7.1400328416739445	0.5825037288807361
-7.190117567080776	0.5820332655249835
-7.2401616832166775	0.5815595148868815
-7.290164907436054	0.5810824796421397
-7.340126957324263	0.5806021624850191
-7.39004755069921	0.5801185661283167
-7.439926405612947	0.5796316933033503
-7.489763240353261	0.5791415467599428
-7.5395577734452655	0.5786481292664072
-7.589309723652991	0.5781514436095299
-7.639018809980974	0.5776514925945561
-7.688684751675841	0.5771482790451736
-7.738307268227897	0.5766418058034968
-7.7878860793727105	0.5761320757300499
-7.837420905092695	0.5756190917037523
-7.886911465618689	0.5751028566219011
-7.936357471489199	0.574583373504984
-7.98575866333038	0.5740606450780003
-8.035114752176494	0.5735346743974583
-8.084425459267877	0.573005464434003
-8.133690506101175	0.5724730181765743
-8.182909614430919	0.571937338632391
-8.232082506271093	0.5713984288269327
-8.281208903896719	0.5708562918039237
-8.330288529845404	0.570310930625315
-8.379321106918924	0.5697623483712676
-8.428306358184786	0.5692105481401352
-8.477244006977783	0.568655533048446
-8.526133776901567	0.5680973062308855
-8.574975391830208	0.5675358708402791
-8.623768575909748	0.5669712300475737
-8.672513053559767	0.5664033870418202
-8.721208549474943	0.5658323450301554
-8.76985478862657	0.5652581072377841
-8.818451496264172	0.5646806769079601
-8.86699839791701	0.5641000573019687
-8.915495219395648	0.563516251699108
-8.9639416867935	0.5629292633966705
-9.012337526488379	0.5623390957099241
-9.060682465144028	0.5617457519720939
-9.108976229711688	0.5611492355343429
-9.157218547431624	0.5605495497657533
-9.205409145834665	0.5599466980533078
-9.253547743065157	0.559340683924097
-9.301634086607415	0.5587315105570265
-9.349667895184126	0.5581191815142558
-9.397648897503753	0.5575037002541754
-9.44557682257303	0.5568850702529798
-9.493451399698449	0.5562632950046469
-9.541272358487818	0.5556383780209189
-9.589039428851777	0.5550103228312825
-9.636752341005318	0.5543791329829484
-9.68441082546932	0.5537448120408319
-9.732014613072062	0.5531073635875325
-9.779563434950749	0.5524667912233134
-9.827057022553031	0.5518230985660817
-9.874495107638511	0.5511762892513676
-9.921877422280268	0.5505263669323041
-9.969203698866375	0.5498733352796057
-10.016473670101398	0.549217197981549
-10.063687069007909	0.5485579587439503
-10.110843628928004	0.5478956212901459
-10.157943083524795	0.5472301893609706
-10.204985166783924	0.5465616667147362
-10.251969613015063	0.5458900571272111
-10.298896156853415	0.5452153643915982
-10.345764533261201	0.5445375923185142
-10.392574477529184	0.5438567447359669
-10.439325725278136	0.5431728254893353
-10.486018012460345	0.5424858384413463
-10.53265106598611	0.5417957876111761
-10.579224641237204	0.5411026766185539
-10.625738465782463	0.5404065095166274
-10.672192276915123	0.5397072902372988
-10.718585812267374	0.5390050227297086
-10.764918809811839	0.5382997109602137
-10.811191007863055	0.5375913589123644
-10.857402145078948	0.5368799705868827
-10.903551960462314	0.5361655500016391
-10.94964019336229	0.5354481011916301
-10.995666583475824	0.5347276282089554
-11.041630870849149	0.5340041351227947
-11.087532795879248	0.5332776260193858
-11.13337209931534	0.5325481050019998
-11.179148522260283	0.5318155761909197
-11.224861806172122	0.5310800437234158
-11.27051169286549	0.530341511753723
-11.316097924513086	0.5295999844530173
-11.361620243647122	0.5288554660093917
-11.407078393160791	0.5281079606278334
-11.452472116309712	0.5273574725301996
-11.497801156713372	0.5266040059551933
-11.543065258356584	0.52584756515834
-11.588264165590935	0.5250881544119633
-11.633397623136222	0.524325778005161
-11.678465376081897	0.5235604402437807
-11.723467169888506	0.5227921454503952
-11.768402741356317	0.5220208981197241
-11.8132718547714	0.5212467022974204
-11.858074247670048	0.5204695625109383
-11.902809667011542	0.5196894831495082
-11.947477860133427	0.5189064686189626
-11.992078574752933	0.5181205233417114
-12.036611558968408	0.5173316517567177
-12.081076561260733	0.516539858319472
-12.125473330494751	0.5157451475019668
-12.16980161592068	0.5149475237926722
-12.21406116717552	0.5141469916965102
-12.25825173428449	0.5133435557348289
-12.302373067662417	0.512537220445377
-12.346424918115156	0.511727990382279
-12.390407036841008	0.5109158701160083
-12.434319175432098	0.5101008642333625
-12.478161085875803	0.5092829773374362
-12.521932520556138	0.5084622140475968
-12.56563323225517	0.5076385789994564
-12.609262974154394	0.5068120768448471
-12.65282149983614	0.505982712251794
-12.696308563284965	0.5051504899044893
-12.73972391888904	0.5043154145032653
-12.78306732144153	0.5034774907645684
-12.826338526142	0.5026367234209316
-12.869537288597764	0.5017931172209495
-12.91266336482529	0.5009466769292495
-12.955716502598118	0.5000974074975943
-12.998696476076828	0.49924531338090916
-13.041603033845432	0.49839039956232023
-13.084435933570758	0.49753267087031994
-13.127194933335637	0.49667213214929873
-13.169879791640296	0.49580878825951774
-13.212490267403698	0.4949426440770817
-13.255026119964917	0.49407370449391125
-13.297487109084496	0.4932019744177152
-13.339872994945797	0.49232745877196266
-13.382183538156367	0.49145016249585544
-13.424418499749262	0.49057009054430073
-13.466577641184443	0.48968724788788176
-13.508660724350085	0.488801639512831
-13.55066751156394	0.4879132704210014
-13.592597765574672	0.4870221456298382
-13.634451249563194	0.4861282701723504
-13.676227727144019	0.4852316490970831
-13.717926962366581	0.48433228746808793
-13.759548719716577	0.48343019036489526
-13.801092764117287	0.4825253628824852
-13.84255886093092	0.4816178101312587
-13.883946775959915	0.4807075372370091
-13.925256275448282	0.47979454934089255
-13.966487126082917	0.4788788515993997
-14.00763909499492	0.4779604491843259
-14.048711949760902	0.4770393472827426
-14.089705450165829	0.47611555128307426
-14.13061938117429	0.47518906603118277
-14.171453503452849	0.47425989694535603
-14.212207586373301	0.47332804927347466
-14.252881399759497	0.47239352827854786
-14.293474713888637	0.4714563392386835
-14.33398729949258	0.47051648744705854
-14.374418927759134	0.4695739782118886
-14.414769370333346	0.46862881685639873
-14.455038399318799	0.4676810087187927
-14.49522578727889	0.4667305591522234
-14.535331307238119	0.46577747352476206
-14.575354732683369	0.46482175721936825
-14.615295837565194	0.4638634156338596
-14.655154396299078	0.4629024541808808
-14.694930183766735	0.4619388782878738
-14.734622975317343	0.4609726933970462
-14.774232546768859	0.4600039049653416
-14.813758674409241	0.4590325184644077
-14.85320113499775	0.45805853938056623
-14.892559705766173	0.4570819732147818
-14.93183416442013	0.45610282548262965
-14.971024289140255	0.45512110171426723
-15.010129858583534	0.4541368074543999
-15.049150651884501	0.4531499482622515
-15.0880864486565	0.45216052971153214
-15.126937028992925	0.4511685573904074
-15.165702165678862	0.45017403710178544
-15.204381655368019	0.44917697406251905
-15.242975271794576	0.4481773741037567
-15.281482796984545	0.4471752428711675
-15.319904013450167	0.4461705860247171
-15.358238704191155	0.4451634092386358
-15.396486652695915	0.4441537182013859
-15.434647642942757	0.4431415186156308
-15.47272145940113	0.4421268161982012
-15.510707887032842	0.44110961668006426
-15.548606711293257	0.44008992580628986
-15.58641771813252	0.43906774933601944
-15.624140693996765	0.438043093042433
-15.661775425829312	0.43701596271271587
-15.699321701071888	0.4359863641480269
-15.7367793076658	0.4349543031634654
-15.77414803405317	0.4339197855880382
-15.81142766917809	0.4328828172646265
-15.848618002487845	0.4318434040499537
-15.885718823934083	0.43080155181455126
-15.922729923974014	0.4297572664427264
-15.959651093571589	0.4287105538325282
-15.996482124198671	0.427661419895715
-16.033222807836232	0.4266098705577203
-16.069872936975514	0.42555591175761964
-16.106432304619194	0.4244995494480972
-16.14290070428258	0.42344078959541204
-16.17927792268609	0.42237963839307124
-16.215563769009474	0.4213161014074473
-16.25175803098584	0.4202501848585478
-16.287860504192583	0.4191818947665935
-16.323870984725502	0.41811123716521054
-16.359789269199972	0.4170382181013965
-16.395615154752093	0.41596284363548675
-16.431348439039823	0.41488511984111937
-16.46698892024411	0.4138050528052015
-16.502536397070067	0.4127226486278746
-16.537990668748083	0.41163791342248035
-16.573351535034952	0.4105508533155257
-16.608618796215037	0.40946147444664865
-16.643792253101356	0.4083697829685831
-16.678871707036738	0.40727578504712486
-16.71385695989493	0.406179486861096
-16.748747814081717	0.40508089460231045
-16.783544072536053	0.4039800144755387
-16.81824553873114	0.4028768526984736
-16.852852016675584	0.4017714155016939
-16.88736331091446	0.4006637091286299
-16.921779226530447	0.39955373983552833
-16.956099569144907	0.39844151389141647
-16.99032414491899	0.39732703757806703
-17.02445276055474	0.39621031718996275
-17.058485223296167	0.39509135903426074
-17.092421340930358	0.39397016943075674
-17.12626091499089	0.39284675493806565
-17.160003767968995	0.39172112144916726
-17.19364970247036	0.39059327554732837
-17.227198528465152	0.3894632236025421
-17.26065005647199	0.3883309719972611
-17.294004097559043	0.3871965271263617
-17.327260463345056	0.38605989539710756
-17.36041896600045	0.38492108322911367
-17.39347941824837	0.3837800970543097
-17.42644163336574	0.38263694331690434
-17.459305425184326	0.3814916284733483
-17.49207060809177	0.3803441589922978
-17.524736997032658	0.37919454135457903
-17.557304407509562	0.37804278205314995
-17.589772655584063	0.37688888759306527
-17.622141557877825	0.37573286449143833
-17.654410931573597	0.37457471927740466
-17.68658059441624	0.37341445849208676
-17.718650364713813	0.3722520886885544
-17.75062006133853	0.3710876164317891
-17.782489503727835	0.3699210482986472
-17.814258511885384	0.36875239087782213
-17.84592690638209	0.3675816507698077
-17.87749450835712	0.3664088345868606
-17.908961139518915	0.3652339489529627
-17.94032662214618	0.36405700050378426
-17.97159077908891	0.36287799588664643
-18.002753427510747	0.36169694199827607
-18.033814403944977	0.36051384503400646
-18.06477352668236	0.35932871191326665
-18.095630620867965	0.3581415493296036
-18.126385512223138	0.3569523639880271
-18.157038027046443	0.35576116260497104
-18.187587992214663	0.3545679519082558
-18.21803523518378	0.3533727386370504
-18.24837958398993	0.3521755295418338
-18.2786208672504	0.35097633138435785
-18.30875891416458	0.349775150937608
-18.338793554514936	0.3485719949857658
-18.368724618667958	0.3473668703241701
-18.39855193757513	0.34615978375927897
-18.42827534277389	0.34495074210863136
-18.45789466638856	0.343739752200808
-18.487409741131316	0.3425268208753937
-18.51682040030312	0.34131195498293787
-18.546126477794676	0.3400951613849165
-18.57532780808734	0.33887644695369296
-18.604424226254086	0.3376558185724794
-18.633415567960423	0.33643328313529763
-18.662301669465318	0.3352088475469408
-18.691082367622133	0.3339825187229336
-18.719757499879535	0.33275430358949387
-18.74832690428243	0.33152420908349284
-18.776790419472857	0.33029224215241665
-18.805147878997047	0.32905841000271807
-18.83339913410317	0.32782271910658456
-18.861544019514948	0.3265851766911272
-18.889582376272067	0.325345789745897
-18.917514046015892	0.32410456527086307
-18.945338870990348	0.3228615102763728
-18.973056694042803	0.32161663178311184
-19.00066735862498	0.32036993682206544
-19.0281707087938	0.31912143243447755
-19.055566589212322	0.3178711256718118
-19.08285484515056	0.31661902359571165
-19.11003532248639	0.3153651332779603
-19.13710786770642	0.31410946180044086
-19.164072327906844	0.312852016255096
-19.19092855079431	0.31159280374388865
-19.217676384686797	0.31033183137876114
-19.244315678514443	0.30906910628159534
-19.270846281820415	0.3078046355841726
-19.297268044761765	0.30653842642813306
-19.323580818110255	0.3052704859649358
-19.349784453253225	0.30400082135581796
-19.375878802194414	0.30272943977175476
-19.40186371755479	0.30145634839341867
-19.427739052573415	0.3001815544111388
-19.453504661108244	0.29890506502486064
-19.479160397636957	0.29762688744410537
-19.504706117257783	0.2963470288879284
-19.53014167058466	0.2950654968428476
-19.555466924192896	0.2937822980312647
-19.580681729919426	0.292497439958227
-19.605785945352835	0.29121092988052116
-19.630779428706298	0.2899227750642642
-19.655662038818406	0.2886329827848627
-19.680433635153957	0.28734156032697145
-19.705094077804738	0.2860485149844522
-19.729643227490335	0.2847538540603329
-19.75408094555889	0.283457584866766
-19.778407093987926	0.2821597147249873
-19.80262153538509	0.2808602509652749
-19.826724132988943	0.27955920092690734
-19.850714750669734	0.2782565719581224
-19.874593252930172	0.27695237141607554
-19.89835950490617	0.2756466066667983
-19.922013372367644	0.27433928508515687
-19.94555472171923	0.27303041405481027
-19.96898342000107	0.2717200009681686
-19.992299334889545	0.2704080532263515
-20.015502334698038	0.26909457823914623
-20.038592288377654	0.2677795834249657
-20.061569065517993	0.26646307621080684
-20.084432536347844	0.26514506403220844
-20.10718257173597	0.2638255543332093
-20.129819043191777	0.26250455456630595
-20.152341822866102	0.2611820721924108
-20.174750779055433	0.2598581149472927
-20.19704579421141	0.2585326897758982
-20.219226737894008	0.2572058044303208
-20.241293484826844	0.25587746640471437
-20.2632459103785	0.25454768320143706
-20.28508389056325	0.2532164623310098
-20.306807302041737	0.25188381131207277
-20.328416022121683	0.25054973767134403
-20.349909928758578	0.2492142489435763
-20.37128890055637	0.24787735267151445
-20.39255281676817	0.24653905640585289
-20.413701557296864	0.24519936770519438
-20.434735002695895	0.24385829413600452
-20.455653034169856	0.24251584327257122
-20.476455533575212	0.2411720226969611
-20.497142383420915	0.239826839998977
-20.51771346686912	0.23848030277611468
-20.53816866773582	0.2371324186335203
-20.558507870491493	0.23578319518394733
-20.57873096026178	0.23443264004771355
-20.598837822828102	0.23308076085265797
-20.618828344628344	0.23172756523409782
-20.638702412757464	0.23037306083478543
-20.65845991496814	0.2290172553048649
-20.678100739671414	0.22766015630182918
-20.697624775937307	0.22630177149047656
-20.71703191349545	0.22494210854286753
-20.73632203886699	0.22358117541218195
-20.75549505086369	0.22221897923732675
-20.77455083730546	0.2208555279855344
-20.793489290566583	0.21949082935748038
-20.81231030368402	0.21812489106088503
-20.83101377035804	0.2167577208104705
-20.84959958495279	0.2153893263279167
-20.868067642496925	0.2140197153418181
-20.886417838684164	0.2126488955876398
-20.904650069873913	0.21127687480767382
-20.92276423309183	0.20990366075099576
-20.94076022603041	0.2085292611734206
-20.958637947049578	0.20715368383745908
-20.976397295177236	0.20577693651227377
-20.994038170109857	0.20439902697363538
-21.011560472213034	0.2030199630038786
-21.02896410252206	0.20163975239185838
-21.046248962742464	0.20025840293290575
-21.063414955250597	0.19887592242878382
-21.080461983094153	0.1974923186876439
-21.097389949992742	0.19610759952398113
-21.114198760338414	0.19472177275859004
-21.130888319196195	0.19333484621852237
-21.14745853230466	0.1919468277370397
-21.16390930607643	0.1905577251535714
-21.1802405475987	0.18916754631366964
-21.196452164633783	0.18777629906896537
-21.212544062394535	0.18638399155731455
-21.228516156469347	0.18499063108220157
-21.24436835339978	0.1835962257932053
-21.260100563653754	0.1822007835658272
-21.275712698376875	0.1808043122814255
-21.29120466939292	0.1794068198271702
-21.30657638920434	0.1780083140959991
-21.32182777099276	0.17660880298657272
-21.33695872861946	0.1752082944032299
-21.351969176625875	0.17380679625594325
-21.366859030234068	0.1724043164602743
-21.381628205347198	0.17100086293732875
-21.39627661855003	0.16959644361371204
-21.410804187109363	0.1681910664214843
-21.42521082897453	0.16678473929811552
-21.43949646277785	0.16537747018644108
-21.453661007835073	0.16396926703461634
-21.46770438414587	0.1625601377960724
-21.481626512394243	0.16115009042947046
-21.49542731394902	0.15973913289865752
-21.509106710864238	0.158327273172621
-21.522664625879656	0.1569145192254439
-21.536100982421132	0.15550087903625964
-21.549415704601085	0.15408636058920722
-21.56260871721891	0.15267097187338588
-21.575679945761415	0.15125472088281003
-21.588629316403235	0.14983761561636424
-21.601456753439084	0.14841966436308526
-21.614162189581375	0.14700087456097533
-21.626745550478017	0.14558125450841589
-21.639206765059082	0.14416081222331975
-21.65154576294452	0.1427395557282435
-21.66376247444455	0.1413174930503425
-21.675856830560058	0.1398946322213252
-21.687828762982985	0.138470981277408
-21.69967820409671	0.13704654825926987
-21.711405086976434	0.13562134121200695
-21.72300934538956	0.13419536818508682
-21.734490913796066	0.13276863723230337
-21.74584972734887	0.1313411564117313
-21.75708572189421	0.12991293378568033
-21.768198833971983	0.12848397742065001
-21.779189000816128	0.12705429538728383
-21.79005616035497	0.12562389576032398
-21.800800251211566	0.12419278661856545
-21.811421212704047	0.12276097604481054
-21.821918984845997	0.12132847212582318
-21.83229350834674	0.11989528295228329
-21.84254472461171	0.11846141661874107
-21.852672575742762	0.11702688122357123
-21.862677004538522	0.11559168486892735
-21.87255795449469	0.11415583566069593
-21.882315369804363	0.11271934170845095
-21.89194919535836	0.11128221112540768
-21.901459374844837	0.10984445231766769
-21.91084585837722	0.10840607282713459
-21.920108591015758	0.10696708106683804
-21.929247520445212	0.10552748516410032
-21.93826259504954	0.1040872932496574
-21.947153763912254	0.10264651345760992
-21.955920976816664	0.1012051539253793
-21.964564184246186	0.09976322279366139
-21.97308333738459	0.09832072820638026
-21.98147838811631	0.09687767831064242
-21.989749289026705	0.09543408125669071
-21.99789599340231	0.09398994519785826
-22.00591845523112	0.09254527829052249
-22.013816629202847	0.09110008869405903
-22.021590470709164	0.08965438457079555
-22.029239935843975	0.08820817408596575
-22.036764981403643	0.08676146540766332
-22.044165564887244	0.08531426670679557
-22.051441644496816	0.08386658615703753
-22.058593179137578	0.08241843193478562
-22.06562012841817	0.08096981221911155
-22.072522452650894	0.07952073519171611
-22.079300112851904	0.07807120903688293
-22.085953070741464	0.07662124194143229
-22.092481288744143	0.0751708420946749
-22.09888472998903	0.07372001768836556
-22.105163358309948	0.07226877691665702
-22.11131713702028	0.07081712826811616
-22.11734603383978	0.06936507935750708
-22.123250013467185	0.0679126386778797
-22.12902904255724	0.06645981443251534
-22.134683088470393	0.06500661482686164
-22.140212119273002	0.06355304806848631
-22.145616103737495	0.06209912236703068
-22.15089501134256	0.060644845934163326
-22.156048812273287	0.05919022698353377
-22.161077477421387	0.05773527373072603
