2.4591993216060004e6	-1.9919443703514363
2.4591993239208153e6	-1.9392710605988746
2.45919932623563e6	-1.8865867979817497
2.459199328550445e6	-1.8338918800570172
2.4591993308652597e6	-1.7811866044418132
2.4591993331800746e6	-1.7284712688117736
2.4591993354948894e6	-1.6757461708993524
2.4591993378097042e6	-1.6230116084921393
2.459199340124519e6	-1.5702678794311804
2.459199342439334e6	-1.517515281609293
2.4591993447541487e6	-1.464754112969386
2.4591993470689636e6	-1.4119846715027693
2.4591993493837784e6	-1.3592072552474925
2.4591993516985932e6	-1.3064221622866314
2.4591993540134076e6	-1.25362970136738
2.4591993563282224e6	-1.2008301494177338
2.4591993586430373e6	-1.1480238152650952
2.459199360957852e6	-1.0952109971558717
2.459199363272667e6	-1.0423919933730905
2.4591993655874818e6	-0.9895671022347162
2.4591993679022966e6	-0.9367366220919645
2.4591993702171114e6	-0.8839008513276172
2.4591993725319263e6	-0.8310600883543371
2.459199374846741e6	-0.7782146316129825
2.459199377161556e6	-0.7253647795709174
2.4591993794763708e6	-0.6725108307203446
2.4591993817911856e6	-0.6196530835765902
2.4591993841060004e6	-0.5667918366764387
2.4591993864208153e6	-0.51392738857644
2.45919938873563e6	-0.46106003785122485
2.459199391050445e6	-0.40819008309181726
2.4591993933652597e6	-0.35531782290394887
2.4591993956800746e6	-0.30244355590637234
2.4591993979948894e6	-0.2495675807291745
2.4591994003097042e6	-0.19669019601209
2.459199402624519e6	-0.1438117004028143
2.459199404939334e6	-0.09093239255531226
2.4591994072541487e6	-0.03805257112815093
2.4591994095689636e6	0.01482746521721668
2.4591994118837784e6	0.06770741781811883
2.4591994141985932e6	0.12058698801235677
2.4591994165134076e6	0.17346586650256277
2.4591994188282224e6	0.22634377590742918
2.4591994211430373e6	0.27922040693880124
2.459199423457852e6	0.3320954609532401
2.459199425772667e6	0.384968639316214
2.4591994280874818e6	0.4378396434037846
2.4591994304022966e6	0.4907081746042936
2.4591994327171114e6	0.5435739343200496
2.4591994350319263e6	0.5964366239690191
2.459199437346741e6	0.6492959449864933
2.459199439661556e6	0.7021515988268046
2.4591994419763708e6	0.755003286964991
2.4591994442911856e6	0.8078507108984901
2.4591994466060004e6	0.8606935721488228
2.4591994489208153e6	0.9135315722632791
2.45919945123563e6	0.9663644128166053
2.459199453550445e6	1.0191917954126881
2.4591994558652597e6	1.0720134216862403
2.4591994581800746e6	1.1248289933044862
2.4591994604948894e6	1.1776382119688458
2.4591994628097042e6	1.230440779416621
2.459199465124519e6	1.2832363974226837
2.459199467439334e6	1.3360247678011412
2.4591994697541487e6	1.388805592407049
2.4591994720689636e6	1.4415785731380768
2.4591994743837784e6	1.4943434119361951
2.4591994766985932e6	1.5470998107893597
2.4591994790134076e6	1.5998474611230746
2.4591994813282224e6	1.6525860862444026
2.4591994836430373e6	1.7053153776774443
2.459199485957852e6	1.7580350376109248
2.459199488272667e6	1.8107447682879672
2.4591994905874818e6	1.8634442720077733
2.4591994929022966e6	1.9161332511273124
2.4591994952171114e6	1.9688114080629802
2.4591994975319263e6	2.02147844529231
2.459199499846741e6	2.0741340653556346
2.459199502161556e6	2.1267779708577685
2.4591995044763708e6	2.179409864469691
2.4591995067911856e6	2.2320294489302226
2.4591995091060004e6	2.284636427047705
2.4591995114208153e6	2.33723050170168
2.45919951373563e6	2.3898113758445665
2.459199516050445e6	2.4423787525033407
2.4591995183652597e6	2.4949323347812093
2.4591995206800746e6	2.5474718258592906
2.4591995229948894e6	2.5999969289982925
2.4591995253097042e6	2.6525073475401713
2.459199527624519e6	2.7050027849098353
2.459199529939334e6	2.7574829446168003
2.4591995322541487e6	2.809947530256869
2.4591995345689636e6	2.8623962455138052
2.4591995368837784e6	2.914828794161008
2.4591995391985932e6	2.967244880063186
2.4591995415134076e6	3.019644196638784
2.4591995438282224e6	3.072026469022083
2.4591995461430373e6	3.124391390819107
2.459199548457852e6	3.1767386662765125
2.459199550772667e6	3.2290679997406246
2.4591995530874818e6	3.2813790956591067
2.4591995554022966e6	3.333671658582612
2.4591995577171114e6	3.385945393166481
2.4591995600319263e6	3.438200004172392
2.459199562346741e6	3.4904351964700306
2.459199564661556e6	3.5426506750387583
2.4591995669763708e6	3.594846144969278
2.4591995692911856e6	3.647021311465301
2.4591995716060004e6	3.699175879845209
2.4591995739208153e6	3.751309555543722
2.45919957623563e6	3.803422044113561
2.459199578550445e6	3.8555130512271076
2.4591995808652597e6	3.9075822826780775
2.4591995831800746e6	3.9596294443831552
2.4591995854948894e6	4.011654242383692
2.4591995878097042e6	4.063656382847341
2.459199590124519e6	4.115635572069723
2.459199592439334e6	4.167591516476089
2.4591995947541487e6	4.21952392262297
2.4591995970689636e6	4.271432497199841
2.4591995993837784e6	4.323316947030781
2.4591996016985932e6	4.375176979076118
2.4591996040134076e6	4.427012290009107
2.4591996063282224e6	4.47882260792258
2.4591996086430373e6	4.530607629765572
2.459199610957852e6	4.582367063059983
2.459199613272667e6	4.634100615472215
2.4591996155874818e6	4.685807994814863
2.4591996179022966e6	4.737488909048338
2.4591996202171114e6	4.789143066282522
2.4591996225319263e6	4.840770174778423
2.459199624846741e6	4.892369942949816
2.459199627161556e6	4.943942079364892
2.4591996294763708e6	4.995486292747907
2.4591996317911856e6	5.047002291980819
2.4591996341060004e6	5.098489786104942
2.4591996364208153e6	5.149948484322582
2.45919963873563e6	5.201378095998686
2.459199641050445e6	5.252778330662481
2.4591996433652597e6	5.3041488980091
2.4591996456800746e6	5.355489507901248
2.4591996479948894e6	5.406799870370825
2.4591996503097042e6	5.458079695620566
2.459199652624519e6	5.509328694025677
2.459199654939334e6	5.56054657613547
2.4591996572541487e6	5.611733052675006
2.4591996595689636e6	5.662887834546715
2.4591996618837784e6	5.714010632832038
2.4591996641985932e6	5.765101158793063
2.4591996665134076e6	5.816159113606328
2.4591996688282224e6	5.867184229442356
2.4591996711430373e6	5.918176207840545
2.459199673457852e6	5.96913476080183
2.459199675772667e6	6.020059600515947
2.4591996780874818e6	6.070950439363032
2.4591996804022966e6	6.121806989915262
2.4591996827171114e6	6.172628964938467
2.4591996850319263e6	6.223416077393759
2.459199687346741e6	6.274168040439153
2.459199689661556e6	6.324884567431179
2.4591996919763708e6	6.375565371926514
2.4591996942911856e6	6.426210167683593
2.4591996966060004e6	6.4768186686642215
2.4591996989208153e6	6.527390589035201
2.45919970123563e6	6.577925643169927
2.459199703550445e6	6.628423545650022
2.4591997058652597e6	6.678884011266939
2.4591997081800746e6	6.729306755023567
2.4591997104948894e6	6.77969149213585
2.4591997128097042e6	6.830037938034385
2.459199715124519e6	6.880345808366041
2.459199717439334e6	6.930614818995554
2.4591997197541487e6	6.980844686007141
2.4591997220689636e6	7.031035125706097
2.4591997243837784e6	7.081185854620402
2.4591997266985932e6	7.131296589502314
2.4591997290134076e6	7.181367037261599
2.4591997313282224e6	7.231396935248834
2.4591997336430373e6	7.281385990822216
2.459199735957852e6	7.331333921647124
2.459199738272667e6	7.3812404456212075
2.4591997405874818e6	7.4311052808759825
2.4591997429022966e6	7.480928145778418
2.4591997452171114e6	7.530708758932529
2.4591997475319263e6	7.580446839180962
2.459199749846741e6	7.630142105606591
2.459199752161556e6	7.679794277534097
2.4591997544763708e6	7.7294030745315565
2.4591997567911856e6	7.778968216412025
2.4591997591060004e6	7.828489423235121
2.4591997614208153e6	7.877966415308594
2.45919976373563e6	7.927398913189927
2.459199766050445e6	7.976786637687902
2.4591997683652597e6	8.026129309864173
2.4591997706800746e6	8.075426651034848
2.4591997729948894e6	8.124678382772066
2.4591997753097042e6	8.173884226905555
2.459199777624519e6	8.223043905524221
2.459199779939334e6	8.272157140977713
2.4591997822541487e6	8.321223655877972
2.4591997845689636e6	8.37024317310083
2.4591997868837784e6	8.419215415787558
2.4591997891985932e6	8.468140107346407
2.4591997915134076e6	8.517016961626702
2.4591997938282224e6	8.565845722240143
2.4591997961430373e6	8.614626103568206
2.459199798457852e6	8.663357830102779
2.459199800772667e6	8.712040626610548
2.4591998030874818e6	8.760674218134552
2.4591998054022966e6	8.809258329995735
2.4591998077171114e6	8.857792687794506
2.4591998100319263e6	8.906277017412268
2.459199812346741e6	8.954711045012994
2.459199814661556e6	9.003094497044746
2.4591998169763708e6	9.05142710024125
2.4591998192911856e6	9.099708581623398
2.4591998216060004e6	9.147938668500839
2.4591998239208153e6	9.196117088473477
2.45919982623563e6	9.244243569433038
2.459199828550445e6	9.292317839564593
2.4591998308652597e6	9.340339627348092
2.4591998331800746e6	9.388308661559906
2.4591998354948894e6	9.436224671274353
2.4591998378097042e6	9.484087385865228
2.459199840124519e6	9.531896535007336
2.459199842439334e6	9.579651848678015
2.4591998447541487e6	9.627353057158661
2.4591998470689636e6	9.674999891036254
2.4591998493837784e6	9.72259208120487
2.4591998516985932e6	9.770129358867218
2.4591998540134076e6	9.817611445989947
2.4591998563282224e6	9.865038093501147
2.4591998586430373e6	9.912409023981166
2.459199860957852e6	9.95972396988237
2.459199863272667e6	10.006982663973323
2.4591998655874818e6	10.05418483934029
2.4591998679022966e6	10.101330229388756
2.4591998702171114e6	10.14841856784492
2.4591998725319263e6	10.19544958875721
2.459199874846741e6	10.242423026497772
2.459199877161556e6	10.289338615763988
2.4591998794763708e6	10.336196091579948
2.4591998817911856e6	10.38299518929798
2.4591998841060004e6	10.429735644600113
2.4591998864208153e6	10.476417193499596
2.45919988873563e6	10.523039572342373
2.459199891050445e6	10.569602517808573
2.4591998933652597e6	10.616105766914002
2.4591998956800746e6	10.66254905701163
2.4591998979948894e6	10.708932125793066
2.4591999003097042e6	10.75525471129005
2.459199902624519e6	10.80151655187592
2.459199904939334e6	10.847717386267114
2.4591999072541487e6	10.8938569535246
2.4591999095689636e6	10.939934993055404
2.4591999118837784e6	10.985951244614043
2.4591999141985932e6	11.031905448304014
2.4591999165134076e6	11.077797335353667
2.4591999188282224e6	11.123626665032631
2.4591999211430373e6	11.169393169261982
2.459199923457852e6	11.215096589555761
2.459199925772667e6	11.260736667784316
2.4591999280874818e6	11.306313146175745
2.4591999304022966e6	11.351825767317342
2.4591999327171114e6	11.397274274157077
2.4591999350319263e6	11.44265841000503
2.459199937346741e6	11.487977918534833
2.459199939661556e6	11.533232543785136
2.4591999419763708e6	11.57842203016105
2.4591999442911856e6	11.623546122435574
2.4591999466060004e6	11.668604565751064
2.4591999489208153e6	11.71359710562064
2.45919995123563e6	11.758523487929647
2.459199953550445e6	11.80338345893709
2.4591999558652597e6	11.84817676527705
2.4591999581800746e6	11.89290315396013
2.4591999604948894e6	11.937562372374877
2.4591999628097042e6	11.982154168289217
2.459199965124519e6	12.026678289851866
2.459199967439334e6	12.071134485593756
2.4591999697541487e6	12.115522504429476
2.4591999720689636e6	12.159842095658659
2.4591999743837784e6	12.204093008967416
2.4591999766985932e6	12.248274994429746
2.4591999790134076e6	12.292387793641941
2.4591999813282224e6	12.336431175206016
2.4591999836430373e6	12.380404881487145
2.459199985957852e6	12.424308664124975
2.459199988272667e6	12.468142275154072
2.4591999905874818e6	12.511905467005331
2.4591999929022966e6	12.555597992507366
2.4591999952171114e6	12.59921960488791
2.4591999975319263e6	12.642770057775211
2.459199999846741e6	12.686249105199417
2.459200002161556e6	12.729656501593976
2.4592000044763708e6	12.772992001797006
2.4592000067911856e6	12.816255361052693
2.4592000091060004e6	12.859446335012674
2.4592000114208153e6	12.90256467973741
2.45920001373563e6	12.945610151697569
2.459200016050445e6	12.98858250777539
2.4592000183652597e6	13.03148150526608
2.4592000206800746e6	13.07430690187916
2.4592000229948894e6	13.117058455739842
2.4592000253097042e6	13.159735925390407
2.459200027624519e6	13.202339069791547
2.459200029939334e6	13.244867648323746
2.4592000322541487e6	13.287321420788626
2.4592000345689636e6	13.329700147410309
2.4592000368837784e6	13.372003588836769
2.4592000391985932e6	13.414231506141194
2.4592000415134076e6	13.456383652351384
2.4592000438282224e6	13.498459806354152
2.4592000461430373e6	13.540459722019193
2.459200048457852e6	13.582383162133972
2.459200050772667e6	13.624229889917899
2.4592000530874818e6	13.665999669023636
2.4592000554022966e6	13.707692263538448
2.4592000577171114e6	13.749307437985548
2.4592000600319263e6	13.790844957325394
2.459200062346741e6	13.832304586957036
2.459200064661556e6	13.873686092719453
2.4592000669763708e6	13.914989240892847
2.4592000692911856e6	13.95621379819999
2.4592000716060004e6	13.997359531807517
2.4592000739208153e6	14.03842620932727
2.45920007623563e6	14.079413598817576
2.459200078550445e6	14.120321468784589
2.4592000808652597e6	14.161149588183576
2.4592000831800746e6	14.201897726420235
2.4592000854948894e6	14.242565653351985
2.4592000878097042e6	14.283153139289285
2.459200090124519e6	14.323659954996902
2.459200092439334e6	14.364085871695236
2.4592000947541487e6	14.404430661061594
2.4592000970689636e6	14.44469409523148
2.4592000993837784e6	14.484875946799896
2.4592001016985932e6	14.52497598882261
2.4592001040134076e6	14.564993986775468
2.4592001063282224e6	14.604929730740158
2.4592001086430373e6	14.644782987103941
2.459200110957852e6	14.68455353077847
2.459200113272667e6	14.72424113714255
2.4592001155874818e6	14.763845582043416
2.4592001179022966e6	14.80336664179799
2.4592001202171114e6	14.842804093194143
2.4592001225319263e6	14.882157713491967
2.459200124846741e6	14.92142728042502
2.459200127161556e6	14.960612572201589
2.4592001294763708e6	14.999713367505949
2.4592001317911856e6	15.038729445499591
2.4592001341060004e6	15.077660585822498
2.4592001364208153e6	15.11650656859436
2.45920013873563e6	15.155267174415846
2.459200141050445e6	15.19394218436981
2.4592001433652597e6	15.232531380022566
2.4592001456800746e6	15.271034543425088
2.4592001479948894e6	15.309451457114251
2.4592001503097042e6	15.347781904114077
2.459200152624519e6	15.386025667936929
2.459200154939334e6	15.424182532584762
2.4592001572541487e6	15.462252282550324
2.4592001595689636e6	15.500234702818389
2.4592001618837784e6	15.538129578866952
2.4592001641985932e6	15.575936696668462
2.4592001665134076e6	15.613655835112077
2.4592001688282224e6	15.651286796338386
2.4592001711430373e6	15.68882936021375
2.459200173457852e6	15.726283314700447
2.459200175772667e6	15.763648448261218
2.4592001780874818e6	15.800924549860452
2.4592001804022966e6	15.838111408965391
2.4592001827171114e6	15.8752088155473
2.4592001850319263e6	15.912216560082683
2.459200187346741e6	15.949134433554432
2.459200189661556e6	15.98596222745304
2.4592001919763708e6	16.022699733777753
2.4592001942911856e6	16.059346745037754
2.4592001966060004e6	16.09590305425334
2.4592001989208153e6	16.13236845495708
2.45920020123563e6	16.168742741195004
2.459200203550445e6	16.205025707527728
2.4592002058652597e6	16.241217149031655
2.4592002081800746e6	16.277316861300104
2.4592002104948894e6	16.313324640444478
2.4592002128097042e6	16.349240283095405
2.459200215124519e6	16.3850635864039
2.459200217439334e6	16.420794348042506
2.4592002197541487e6	16.45643236620642
2.4592002220689636e6	16.49197743961468
2.4592002243837784e6	16.52742936751122
2.4592002266985932e6	16.562787949666106
2.4592002290134076e6	16.59805297929188
2.4592002313282224e6	16.633224271402405
2.4592002336430373e6	16.668301620249196
2.459200235957852e6	16.70328482771789
2.459200238272667e6	16.738173696225836
2.4592002405874818e6	16.772968028723177
2.4592002429022966e6	16.807667628694023
2.4592002452171114e6	16.842272300157504
2.4592002475319263e6	16.876781847668905
2.459200249846741e6	16.91119607632076
2.459200252161556e6	16.94551479174397
2.4592002544763708e6	16.979737800108868
2.4592002567911856e6	17.01386490812636
2.4592002591060004e6	17.047895923048962
2.4592002614208153e6	17.081830652671933
2.45920026373563e6	17.11566890533434
2.459200266050445e6	17.149410489920157
2.4592002683652597e6	17.183055215859312
2.4592002706800746e6	17.216602893128798
2.4592002729948894e6	17.250053332253724
2.4592002753097042e6	17.283406344308403
2.459200277624519e6	17.316661740917393
2.459200279939334e6	17.3498193342566
2.4592002822541487e6	17.382878937054294
2.4592002845689636e6	17.415840362592203
2.4592002868837784e6	17.448703424706544
2.4592002891985932e6	17.481467937789084
2.4592002915134076e6	17.514133710226904
2.4592002938282224e6	17.54670057066852
2.4592002961430373e6	17.579168328597447
2.459200298457852e6	17.611536800638113
2.459200300772667e6	17.643805803975695
2.4592003030874818e6	17.675975156357165
2.4592003054022966e6	17.708044676092314
2.4592003077171114e6	17.740014182054782
2.4592003100319263e6	17.771883493683088
2.459200312346741e6	17.803652430981625
2.459200314661556e6	17.83532081452171
2.4592003169763708e6	17.86688846544257
2.4592003192911856e6	17.898355205452365
2.4592003216060004e6	17.929720856829192
2.4592003239208153e6	17.960985242422094
2.45920032623563e6	17.992148185652045
2.459200328550445e6	18.02320951051297
2.4592003308652597e6	18.05416904157272
2.4592003331800746e6	18.08502660397408
2.4592003354948894e6	18.11578202343573
2.4592003378097042e6	18.146435126253266
2.459200340124519e6	18.176985739300143
2.459200342439334e6	18.20743369002868
2.4592003447541487e6	18.237778806471024
2.4592003470689636e6	18.268020917240126
2.4592003493837784e6	18.298159851530695
2.4592003516985932e6	18.32819543912019
2.4592003540134076e6	18.35812750435887
2.4592003563282224e6	18.38795589023517
2.4592003586430373e6	18.417680422248772
2.459200360957852e6	18.44730093251764
2.459200363272667e6	18.47681725374725
2.4592003655874818e6	18.50622921923152
2.4592003679022966e6	18.535536662853776
2.4592003702171114e6	18.56473941908766
2.4592003725319263e6	18.59383732299809
2.459200374846741e6	18.622830210242185
2.459200377161556e6	18.651717917070187
2.4592003794763708e6	18.68050028032638
2.4592003817911856e6	18.70917713745004
2.4592003841060004e6	18.737748326476325
2.4592003864208153e6	18.766213686037187
2.45920038873563e6	18.79457305536232
2.459200391050445e6	18.822826274280022
2.4592003933652597e6	18.850973183218127
2.4592003956800746e6	18.879013623204912
2.4592003979948894e6	18.906947435869967
2.4592004003097042e6	18.934774463445102
2.459200402624519e6	18.962494548765267
2.459200404939334e6	18.990107535269388
2.4592004072541487e6	19.01761326700129
2.4592004095689636e6	19.045011588610564
2.4592004118837784e6	19.072302345353446
2.4592004141985932e6	19.09948538309369
2.4592004165134076e6	19.126560542867697
2.4592004188282224e6	19.15352768265009
2.4592004211430373e6	19.180386644674936
2.459200423457852e6	19.207137277244726
2.459200425772667e6	19.233779429273806
2.4592004280874818e6	19.2603129502892
2.4592004304022966e6	19.28673769043147
2.4592004327171114e6	19.313053500455574
2.4592004350319263e6	19.339260231731696
2.459200437346741e6	19.365357736246082
2.459200439661556e6	19.391345866601895
2.4592004419763708e6	19.417224476020028
2.4592004442911856e6	19.442993418339938
2.4592004466060004e6	19.46865254802048
2.4592004489208153e6	19.494201720140726
2.45920045123563e6	19.519640790400764
2.459200453550445e6	19.544969615122554
2.4592004558652597e6	19.570188051250685
2.4592004581800746e6	19.59529595635324
2.4592004604948894e6	19.620293188622565
2.4592004628097042e6	19.645179606876066
2.459200465124519e6	19.669955070557037
2.459200467439334e6	19.694619439735426
2.4592004697541487e6	19.719172575108637
2.4592004720689636e6	19.74361433800231
2.4592004743837784e6	19.767944590371112
2.4592004766985932e6	19.792163194799514
2.4592004790134076e6	19.816270009664354
2.4592004813282224e6	19.840264908510992
2.4592004836430373e6	19.864147750957233
2.459200485957852e6	19.887918402114494
2.459200488272667e6	19.911576727727823
2.4592004905874818e6	19.935122594176693
2.4592004929022966e6	19.95855586847573
2.4592004952171114e6	19.98187641827547
2.4592004975319263e6	20.005084111863113
2.459200499846741e6	20.028178818163266
2.459200502161556e6	20.051160406738667
2.4592005044763708e6	20.07402874779095
2.4592005067911856e6	20.096783712161354
2.4592005091060004e6	20.119425171331475
2.4592005114208153e6	20.141952997423946
2.45920051373563e6	20.16436706320323
2.459200516050445e6	20.186667242076275
2.4592005183652597e6	20.20885340809327
2.4592005206800746e6	20.230925435948322
2.4592005229948894e6	20.2528832009802
2.4592005253097042e6	20.274726579173013
2.459200527624519e6	20.296455447156916
2.459200529939334e6	20.318069682208815
2.4592005322541487e6	20.339569162253056
2.4592005345689636e6	20.360953765862106
2.4592005368837784e6	20.382223372257254
2.4592005391985932e6	20.403377861309277
2.4592005415134076e6	20.424417109318355
2.4592005438282224e6	20.445341005921062
2.4592005461430373e6	20.466149428696756
2.459200548457852e6	20.486842260120948
2.459200550772667e6	20.507419383322002
2.4592005530874818e6	20.5278806820818
2.4592005554022966e6	20.54822604083638
2.4592005577171114e6	20.568455344676607
2.4592005600319263e6	20.588568479348826
2.459200562346741e6	20.608565331255477
2.459200564661556e6	20.628445787455775
2.4592005669763708e6	20.648209735666317
2.4592005692911856e6	20.66785706426173
2.4592005716060004e6	20.687387662275317
2.4592005739208153e6	20.706801419399646
2.45920057623563e6	20.7260982259872
2.459200578550445e6	20.745277973051
2.4592005808652597e6	20.764340552265192
2.4592005831800746e6	20.783285855965705
2.4592005854948894e6	20.802113777150797
2.4592005878097042e6	20.820824209481728
2.459200590124519e6	20.839417047283302
2.459200592439334e6	20.857892185544504
2.4592005947541487e6	20.876249519919067
2.4592005970689636e6	20.894488946726078
2.4592005993837784e6	20.912610362950556
2.4592006016985932e6	20.93061366624404
2.4592006040134076e6	20.948498751339176
2.4592006063282224e6	20.966265524418024
2.4592006086430373e6	20.983913881525346
2.459200610957852e6	21.001443722984487
2.459200613272667e6	21.018854949788146
2.4592006155874818e6	21.03614746359897
2.4592006179022966e6	21.05332116675006
2.4592006202171114e6	21.070375962245574
2.4592006225319263e6	21.08731175376125
2.459200624846741e6	21.10412844564493
2.459200627161556e6	21.12082594291715
2.4592006294763708e6	21.137404151271635
2.4592006317911856e6	21.153862977075846
2.4592006341060004e6	21.17020232737151
2.4592006364208153e6	21.18642210987514
2.45920063873563e6	21.202522232978566
2.459200641050445e6	21.21850260574944
2.4592006433652597e6	21.234363137931755
2.4592006456800746e6	21.25010373994636
2.4592006479948894e6	21.26572432289146
2.4592006503097042e6	21.28122479854311
2.459200652624519e6	21.296605079355736
2.459200654939334e6	21.311865078462606
2.4592006572541487e6	21.327004709676334
2.4592006595689636e6	21.342023887489365
2.4592006618837784e6	21.356922527074456
2.4592006641985932e6	21.37170054428515
2.4592006665134076e6	21.38635785271986
2.4592006688282224e6	21.40089437549225
2.4592006711430373e6	21.415310027540382
2.459200673457852e6	21.429604727445682
2.459200675772667e6	21.44377839447271
2.4592006780874818e6	21.457830948569594
2.4592006804022966e6	21.471762310368526
2.4592006827171114e6	21.485572401186158
2.4592006850319263e6	21.499261143024082
2.459200687346741e6	21.51282845856927
2.459200689661556e6	21.52627427119449
2.4592006919763708e6	21.539598504958743
2.4592006942911856e6	21.55280108460772
2.4592006966060004e6	21.565881935574186
2.4592006989208153e6	21.578840983978424
2.45920070123563e6	21.59167815662866
2.459200703550445e6	21.60439338102146
2.4592007058652597e6	21.61698658534214
2.4592007081800746e6	21.629457698465178
2.4592007104948894e6	21.641806649954624
2.4592007128097042e6	21.65403337006448
2.459200715124519e6	21.6661377897391
2.459200717439334e6	21.678119840613586
2.4592007197541487e6	21.689979455014175
2.4592007220689636e6	21.701716565958602
2.4592007243837784e6	21.713331107156506
2.4592007266985932e6	21.72482301300979
2.4592007290134076e6	21.73619221633824
2.4592007313282224e6	21.74743865750359
2.4592007336430373e6	21.75856227068731
2.459200735957852e6	21.769562993064024
2.459200738272667e6	21.780440762502437
2.4592007405874818e6	21.791195517565683
2.4592007429022966e6	21.80182719751167
2.4592007452171114e6	21.81233574229344
2.4592007475319263e6	21.822721092559465
2.459200749846741e6	21.832983189654044
2.459200752161556e6	21.84312197561757
2.4592007544763708e6	21.853137393186916
2.4592007567911856e6	21.86302938579571
2.4592007591060004e6	21.872797897574685
2.4592007614208153e6	21.88244287335199
2.45920076373563e6	21.891964258653484
2.459200766050445e6	21.901361999703067
2.4592007683652597e6	21.910636043422954
2.4592007706800746e6	21.91978633743403
2.4592007729948894e6	21.92881283005607
2.4592007753097042e6	21.937715470308095
2.459200777624519e6	21.94649420790863
2.459200779939334e6	21.955148993275984
2.4592007822541487e6	21.963679777528554
2.4592007845689636e6	21.972086512485074
2.4592007868837784e6	21.98036915066491
2.4592007891985932e6	21.988527645288308
2.4592007915134076e6	21.996561948672944
2.4592007938282224e6	22.004472018674093
2.4592007961430373e6	22.01225780898753
2.459200798457852e6	22.019919275639666
2.459200800772667e6	22.027456375359083
2.4592008030874818e6	22.034869065576775
2.4592008054022966e6	22.042157304426404
2.4592008077171114e6	22.04932105074451
2.4592008100319263e6	22.056360264070772
2.459200812346741e6	22.063274904648214
2.459200814661556e6	22.070064933423435
2.4592008169763708e6	22.076730312046845
2.4592008192911856e6	22.08327100287285
2.4592008216060004e6	22.089686968960102
2.4592008239208153e6	22.095978174071682
2.45920082623563e6	22.10214458267531
2.459200828550445e6	22.108186159943557
2.4592008308652597e6	22.11410287175402
2.4592008331800746e6	22.11989468468953
2.4592008354948894e6	22.125561566038346
2.4592008378097042e6	22.131103483794323
2.459200840124519e6	22.13652040665711
2.459200842439334e6	22.14181230403231
2.4592008447541487e6	22.146979146031665
2.4592008470689636e6	22.152020903473215
2.4592008493837784e6	22.156937547881483
2.4592008516985932e6	22.161729051487608
2.4592008540134076e6	22.166395386303403
2.4592008563282224e6	22.17093652785115
2.4592008586430373e6	22.17535244953152
2.459200860957852e6	22.179643126403693
2.459200863272667e6	22.18380853423424
2.4592008655874818e6	22.187848649497226
2.4592008679022966e6	22.191763449374374
2.4592008702171114e6	22.195552911755176
2.4592008725319263e6	22.199217015237007
2.459200874846741e6	22.202755739125283
2.459200877161556e6	22.206169063433546
2.4592008794763708e6	22.209456968883572
2.4592008817911856e6	22.212619436905516
2.4592008841060004e6	22.21565644963798
2.4592008864208153e6	22.218567989928136
2.45920088873563e6	22.221354041331807
2.459200891050445e6	22.22401458811358
2.4592008933652597e6	22.226549615246867
2.4592008956800746e6	22.228959108414028
2.4592008979948894e6	22.23124305400641
2.4592009003097042e6	22.23340143912445
2.459200902624519e6	22.235434251577747
2.459200904939334e6	22.237341479885117
2.4592009072541487e6	22.23912311327468
2.4592009095689636e6	22.240779141683884
2.4592009118837784e6	22.242309555759604
2.4592009141985932e6	22.24371434685818
2.4592009165134076e6	22.244993506800753
2.4592009188282224e6	22.24614702887737
2.4592009211430373e6	22.247174906303062
2.459200923457852e6	22.24807713327245
2.459200925772667e6	22.24885370468982
2.4592009280874818e6	22.249504616169155
2.4592009304022966e6	22.250029864034147
2.4592009327171114e6	22.250429445318236
2.4592009350319263e6	22.250703357764618
2.459200937346741e6	22.250851599826255
2.459200939661556e6	22.250874170665885
2.4592009419763708e6	22.250771070156027
2.4592009442911856e6	22.250542298878994
2.4592009466060004e6	22.250187858126857
2.4592009489208153e6	22.24970774990148
2.45920095123563e6	22.249101976914478
2.459200953550445e6	22.248370542587214
2.4592009558652597e6	22.247513451050782
2.4592009581800746e6	22.246530707145965
2.4592009604948894e6	22.245422316423234
2.4592009628097042e6	22.2441882851427
2.459200965124519e6	22.24282862027409
2.459200967439334e6	22.241343329496686
2.4592009697541487e6	22.23973242119931
2.4592009720689636e6	22.23799590448025
2.4592009743837784e6	22.236133789147235
2.4592009766985932e6	22.234146085717356
2.4592009790134076e6	22.232032805854775
2.4592009813282224e6	22.2297939606449
2.4592009836430373e6	22.22742956314506
2.459200985957852e6	22.224939626709208
2.459200988272667e6	22.22232416540032
2.4592009905874818e6	22.219583193990346
2.4592009929022966e6	22.21671672796008
2.4592009952171114e6	22.21372478349914
2.4592009975319263e6	22.210607377505788
2.459200999846741e6	22.207364527586936
2.459201002161556e6	22.203996252057955
2.4592010044763708e6	22.200502569942625
2.4592010067911856e6	22.196883500973016
2.4592010091060004e6	22.19313906558937
2.4592010114208153e6	22.189269284939996
2.45920101373563e6	22.185274180881134
2.459201016050445e6	22.181153775976846
2.4592010183652597e6	22.176908093498884
2.4592010206800746e6	22.172537157426568
2.4592010229948894e6	22.16804099244662
2.4592010253097042e6	22.16341962395307
2.459201027624519e6	22.158673078047077
2.459201029939334e6	22.153801381536784
2.4592010322541487e6	22.148804561937197
2.4592010345689636e6	22.143682647469983
2.4592010368837784e6	22.138435667063366
2.4592010391985932e6	22.133063650351904
2.4592010415134076e6	22.12756662879475
2.4592010438282224e6	22.12194463122707
2.4592010461430373e6	22.116197690494744
2.459201048457852e6	22.11032583905608
2.459201050772667e6	22.10432911007488
2.4592010530874818e6	22.098207537420237
2.4592010554022966e6	22.09196115566636
2.4592010577171114e6	22.085590000092363
2.4592010600319263e6	22.07909410668208
2.459201062346741e6	22.072473512123864
2.459201064661556e6	22.06572825381034
2.4592010669763708e6	22.058858369838266
2.4592010692911856e6	22.051863899008243
2.4592010716060004e6	22.04474488082455
2.4592010739208153e6	22.037501355494886
2.45920107623563e6	22.030133363930172
2.459201078550445e6	22.0226409477443
2.4592010808652597e6	22.015024149253897
2.4592010831800746e6	22.007283011478098
2.4592010854948894e6	21.9994175781383
2.4592010878097042e6	21.991427893657903
2.459201090124519e6	21.98331400316208
2.459201092439334e6	21.975075952477507
2.4592010947541487e6	21.9667137881321
2.4592010970689636e6	21.95822755735477
2.4592010993837784e6	21.949617308075148
2.4592011016985932e6	21.9408830889233
2.4592011040134076e6	21.93202495102389
2.4592011063282224e6	21.923042940843143
2.4592011086430373e6	21.9139371108803
2.459201110957852e6	21.904707512564443
2.459201113272667e6	21.895354198023686
2.4592011155874818e6	21.885877220084875
2.4592011179022966e6	21.87627663227331
2.4592011202171114e6	21.866552488812424
2.4592011225319263e6	21.856704844623486
2.459201124846741e6	21.846733755325292
2.459201127161556e6	21.836639277233836
2.4592011294763708e6	21.82642146736201
2.4592011317911856e6	21.81608038341928
2.4592011341060004e6	21.80561608381135
2.4592011364208153e6	21.79502862763983
2.45920113873563e6	21.784318074701925
2.459201141050445e6	21.77348448549007
2.4592011433652597e6	21.76252792119161
2.4592011456800746e6	21.751448443688425
2.4592011479948894e6	21.740246115556626
2.4592011503097042e6	21.72892100006616
2.459201152624519e6	21.71747316118046
2.459201154939334e6	21.70590266355612
2.4592011572541487e6	21.694209572542476
2.4592011595689636e6	21.682393954181272
2.4592011618837784e6	21.67045587520628
2.4592011641985932e6	21.658395403042917
2.4592011665134076e6	21.646212608270925
2.4592011688282224e6	21.633907554796345
2.4592011711430373e6	21.6214803145557
2.459201173457852e6	21.608930957737154
2.459201175772667e6	21.59625955521858
2.4592011780874818e6	21.583466178567157
2.4592011804022966e6	21.57055090003896
2.4592011827171114e6	21.55751379257856
2.4592011850319263e6	21.544354929818613
2.459201187346741e6	21.531074386079435
2.459201189661556e6	21.51767223636859
2.4592011919763708e6	21.504148556380464
2.4592011942911856e6	21.490503422495834
2.4592011966060004e6	21.476736911781444
2.4592011989208153e6	21.462849101989566
2.45920120123563e6	21.448840071557548
2.459201203550445e6	21.434709899607412
2.4592012058652597e6	21.42045866594535
2.4592012081800746e6	21.406086451061313
2.4592012104948894e6	21.391593336128548
2.4592012128097042e6	21.37697940300313
2.459201215124519e6	21.362244734223513
2.459201217439334e6	21.347389413010053
2.4592012197541487e6	21.33241352326455
2.4592012220689636e6	21.317317149569753
2.4592012243837784e6	21.30210037718891
2.4592012266985932e6	21.28676329206526
2.4592012290134076e6	21.271305983943137
2.4592012313282224e6	21.25572853390535
2.4592012336430373e6	21.24003103302962
2.459201235957852e6	21.224213569974317
2.459201238272667e6	21.208276234075335
2.4592012405874818e6	21.192219115345612
2.4592012429022966e6	21.17604230447461
2.4592012452171114e6	21.159745892827807
2.4592012475319263e6	21.14332997244616
2.459201249846741e6	21.12679463604563
2.459201252161556e6	21.110139977016612
2.4592012544763708e6	21.09336608942343
2.4592012567911856e6	21.076473068003803
2.4592012591060004e6	21.059461008168316
2.4592012614208153e6	21.04233000599986
2.45920126373563e6	21.025080158253125
2.459201266050445e6	21.00771156235401
2.4592012683652597e6	20.99022431639911
2.4592012706800746e6	20.97261851915514
2.4592012729948894e6	20.954894270058386
2.4592012753097042e6	20.937051669214146
2.459201277624519e6	20.919090817396153
2.459201279939334e6	20.90101181604602
2.4592012822541487e6	20.88281476727265
2.4592012845689636e6	20.864499773851676
2.4592012868837784e6	20.846066939224883
2.4592012891985932e6	20.8275163674996
2.4592012915134076e6	20.80884816721536
2.4592012938282224e6	20.790062436298022
2.4592012961430373e6	20.77115928459163
2.459201298457852e6	20.752138818859837
2.459201300772667e6	20.733001146528878
2.4592013030874818e6	20.713746375686952
2.4592013054022966e6	20.694374615083643
2.4592013077171114e6	20.67488597412926
2.4592013100319263e6	20.655280562894266
2.459201312346741e6	20.63555849210862
2.459201314661556e6	20.615719873161172
2.4592013169763708e6	20.595764818099024
2.4592013192911856e6	20.575693439626907
2.4592013216060004e6	20.55550585110653
2.4592013239208153e6	20.535202166555955
2.45920132623563e6	20.51478250064894
2.459201328550445e6	20.494246968714307
2.4592013308652597e6	20.47359568673527
2.4592013331800746e6	20.452828771348802
2.4592013354948894e6	20.43194633984495
2.4592013378097042e6	20.410948510166204
2.459201340124519e6	20.3898354009068
2.459201342439334e6	20.368607131312086
2.4592013447541487e6	20.3472638212778
2.4592013470689636e6	20.32580559134944
2.4592013493837784e6	20.304232562721555
2.4592013516985932e6	20.282544857237077
2.4592013540134076e6	20.260742601783992
2.4592013563282224e6	20.23882591072816
2.4592013586430373e6	20.216794912227833
2.459201360957852e6	20.19464973071252
2.459201363272667e6	20.172390491256625
2.4592013655874818e6	20.150017319578744
2.4592013679022966e6	20.127530342040956
2.4592013702171114e6	20.104929685648106
2.4592013725319263e6	20.08221547804708
2.459201374846741e6	20.059387847526114
2.459201377161556e6	20.036446923014026
2.4592013794763708e6	20.01339283407953
2.4592013817911856e6	19.990225710930467
2.4592013841060004e6	19.966945684413098
2.4592013864208153e6	19.943552886011354
2.45920138873563e6	19.920047447846084
2.459201391050445e6	19.896429502674337
2.4592013933652597e6	19.87269918388857
2.4592013956800746e6	19.84885662551594
2.4592013979948894e6	19.824901962217506
2.4592014003097042e6	19.800835329287505
2.459201402624519e6	19.776656862652555
2.459201404939334e6	19.752366698870915
2.4592014072541487e6	19.727964975131698
2.4592014095689636e6	19.703451829254096
2.4592014118837784e6	19.678827399686607
2.4592014141985932e6	19.654091825506253
2.4592014165134076e6	19.629245251427225
2.4592014188282224e6	19.604287807784647
2.4592014211430373e6	19.579219640523505
2.459201423457852e6	19.554040891227007
2.459201425772667e6	19.528751702102948
2.4592014280874818e6	19.503352215982847
2.4592014304022966e6	19.477842576321198
2.4592014327171114e6	19.452222927194626
2.4592014350319263e6	19.426493413301074
2.459201437346741e6	19.400654179959012
2.459201439661556e6	19.374705373106572
2.4592014419763708e6	19.348647139300773
2.4592014442911856e6	19.322479625716664
2.4592014466060004e6	19.296202980146482
2.4592014489208153e6	19.269817350998853
2.45920145123563e6	19.24332288729793
2.459201453550445e6	19.216719738682542
2.4592014558652597e6	19.190008055405382
2.4592014581800746e6	19.16318798833214
2.4592014604948894e6	19.136259688940623
2.4592014628097042e6	19.10922330931996
2.459201465124519e6	19.08207900216969
2.459201467439334e6	19.05482692079891
2.4592014697541487e6	19.027467219125445
2.4592014720689636e6	19.000000051674935
2.4592014743837784e6	18.97242557357998
2.4592014766985932e6	18.94474394057926
2.4592014790134076e6	18.916955314617542
2.4592014813282224e6	18.889059841462764
2.4592014836430373e6	18.861057684245935
2.459201485957852e6	18.83294900112123
2.459201488272667e6	18.804733950844497
2.4592014905874818e6	18.776412692772325
2.4592014929022966e6	18.747985386861153
2.4592014952171114e6	18.719452193666378
2.4592014975319263e6	18.69081327434144
2.459201499846741e6	18.662068790636916
2.459201502161556e6	18.633218904899586
2.4592015044763708e6	18.604263780071562
2.4592015067911856e6	18.575203579689312
2.4592015091060004e6	18.54603846788278
2.4592015114208153e6	18.51676860937443
2.45920151373563e6	18.48739416947834
2.459201516050445e6	18.457915314099246
2.4592015183652597e6	18.42833220973162
2.4592015206800746e6	18.398645023458727
2.4592015229948894e6	18.36885392295168
2.4592015253097042e6	18.33895907646848
2.459201527624519e6	18.30896065285309
2.459201529939334e6	18.278858821534467
2.4592015322541487e6	18.248653752525605
2.4592015345689636e6	18.218345616422585
2.4592015368837784e6	18.18793458440359
2.4592015391985932e6	18.157420828227956
2.4592015415134076e6	18.126804526404456
2.4592015438282224e6	18.09608583953389
2.4592015461430373e6	18.06526494726184
2.459201548457852e6	18.03434202366252
2.459201550772667e6	18.003317243386384
2.4592015530874818e6	17.97219078165918
2.4592015554022966e6	17.940962814280944
2.4592015577171114e6	17.909633517625004
2.4592015600319263e6	17.878203068636992
2.459201562346741e6	17.846671644833847
2.459201564661556e6	17.8150394243028
2.4592015669763708e6	17.783306585700366
2.4592015692911856e6	17.751473308251363
2.4592015716060004e6	17.719539771747865
2.4592015739208153e6	17.68750615654821
2.45920157623563e6	17.65537264357597
2.459201578550445e6	17.62313941431893
2.4592015808652597e6	17.590806650828075
2.4592015831800746e6	17.558374535716542
2.4592015854948894e6	17.5258432521586
2.4592015878097042e6	17.493212983888622
2.459201590124519e6	17.460483915200033
2.459201592439334e6	17.427656230944276
2.4592015947541487e6	17.394730116529775
2.4592015970689636e6	17.361705757920866
2.4592015993837784e6	17.32858334163678
2.4592016016985932e6	17.295363054750545
2.4592016040134076e6	17.26204509160023
2.4592016063282224e6	17.228629626958448
2.4592016086430373e6	17.195116856245974
2.459201610957852e6	17.16150696874055
2.459201613272667e6	17.127800154268417
2.4592016155874818e6	17.093996603203255
2.4592016179022966e6	17.06009650646511
2.4592016202171114e6	17.02610005551932
2.4592016225319263e6	16.992007442375396
2.459201624846741e6	16.957818859586
2.459201627161556e6	16.923534500245797
2.4592016294763708e6	16.88915455799041
2.4592016317911856e6	16.85467922699529
2.4592016341060004e6	16.820108701974654
2.4592016364208153e6	16.785443178180362
2.45920163873563e6	16.75068285140081
2.459201641050445e6	16.71582791795985
2.4592016433652597e6	16.680878574715656
2.4592016456800746e6	16.64583501905963
2.4592016479948894e6	16.610697448915264
2.4592016503097042e6	16.57546606273705
2.459201652624519e6	16.540141059509352
2.459201654939334e6	16.504722638745253
2.4592016572541487e6	16.469211000485483
2.4592016595689636e6	16.43360634529722
2.4592016618837784e6	16.397908874273032
2.4592016641985932e6	16.362118789029683
2.4592016665134076e6	16.326236298934628
2.4592016688282224e6	16.290261592212964
2.4592016711430373e6	16.25419487925631
2.459201673457852e6	16.218036363766878
2.459201675772667e6	16.181786249965388
2.4592016780874818e6	16.145444742589902
2.4592016804022966e6	16.10901204689465
2.4592016827171114e6	16.0724883686489
2.4592016850319263e6	16.035873914135788
2.459201687346741e6	15.999168890151132
2.459201689661556e6	15.962373504002292
2.4592016919763708e6	15.92548796350698
2.4592016942911856e6	15.888512476992101
2.4592016966060004e6	15.85144725329256
2.4592016989208153e6	15.8142925017501
2.45920170123563e6	15.7770484322121
2.459201703550445e6	15.739715255030413
2.4592017058652597e6	15.702293181060156
2.4592017081800746e6	15.664782421658535
2.4592017104948894e6	15.627183188683642
2.4592017128097042e6	15.589495694493257
2.459201715124519e6	15.551720151943663
2.459201717439334e6	15.51385677438843
2.4592017197541487e6	15.475905775677209
2.4592017220689636e6	15.437867370154528
2.4592017243837784e6	15.399741772658597
2.4592017266985932e6	15.361529198520063
2.4592017290134076e6	15.323229871274046
2.4592017313282224e6	15.284843991823394
2.4592017336430373e6	15.246371784664607
2.459201735957852e6	15.207813467085968
2.459201738272667e6	15.169169256862101
2.4592017405874818e6	15.13043937225275
2.4592017429022966e6	15.091624032001539
2.4592017452171114e6	15.052723455334737
2.4592017475319263e6	15.013737861960028
2.459201749846741e6	14.97466747206526
2.459201752161556e6	14.935512506317206
2.4592017544763708e6	14.896273185860322
2.4592017567911856e6	14.856949732315485
2.4592017591060004e6	14.817542367778758
2.4592017614208153e6	14.778051314820127
2.45920176373563e6	14.738476796482235
2.459201766050445e6	14.698819036279136
2.4592017683652597e6	14.659078258195036
2.4592017706800746e6	14.61925468668301
2.4592017729948894e6	14.57934854666375
2.4592017753097042e6	14.539360063524285
2.459201777624519e6	14.499289463116716
2.459201779939334e6	14.459136971756932
2.4592017822541487e6	14.41890281622334
2.4592017845689636e6	14.378587223755583
2.4592017868837784e6	14.338190422053247
2.4592017891985932e6	14.297712639274584
2.4592017915134076e6	14.257154112202318
2.4592017938282224e6	14.216515053590152
2.4592017961430373e6	14.175795701115456
2.459201798457852e6	14.134996284758232
2.459201800772667e6	14.09411703495067
2.4592018030874818e6	14.053158182575856
2.4592018054022966e6	14.012119958966466
2.4592018077171114e6	13.971002595903457
2.4592018100319263e6	13.929806325614763
2.459201812346741e6	13.888531380773976
2.459201814661556e6	13.847177994499042
2.4592018169763708e6	13.805746400350932
2.4592018192911856e6	13.76423683233234
2.4592018216060004e6	13.72264952488634
2.4592018239208153e6	13.680984712895073
2.45920182623563e6	13.639242631678428
2.459201828550445e6	13.597423516992704
2.4592018308652597e6	13.555527605029273
2.4592018331800746e6	13.513555132413252
2.4592018354948894e6	13.471506336202177
2.4592018378097042e6	13.429381453884648
2.459201840124519e6	13.387180723378991
2.459201842439334e6	13.344904383031924
2.4592018447541487e6	13.302552671617198
2.4592018470689636e6	13.260125828334258
2.4592018493837784e6	13.217624092806886
2.4592018516985932e6	13.175047705081855
2.4592018540134076e6	13.132396914214903
2.4592018563282224e6	13.089671943934913
2.4592018586430373e6	13.04687304412187
2.459201860957852e6	13.004000456500902
2.459201863272667e6	12.961054423213326
2.4592018655874818e6	12.918035186815274
2.4592018679022966e6	12.874942990276319
2.4592018702171114e6	12.831778076978116
2.4592018725319263e6	12.788540690713017
2.459201874846741e6	12.745231075682693
2.459201877161556e6	12.701849476496754
2.4592018794763708e6	12.658396138171382
2.4592018817911856e6	12.614871306127931
2.4592018841060004e6	12.57127522619154
2.4592018864208153e6	12.527608144589767
2.45920188873563e6	12.483870307951166
2.459201891050445e6	12.440061963303918
2.4592018933652597e6	12.396183358074431
2.4592018956800746e6	12.352234740085933
2.4592018979948894e6	12.308216357557082
2.4592019003097042e6	12.264128459100565
2.459201902624519e6	12.21997129372168
2.459201904939334e6	12.175745110816951
2.4592019072541487e6	12.131450160172703
2.4592019095689636e6	12.087086691963655
2.4592019118837784e6	12.042654956751505
2.4592019141985932e6	11.998155205483531
2.4592019165134076e6	11.953587698463403
2.4592019188282224e6	11.90895266947432
2.4592019211430373e6	11.864250379570388
2.459201923457852e6	11.819481081226947
2.459201925772667e6	11.774645027297803
2.4592019280874818e6	11.729742471013786
2.4592019304022966e6	11.68477366598133
2.4592019327171114e6	11.639738866181043
2.4592019350319263e6	11.59463832596625
2.459201937346741e6	11.549472300061591
2.459201939661556e6	11.504241043561558
2.4592019419763708e6	11.458944811929058
2.4592019442911856e6	11.413583860993972
2.4592019466060004e6	11.368158446951721
2.4592019489208153e6	11.322668826361793
2.45920195123563e6	11.277115256146326
2.459201953550445e6	11.231497993588631
2.4592019558652597e6	11.185817296331752
2.4592019581800746e6	11.140073422377009
2.4592019604948894e6	11.094266630082533
2.4592019628097042e6	11.04839717816182
2.459201965124519e6	11.002465325682262
2.459201967439334e6	10.956471332063687
2.4592019697541487e6	10.910415457076887
2.4592019720689636e6	10.864297960842155
2.4592019743837784e6	10.81811910382782
2.4592019766985932e6	10.771879146848775
2.4592019790134076e6	10.725578360385224
2.4592019813282224e6	10.679216987312454
2.4592019836430373e6	10.632795298784211
2.459201985957852e6	10.586313556986886
2.459201988272667e6	10.53977202444603
2.4592019905874818e6	10.493170964024902
2.4592019929022966e6	10.44651063892296
2.4592019952171114e6	10.399791312674404
2.4592019975319263e6	10.353013249146645
2.459201999846741e6	10.30617671253885
2.459202002161556e6	10.259281967380435
2.4592020044763708e6	10.212329278529575
2.4592020067911856e6	10.165318911171704
2.4592020091060004e6	10.118251130818024
2.4592020114208153e6	10.071126203304
2.45920201373563e6	10.023944394787858
2.459202016050445e6	9.976705971749086
2.4592020183652597e6	9.929411200986928
2.4592020206800746e6	9.882060349618873
2.4592020229948894e6	9.834653685079147
2.4592020253097042e6	9.787191475117215
2.459202027624519e6	9.73967398779625
2.459202029939334e6	9.692101491491627
2.4592020322541487e6	9.644474254889415
2.4592020345689636e6	9.596792546984842
2.4592020368837784e6	9.549056637080795
2.4592020391985932e6	9.501266794786286
2.4592020415134076e6	9.453423299644784
2.4592020438282224e6	9.405526402624002
2.4592020461430373e6	9.35757638386128
2.459202048457852e6	9.309573514174904
2.459202050772667e6	9.261518064681653
2.4592020530874818e6	9.213410306795273
2.4592020554022966e6	9.165250512224958
2.4592020577171114e6	9.117038952973784
2.4592020600319263e6	9.068775901337201
2.459202062346741e6	9.020461629901476
2.459202064661556e6	8.972096411542172
2.4592020669763708e6	8.923680519422584
2.4592020692911856e6	8.87521422699222
2.4592020716060004e6	8.82669780798524
2.4592020739208153e6	8.77813153641892
2.45920207623563e6	8.72951568659209
2.459202078550445e6	8.680850533083605
2.4592020808652597e6	8.632136350750773
2.4592020831800746e6	8.583373414727829
2.4592020854948894e6	8.53456200042435
2.4592020878097042e6	8.485702383523723
2.459202090124519e6	8.436794839981577
2.459202092439334e6	8.387839646024227
2.4592020947541487e6	8.338837078147117
2.4592020970689636e6	8.289787413113249
2.4592020993837784e6	8.240690927951634
2.4592021016985932e6	8.19154789995572
2.4592021040134076e6	8.14235861658165
2.4592021063282224e6	8.0931233358566
2.4592021086430373e6	8.043842345748478
2.459202110957852e6	7.994515924592795
2.459202113272667e6	7.945144350981666
2.4592021155874818e6	7.895727903762211
2.4592021179022966e6	7.846266862034996
2.4592021202171114e6	7.796761505152459
2.4592021225319263e6	7.747212112717318
2.459202124846741e6	7.69761896458101
2.459202127161556e6	7.647982340842095
2.4592021294763708e6	7.598302521844682
2.4592021317911856e6	7.548579788176842
2.4592021341060004e6	7.498814420669029
2.4592021364208153e6	7.449006700392484
2.45920213873563e6	7.399156908657661
2.459202141050445e6	7.34926532701262
2.4592021433652597e6	7.299332237241461
2.4592021456800746e6	7.2493579213627095
2.4592021479948894e6	7.199342661627736
2.4592021503097042e6	7.149286740519157
2.459202152624519e6	7.099190440749243
2.459202154939334e6	7.0490540452583215
2.4592021572541487e6	6.998877837213174
2.4592021595689636e6	6.9486621000054445
2.4592021618837784e6	6.8984071172500325
2.4592021641985932e6	6.8481131727834965
2.4592021665134076e6	6.797780560791512
2.4592021688282224e6	6.747409545298696
2.4592021711430373e6	6.69700042091826
2.459202173457852e6	6.646553472357353
2.459202175772667e6	6.5960689845367355
2.4592021780874818e6	6.5455472425891905
2.4592021804022966e6	6.494988531857912
2.4592021827171114e6	6.444393137894889
2.4592021850319263e6	6.393761346459299
2.459202187346741e6	6.343093443515885
2.459202189661556e6	6.292389715233347
2.4592021919763708e6	6.241650447982725
2.4592021942911856e6	6.190875928335778
2.4592021966060004e6	6.140066443063373
2.4592021989208153e6	6.089222279133848
2.45920220123563e6	6.038343723711426
2.459202203550445e6	5.98743106415455
2.4592022058652597e6	5.936484588014289
2.4592022081800746e6	5.885504583032704
2.4592022104948894e6	5.834491337141227
2.4592022128097042e6	5.783445138459028
2.459202215124519e6	5.732366275291397
2.459202217439334e6	5.681255036128106
2.4592022197541487e6	5.630111709641788
2.4592022220689636e6	5.5789365846863
2.4592022243837784e6	5.527729950295097
2.4592022266985932e6	5.476492095679595
2.4592022290134076e6	5.4252233205441485
2.4592022313282224e6	5.373923893824119
2.4592022336430373e6	5.3225941155654235
2.459202235957852e6	5.271234275674985
2.459202238272667e6	5.219844664229514
2.4592022405874818e6	5.16842557147387
2.4592022429022966e6	5.116977287819419
2.4592022452171114e6	5.065500103842396
2.4592022475319263e6	5.013994310282262
2.459202249846741e6	4.962460198040065
2.459202252161556e6	4.910898058176791
2.4592022544763708e6	4.859308181911729
2.4592022567911856e6	4.807690860620816
2.4592022591060004e6	4.756046385834997
2.4592022614208153e6	4.70437504923859
2.45920226373563e6	4.65267714266761
2.459202266050445e6	4.600952958108144
2.4592022683652597e6	4.549202787694696
2.4592022706800746e6	4.497426923708537
2.4592022729948894e6	4.44562565857605
2.4592022753097042e6	4.393799284867086
2.459202277624519e6	4.3419480952933025
2.459202279939334e6	4.290072382706522
2.4592022822541487e6	4.238172440097063
2.4592022845689636e6	4.186248560592101
2.4592022868837784e6	4.134301037453996
2.4592022891985932e6	4.082330164078662
2.4592022915134076e6	4.03033624445557
2.4592022938282224e6	3.9783195513238905
2.4592022961430373e6	3.9262803889272804
2.459202298457852e6	3.8742190511792143
2.459202300772667e6	3.8221358321184127
2.4592023030874818e6	3.7700310259071808
2.4592023054022966e6	3.717904926829745
2.4592023077171114e6	3.6657578292905932
2.4592023100319263e6	3.6135900278128115
2.459202312346741e6	3.5614018170364203
2.459202314661556e6	3.5091934917167085
2.4592023169763708e6	3.456965346722569
2.4592023192911856e6	3.404717677034845
2.4592023216060004e6	3.3524507777446444
2.4592023239208153e6	3.3001649440516827
2.45920232623563e6	3.247860471262617
2.459202328550445e6	3.1955376547893795
2.4592023308652597e6	3.1431967901475018
2.4592023331800746e6	3.090838172954453
2.4592023354948894e6	3.0384620989279667
2.4592023378097042e6	2.986068863884372
2.459202340124519e6	2.9336587637369207
2.459202342439334e6	2.881232094494118
2.4592023447541487e6	2.828789152258052
2.4592023470689636e6	2.776330233222713
2.4592023493837784e6	2.723855633672341
2.4592023516985932e6	2.671365649979725
2.4592023540134076e6	2.618860589168264
2.4592023563282224e6	2.566340726658367
2.4592023586430373e6	2.5138063696391817
2.459202360957852e6	2.4612578148210065
2.459202363272667e6	2.408695358994329
2.4592023655874818e6	2.35611929902815
2.4592023679022966e6	2.303529931868303
2.4592023702171114e6	2.250927554535782
2.4592023725319263e6	2.1983124641250598
2.459202374846741e6	2.145684957802412
2.459202377161556e6	2.0930453328042353
2.4592023794763708e6	2.0403938864353837
2.4592023817911856e6	1.9877309160674654
2.4592023841060004e6	1.935056719137178
2.4592023864208153e6	1.8823715931446272
2.45920238873563e6	1.829675835651645
2.459202391050445e6	1.7769697442801093
2.4592023933652597e6	1.7242536167102633
2.4592023956800746e6	1.6715277506790334
2.4592023979948894e6	1.6187924439783488
2.4592024003097042e6	1.5660479944534578
2.459202402624519e6	1.5132947000012482
2.459202404939334e6	1.460532858568557
2.4592024072541487e6	1.4077627681505098
2.4592024095689636e6	1.3549847267888067
2.4592024118837784e6	1.3021990325700588
2.4592024141985932e6	1.2494059836241003
2.4592024165134076e6	1.196605888744563
2.4592024188282224e6	1.1437990248994871
2.4592024211430373e6	1.0909857009591406
2.459202423457852e6	1.0381662152094082
2.459202425772667e6	0.985340865970976
2.4592024280874818e6	0.9325099515976474
2.4592024304022966e6	0.8796737704746563
2.4592024327171114e6	0.8268326210169834
2.4592024350319263e6	0.7739868016676652
2.459202437346741e6	0.721136610896128
2.459202439661556e6	0.6682823471964731
2.4592024419763708e6	0.6154243090858099
2.4592024442911856e6	0.5625627951025661
2.4592024466060004e6	0.5096981038048003
2.4592024489208153e6	0.45683053376851634
2.45920245123563e6	0.40396038358597725
2.459202453550445e6	0.3510879518640184
2.4592024558652597e6	0.2982135372223612
2.4592024581800746e6	0.2453374382919264
2.4592024604948894e6	0.19245995371314745
2.4592024628097042e6	0.13958138213428398
2.459202465124519e6	0.08670202220972986
2.459202467439334e6	0.03382217259834633
2.4592024697541487e6	-0.01905786803825448
2.4592024720689636e6	-0.0719378010373766
2.4592024743837784e6	-0.12481732773693195
2.4592024766985932e6	-0.17769614947712728
2.4592024790134076e6	-0.2305739569650699
2.4592024813282224e6	-0.2834504728250702
2.4592024836430373e6	-0.33632538777702714
2.459202485957852e6	-0.3891984031871943
2.459202488272667e6	-0.44206922043255353
2.4592024905874818e6	-0.49493754090250197
2.4592024929022966e6	-0.5478030660005433
2.4592024952171114e6	-0.6006654971459543
2.4592024975319263e6	-0.6535245357755012
2.459202499846741e6	-0.7063798833451057
2.459202502161556e6	-0.7592312413315366
2.4592025044763708e6	-0.8120783112340956
2.4592025067911856e6	-0.8649207945763027
2.4592025091060004e6	-0.9177583929075833
2.4592025114208153e6	-0.9705908078049522
2.45920251373563e6	-1.0234177408747005
2.459202516050445e6	-1.0762388937540797
2.4592025183652597e6	-1.1290539681129876
2.4592025206800746e6	-1.1818626656556535
2.4592025229948894e6	-1.2346646881223267
2.4592025253097042e6	-1.2874597372909429
2.459202527624519e6	-1.3402475149788362
2.459202529939334e6	-1.3930277230444055
2.4592025322541487e6	-1.445800063388802
2.4592025345689636e6	-1.4985642379576132
2.4592025368837784e6	-1.5513199487425466
2.4592025391985932e6	-1.6040668977831123
2.4592025415134076e6	-1.6568047765601843
2.4592025438282224e6	-1.7095333084320827
2.4592025461430373e6	-1.7622521849818478
2.459202548457852e6	-1.8149611084570274
2.459202550772667e6	-1.8676597811613824
2.4592025530874818e6	-1.9203479054565755
2.4592025554022966e6	-1.9730251837638302
2.4592025577171114e6	-2.025691318565643
2.4592025600319263e6	-2.078346012407442
2.459202562346741e6	-2.1309889678992753
2.459202564661556e6	-2.1836198877174855
2.4592025669763708e6	-2.236238474606394
2.4592025692911856e6	-2.2888444313799763
2.4592025716060004e6	-2.3414374609235433
2.4592025739208153e6	-2.3940172661954167
2.45920257623563e6	-2.446583550228609
2.459202578550445e6	-2.499136016132498
2.4592025808652597e6	-2.5516743670945123
2.4592025831800746e6	-2.604198306381785
2.4592025854948894e6	-2.6567075373428595
2.4592025878097042e6	-2.7092017634093466
2.459202590124519e6	-2.7616806880976035
2.459202592439334e6	-2.8141440150104087
2.4592025947541487e6	-2.866591447838635
2.4592025970689636e6	-2.9190226903629264
2.4592025993837784e6	-2.971437446455364
2.4592026016985932e6	-3.0238354200811473
2.4592026040134076e6	-3.076216304764759
2.4592026063282224e6	-3.1285798257371673
2.4592026086430373e6	-3.1809256767139766
2.459202610957852e6	-3.23325356204956
2.459202613272667e6	-3.285563186199747
2.4592026155874818e6	-3.3378542537235174
2.4592026179022966e6	-3.390126469284653
2.4592026202171114e6	-3.4423795376534105
2.4592026225319263e6	-3.4946131637081894
2.459202624846741e6	-3.546827052437196
2.459202627161556e6	-3.599020908940113
2.4592026294763708e6	-3.6511944384297643
2.4592026317911856e6	-3.703347346233778
2.4592026341060004e6	-3.7554793377962516
2.4592026364208153e6	-3.8075901186794185
2.45920263873563e6	-3.8596793945653056
2.459202641050445e6	-3.9117468712574053
2.4592026433652597e6	-3.963792254682315
2.4592026456800746e6	-4.015815250891427
2.4592026479948894e6	-4.067815566062573
2.4592026503097042e6	-4.119792906501682
2.459202652624519e6	-4.171746978644446
2.459202654939334e6	-4.223677489057971
2.4592026572541487e6	-4.275584144442442
2.4592026595689636e6	-4.327466651632772
2.4592026618837784e6	-4.379324717600262
2.4592026641985932e6	-4.431158049454259
2.4592026665134076e6	-4.482966344024286
2.4592026688282224e6	-4.534749329544886
2.4592026711430373e6	-4.58650670312488
2.459202673457852e6	-4.638238172442304
2.459202675772667e6	-4.689943445321518
2.4592026780874818e6	-4.741622229734829
2.4592026804022966e6	-4.793274233804149
2.4592026827171114e6	-4.844899165802645
2.4592026850319263e6	-4.896496734156388
2.459202687346741e6	-4.948066647445993
2.459202689661556e6	-4.999608614408267
2.4592026919763708e6	-5.0511223439378625
2.4592026942911856e6	-5.102607545088908
2.4592026966060004e6	-5.154063927076663
2.4592026989208153e6	-5.205491199279158
2.45920270123563e6	-5.256889071238822
2.459202703550445e6	-5.308257252664144
2.4592027058652597e6	-5.359595453431303
2.4592027081800746e6	-5.410903383585803
2.4592027104948894e6	-5.462180753344117
2.4592027128097042e6	-5.513427273095319
2.459202715124519e6	-5.564642653402722
2.459202717439334e6	-5.615826605005514
2.4592027197541487e6	-5.666978838820389
2.4592027220689636e6	-5.71809906594318
2.4592027243837784e6	-5.769186997650491
2.4592027266985932e6	-5.820242345401331
2.4592027290134076e6	-5.871264810578099
2.4592027313282224e6	-5.922254125537474
2.4592027336430373e6	-5.973209992028162
2.459202735957852e6	-6.024132122255066
2.459202738272667e6	-6.075020228613627
2.4592027405874818e6	-6.125874023691453
2.4592027429022966e6	-6.176693220269938
2.4592027452171114e6	-6.227477531325885
2.4592027475319263e6	-6.278226670033131
2.459202749846741e6	-6.328940349764161
2.459202752161556e6	-6.37961828409173
2.4592027544763708e6	-6.430260186790483
2.4592027567911856e6	-6.480865771838568
2.4592027591060004e6	-6.531434753419254
2.4592027614208153e6	-6.581966845922534
2.45920276373563e6	-6.6324617639467585
2.459202766050445e6	-6.682919222300236
2.4592027683652597e6	-6.733338936002841
2.4592027706800746e6	-6.783720620287631
2.4592027729948894e6	-6.834063990602443
2.4592027753097042e6	-6.88436876261152
2.459202777624519e6	-6.934634652197095
2.459202779939334e6	-6.984861375461014
2.4592027822541487e6	-7.0350486487263275
2.4592027845689636e6	-7.0851961885388945
2.4592027868837784e6	-7.135303711668994
2.4592027891985932e6	-7.185370935112906
2.4592027915134076e6	-7.235397566034985
2.4592027938282224e6	-7.285383342015665
2.4592027961430373e6	-7.335327970671116
2.459202798457852e6	-7.385231169917643
2.459202800772667e6	-7.435092657905533
2.4592028030874818e6	-7.484912153020662
2.4592028054022966e6	-7.534689373886078
2.4592028077171114e6	-7.5844240393635864
2.4592028100319263e6	-7.63411586855535
2.459202812346741e6	-7.683764580805459
2.459202814661556e6	-7.733369895701533
2.4592028169763708e6	-7.782931533076297
2.4592028192911856e6	-7.83244921300915
2.4592028216060004e6	-7.8819226558277755
2.4592028239208153e6	-7.931351582109697
2.45920282623563e6	-7.980735712683866
2.459202828550445e6	-8.030074768632238
2.4592028308652597e6	-8.079368471291346
2.4592028331800746e6	-8.128616542253875
2.4592028354948894e6	-8.177818703370233
2.4592028378097042e6	-8.22697467675013
2.459202840124519e6	-8.276084184764128
2.459202842439334e6	-8.325146950045237
2.4592028447541487e6	-8.374162695490458
2.4592028470689636e6	-8.423131144262365
2.4592028493837784e6	-8.47205201979064
2.4592028516985932e6	-8.520925045773675
2.4592028540134076e6	-8.569749936363074
2.4592028563282224e6	-8.618526435443114
2.4592028586430373e6	-8.66725425770087
2.459202860957852e6	-8.715933127925078
2.459202863272667e6	-8.764562771180952
2.4592028655874818e6	-8.813142912811735
2.4592028679022966e6	-8.861673278440255
2.4592028702171114e6	-8.91015359397047
2.4592028725319263e6	-8.95858358558902
2.459202874846741e6	-9.006962979766767
2.459202877161556e6	-9.055291503260348
2.4592028794763708e6	-9.103568883113702
2.4592028817911856e6	-9.151794846659639
2.4592028841060004e6	-9.199969121521356
2.4592028864208153e6	-9.24809143561399
2.45920288873563e6	-9.29616151714614
2.459202891050445e6	-9.344179094621422
2.4592028933652597e6	-9.392143896839979
2.4592028956800746e6	-9.440055652900034
2.4592028979948894e6	-9.487914092199407
2.4592029003097042e6	-9.53571894443705
2.459202902624519e6	-9.583469939614567
2.459202904939334e6	-9.631166808037742
2.4592029072541487e6	-9.67880928031807
2.4592029095689636e6	-9.726397087374268
2.4592029118837784e6	-9.773929960433794
2.4592029141985932e6	-9.821407631034376
2.4592029165134076e6	-9.8688298214914
2.4592029188282224e6	-9.916196283047135
2.4592029211430373e6	-9.963506738633889
2.459202923457852e6	-10.010760921045584
2.459202925772667e6	-10.057958563393965
2.4592029280874818e6	-10.105099399110122
2.4592029304022966e6	-10.152183161945976
2.4592029327171114e6	-10.199209585975794
2.4592029350319263e6	-10.246178405597691
2.459202937346741e6	-10.293089355535123
2.459202939661556e6	-10.339942170838395
2.4592029419763708e6	-10.386736586886146
2.4592029442911856e6	-10.433472339386856
2.4592029466060004e6	-10.480149164380332
2.4592029489208153e6	-10.526766798239201
2.45920295123563e6	-10.573324977670378
2.459202953550445e6	-10.6198234397166
2.4592029558652597e6	-10.666261921757869
2.4592029581800746e6	-10.71264016151295
2.4592029604948894e6	-10.758957897040858
2.4592029628097042e6	-10.805214866742325
2.459202965124519e6	-10.851410809361289
2.459202967439334e6	-10.897545463986363
2.4592029697541487e6	-10.94361857005231
2.4592029720689636e6	-10.989629867341511
2.4592029743837784e6	-11.03557909598545
2.4592029766985932e6	-11.081465996466155
2.4592029790134076e6	-11.127290300405727
2.4592029813282224e6	-11.173051767428309
2.4592029836430373e6	-11.21875012985182
2.459202985957852e6	-11.264385129575173
2.459202988272667e6	-11.309956508855144
2.4592029905874818e6	-11.355464010307838
2.4592029929022966e6	-11.40090737691013
2.4592029952171114e6	-11.44628635200113
2.4592029975319263e6	-11.491600679283623
2.459202999846741e6	-11.536850102825529
2.459203002161556e6	-11.582034367061324
2.4592030044763708e6	-11.627153216793513
2.4592030067911856e6	-11.672206397194051
2.4592030091060004e6	-11.717193653805792
2.4592030114208153e6	-11.762114732543917
2.45920301373563e6	-11.806969379697383
2.459203016050445e6	-11.851757341930341
2.4592030183652597e6	-11.896478366283578
2.4592030206800746e6	-11.941132200175941
2.4592030229948894e6	-11.98571859140576
2.4592030253097042e6	-12.030237288152279
2.459203027624519e6	-12.07468803897708
2.459203029939334e6	-12.119070592825485
2.4592030322541487e6	-12.163384699028006
2.4592030345689636e6	-12.20763010730173
2.4592030368837784e6	-12.251806567751757
2.4592030391985932e6	-12.295913830872575
2.4592030415134076e6	-12.339951638697618
2.4592030438282224e6	-12.383919760222282
2.4592030461430373e6	-12.427817938251863
2.459203048457852e6	-12.471645924852584
2.459203050772667e6	-12.515403472487098
2.4592030530874818e6	-12.559090334015906
2.4592030554022966e6	-12.602706262698728
2.4592030577171114e6	-12.646251012195913
2.4592030600319263e6	-12.689724336569821
2.459203062346741e6	-12.73312599028622
2.459203064661556e6	-12.776455728215666
2.4592030669763708e6	-12.819713305634897
2.4592030692911856e6	-12.862898478228193
2.4592030716060004e6	-12.906011002088784
2.4592030739208153e6	-12.94905063372021
2.45920307623563e6	-12.992017130037711
2.459203078550445e6	-13.034910248369574
2.4592030808652597e6	-13.077729746458528
2.4592030831800746e6	-13.120475382463107
2.4592030854948894e6	-13.163146914959007
2.4592030878097042e6	-13.205744102940459
2.459203090124519e6	-13.248266705821583
2.459203092439334e6	-13.290714483437757
2.4592030947541487e6	-13.333087196046955
2.4592030970689636e6	-13.375384604331126
2.4592030993837784e6	-13.417606469397525
2.4592031016985932e6	-13.459752552780069
2.4592031040134076e6	-13.501822607985298
2.4592031063282224e6	-13.543816414330639
2.4592031086430373e6	-13.58573372616736
2.459203110957852e6	-13.627574306749484
2.459203113272667e6	-13.669337919764386
2.4592031155874818e6	-13.711024329334169
2.4592031179022966e6	-13.752633300016962
2.4592031202171114e6	-13.794164596808272
2.4592031225319263e6	-13.835617985142294
2.459203124846741e6	-13.876993230893252
2.459203127161556e6	-13.918290100376707
2.4592031294763708e6	-13.95950836035089
2.4592031317911856e6	-14.000647778018008
2.4592031341060004e6	-14.041708121025572
2.4592031364208153e6	-14.082689157467685
2.45920313873563e6	-14.123590655886384
2.459203141050445e6	-14.164412385272923
2.4592031433652597e6	-14.205154115069087
2.4592031456800746e6	-14.245815615168494
2.4592031479948894e6	-14.286396655917892
2.4592031503097042e6	-14.326897008118463
2.459203152624519e6	-14.367316443027104
2.459203154939334e6	-14.407654732357736
2.4592031572541487e6	-14.44791164828257
2.4592031595689636e6	-14.488086963433423
2.4592031618837784e6	-14.528180450902981
2.4592031641985932e6	-14.568191884246088
2.4592031665134076e6	-14.608121029456937
2.4592031688282224e6	-14.647967677083313
2.4592031711430373e6	-14.687731594033536
2.459203173457852e6	-14.72741255572384
2.459203175772667e6	-14.767010338038975
2.4592031780874818e6	-14.806524717333506
2.4592031804022966e6	-14.845955470433031
2.4592031827171114e6	-14.885302374635472
2.4592031850319263e6	-14.924565207712327
2.459203187346741e6	-14.963743747909906
2.459203189661556e6	-15.002837773950613
2.4592031919763708e6	-15.04184706503418
2.4592031942911856e6	-15.080771400838918
2.4592031966060004e6	-15.119610561522952
2.4592031989208153e6	-15.158364327725478
2.45920320123563e6	-15.197032480567984
2.459203203550445e6	-15.235614801655506
2.4592032058652597e6	-15.274111073077847
2.4592032081800746e6	-15.312521077410812
2.4592032104948894e6	-15.350844597717442
2.4592032128097042e6	-15.389081417549226
2.459203215124519e6	-15.427231320947334
2.459203217439334e6	-15.465294092443832
2.4592032197541487e6	-15.503269517062908
2.4592032220689636e6	-15.541157380322066
2.4592032243837784e6	-15.578957468233364
2.4592032266985932e6	-15.616669567304601
2.4592032290134076e6	-15.654293456980788
2.4592032313282224e6	-15.691828939902136
2.4592032336430373e6	-15.72927579649341
2.459203235957852e6	-15.766633815257427
2.459203238272667e6	-15.80390278519877
2.4592032405874818e6	-15.841082495824955
2.4592032429022966e6	-15.878172737147628
2.4592032452171114e6	-15.915173299683754
2.4592032475319263e6	-15.952083974456796
2.459203249846741e6	-15.988904552997896
2.459203252161556e6	-16.02563482734706
2.4592032544763708e6	-16.062274590054304
2.4592032567911856e6	-16.09882363418088
2.4592032591060004e6	-16.13528175330039
2.4592032614208153e6	-16.171648741499972
2.45920326373563e6	-16.20792439338148
2.459203266050445e6	-16.244108504062613
2.4592032683652597e6	-16.280200869178106
2.4592032706800746e6	-16.316201284880844
2.4592032729948894e6	-16.352109547843064
2.4592032753097042e6	-16.387925455257445
2.459203277624519e6	-16.423648804838308
2.459203279939334e6	-16.459279394822712
2.4592032822541487e6	-16.49481702397164
2.4592032845689636e6	-16.530261491571085
2.4592032868837784e6	-16.565612597433237
2.4592032891985932e6	-16.600870141897566
2.4592032915134076e6	-16.636033918767666
2.4592032938282224e6	-16.67110374358854
2.4592032961430373e6	-16.70607941120512
2.459203298457852e6	-16.740960724077347
2.459203300772667e6	-16.77574748519804
2.4592033030874818e6	-16.810439498094063
2.4592033054022966e6	-16.845036566827396
2.4592033077171114e6	-16.879538495996268
2.4592033100319263e6	-16.91394509073625
2.459203312346741e6	-16.948256156721335
2.459203314661556e6	-16.982471500165083
2.4592033169763708e6	-17.016590927821674
2.4592033192911856e6	-17.050614246987017
2.4592033216060004e6	-17.084541265499833
2.4592033239208153e6	-17.11837179174274
2.45920332623563e6	-17.152105634643334
2.459203328550445e6	-17.185742603675287
2.4592033308652597e6	-17.219282508859397
2.4592033331800746e6	-17.25272516076467
2.4592033354948894e6	-17.286070370509396
2.4592033378097042e6	-17.31931794976221
2.459203340124519e6	-17.352467710743152
2.459203342439334e6	-17.38551946622475
2.4592033447541487e6	-17.418473029533036
2.4592033470689636e6	-17.45132821454864
2.4592033493837784e6	-17.484084835707815
2.4592033516985932e6	-17.516742708003516
2.4592033540134076e6	-17.54930164044663
2.4592033563282224e6	-17.58176146224609
2.4592033586430373e6	-17.614121983511456
2.459203360957852e6	-17.646383021472815
2.459203363272667e6	-17.678544393922113
2.4592033655874818e6	-17.710605919214228
2.4592033679022966e6	-17.742567416267942
2.4592033702171114e6	-17.774428704567004
2.4592033725319263e6	-17.806189604161137
2.459203374846741e6	-17.837849935667037
2.459203377161556e6	-17.86940952026942
2.4592033794763708e6	-17.900868179721996
2.4592033817911856e6	-17.93222573634851
2.4592033841060004e6	-17.96348201304371
2.4592033864208153e6	-17.994636833274384
2.45920338873563e6	-18.025690021080326
2.459203391050445e6	-18.056641401075357
2.4592033933652597e6	-18.087490798448272
2.4592033956800746e6	-18.11823803896389
2.4592033979948894e6	-18.148882948963994
2.4592034003097042e6	-18.179425355368306
2.459203402624519e6	-18.2098650856755
2.459203404939334e6	-18.240201967964158
2.4592034072541487e6	-18.270435830893728
2.4592034095689636e6	-18.300566503705507
2.4592034118837784e6	-18.33059381622361
2.4592034141985932e6	-18.360517598855914
2.4592034165134076e6	-18.3903376766067
2.4592034188282224e6	-18.42005389305184
2.4592034211430373e6	-18.44966607434706
2.459203423457852e6	-18.479174053244858
2.459203425772667e6	-18.508577663086292
2.4592034280874818e6	-18.53787673780186
2.4592034304022966e6	-18.56707111191248
2.4592034327171114e6	-18.596160620530416
2.4592034350319263e6	-18.625145099360196
2.459203437346741e6	-18.65402438469955
2.459203439661556e6	-18.68279831344034
2.4592034419763708e6	-18.711466723069467
2.4592034442911856e6	-18.740029451669795
2.4592034466060004e6	-18.768486337921075
2.4592034489208153e6	-18.79683722110085
2.45920345123563e6	-18.825081941085347
2.459203453550445e6	-18.8532203383504
2.4592034558652597e6	-18.881252253972363
2.4592034581800746e6	-18.909177529628963
2.4592034604948894e6	-18.936996007600243
2.4592034628097042e6	-18.964707530769424
2.459203465124519e6	-18.992311942623797
2.459203467439334e6	-19.019809087255616
2.4592034697541487e6	-19.047198809362975
2.4592034720689636e6	-19.07448095425067
2.4592034743837784e6	-19.101655367831096
2.4592034766985932e6	-19.12872189662511
2.4592034790134076e6	-19.15568038235064
2.4592034813282224e6	-19.182530683594315
2.4592034836430373e6	-19.209272643273565
2.459203485957852e6	-19.235906110351703
2.459203488272667e6	-19.262430934404815
2.4592034905874818e6	-19.288846965622582
2.4592034929022966e6	-19.315154054809145
2.4592034952171114e6	-19.341352053383943
2.4592034975319263e6	-19.36744081338255
2.459203499846741e6	-19.39342018745751
2.459203502161556e6	-19.41929002887918
2.4592035044763708e6	-19.445050191536524
2.4592035067911856e6	-19.470700529937993
2.4592035091060004e6	-19.496240899212317
2.4592035114208153e6	-19.52167115510929
2.45920351373563e6	-19.546991154000654
2.459203516050445e6	-19.57220075288086
2.4592035183652597e6	-19.597299809367897
2.4592035206800746e6	-19.622288181704075
2.4592035229948894e6	-19.64716572875686
2.4592035253097042e6	-19.671932310019635
2.459203527624519e6	-19.69658778561252
2.459203529939334e6	-19.721132016283153
2.4592035322541487e6	-19.74556486340746
2.4592035345689636e6	-19.769886188990466
2.4592035368837784e6	-19.79409585566707
2.4592035391985932e6	-19.81819372670279
2.4592035415134076e6	-19.842179661180698
2.4592035438282224e6	-19.866053533280237
2.4592035461430373e6	-19.889815203327064
2.459203548457852e6	-19.91346453711697
2.459203550772667e6	-19.9370014010802
2.4592035530874818e6	-19.96042566228223
2.4592035554022966e6	-19.9837371884245
2.4592035577171114e6	-20.00693584784518
2.4592035600319263e6	-20.03002150951989
2.459203562346741e6	-20.052994043062466
2.459203564661556e6	-20.075853318725674
2.4592035669763708e6	-20.09859920740196
2.4592035692911856e6	-20.121231580624166
2.4592035716060004e6	-20.14375031056626
2.4592035739208153e6	-20.16615527004407
2.45920357623563e6	-20.188446332515973
2.459203578550445e6	-20.21062337208365
2.4592035808652597e6	-20.232686263492756
2.4592035831800746e6	-20.25463488213366
2.4592035854948894e6	-20.276469104042125
2.4592035878097042e6	-20.29818880590003
2.459203590124519e6	-20.319793865036043
2.459203592439334e6	-20.34128415942633
2.4592035947541487e6	-20.362659567695253
2.4592035970689636e6	-20.383919969116025
2.4592035993837784e6	-20.40506524361141
2.4592036016985932e6	-20.42609527175441
2.4592036040134076e6	-20.447009930573234
2.4592036063282224e6	-20.46780911035799
2.4592036086430373e6	-20.488492689417487
2.459203610957852e6	-20.509060550932336
2.459203613272667e6	-20.529512578736732
2.4592036155874818e6	-20.549848657319075
2.4592036179022966e6	-20.570068671822643
2.4592036202171114e6	-20.590172508046244
2.4592036225319263e6	-20.61016005244484
2.459203624846741e6	-20.630031192130208
2.459203627161556e6	-20.64978581487157
2.4592036294763708e6	-20.669423809096227
2.4592036317911856e6	-20.68894506389018
2.4592036341060004e6	-20.708349468998794
2.4592036364208153e6	-20.727636914827357
2.45920363873563e6	-20.746807292441755
2.459203641050445e6	-20.765860493569065
2.4592036433652597e6	-20.78479641059817
2.4592036456800746e6	-20.803614936580356
2.4592036479948894e6	-20.822315965229937
2.4592036503097042e6	-20.84089939092483
2.459203652624519e6	-20.859365108707177
2.459203654939334e6	-20.877713014283923
2.4592036572541487e6	-20.895943004027405
2.4592036595689636e6	-20.914054974975944
2.4592036618837784e6	-20.932048824834418
2.4592036641985932e6	-20.94992445197485
2.4592036665134076e6	-20.96768175187672
2.4592036688282224e6	-20.98532063139238
2.4592036711430373e6	-21.00284098731463
2.459203673457852e6	-21.020242720689758
2.459203675772667e6	-21.037525733234013
2.4592036780874818e6	-21.054689927334163
2.4592036804022966e6	-21.071735206048086
2.4592036827171114e6	-21.088661473105244
2.4592036850319263e6	-21.105468632907296
2.459203687346741e6	-21.122156590528608
2.459203689661556e6	-21.138725251716778
2.4592036919763708e6	-21.155174522893194
2.4592036942911856e6	-21.171504311153548
2.4592036966060004e6	-21.187714524268355
2.4592036989208153e6	-21.203805070683494
2.45920370123563e6	-21.219775859520702
2.459203703550445e6	-21.23562680057811
2.4592037058652597e6	-21.25135780433073
2.4592037081800746e6	-21.266968781930974
2.4592037104948894e6	-21.282459645209155
2.4592037128097042e6	-21.29783030667399
2.459203715124519e6	-21.313080679513067
2.459203717439334e6	-21.32821067759338
2.4592037197541487e6	-21.343220215461773
2.4592037220689636e6	-21.358109208345446
2.4592037243837784e6	-21.372877572152436
2.4592037266985932e6	-21.387525223472075
2.4592037290134076e6	-21.40205207666532
2.4592037313282224e6	-21.416458055530157
2.4592037336430373e6	-21.430743075768177
2.459203735957852e6	-21.444907056698614
2.459203738272667e6	-21.458949918324308
2.4592037405874818e6	-21.47287158133219
2.4592037429022966e6	-21.486671967093688
2.4592037452171114e6	-21.50035099766521
2.4592037475319263e6	-21.51390859578857
2.459203749846741e6	-21.52734468489142
2.459203752161556e6	-21.540659189087695
2.4592037544763708e6	-21.553852033178014
2.4592037567911856e6	-21.56692314265014
2.4592037591060004e6	-21.579872443679385
2.4592037614208153e6	-21.59269986312901
2.45920376373563e6	-21.605405328550674
2.459203766050445e6	-21.61798876818481
2.4592037683652597e6	-21.630450110961053
2.4592037706800746e6	-21.642789286498626
2.4592037729948894e6	-21.65500622510674
2.4592037753097042e6	-21.667100857785012
2.459203777624519e6	-21.679073116223805
2.459203779939334e6	-21.690922932804668
2.4592037822541487e6	-21.702650240600676
2.4592037845689636e6	-21.714254973376836
2.4592037868837784e6	-21.725737065590444
2.4592037891985932e6	-21.73709645239146
2.4592037915134076e6	-21.748333067374812
2.4592037938282224e6	-21.75944685159774
2.4592037961430373e6	-21.770437740017613
2.459203798457852e6	-21.781305670558673
2.459203800772667e6	-21.792050581839632
2.4592038030874818e6	-21.802672413173994
2.4592038054022966e6	-21.81317110457041
2.4592038077171114e6	-21.823546596733024
2.4592038100319263e6	-21.833798831061795
2.459203812346741e6	-21.84392774965284
2.459203814661556e6	-21.853933295298738
2.4592038169763708e6	-21.863815411488897
2.4592038192911856e6	-21.873574042409818
2.4592038216060004e6	-21.883209132945453
2.4592038239208153e6	-21.892720628677495
2.45920382623563e6	-21.902108475885704
2.459203828550445e6	-21.911372621548182
2.4592038308652597e6	-21.9205130133417
2.4592038331800746e6	-21.929529599641974
2.4592038354948894e6	-21.938422329523963
2.4592038378097042e6	-21.947191152762173
2.459203840124519e6	-21.955836019830908
2.459203842439334e6	-21.964356881904582
2.4592038447541487e6	-21.97275369085797
2.4592038470689636e6	-21.981026399266497
2.4592038493837784e6	-21.989174960406494
2.4592038516985932e6	-21.99719932825547
2.4592038540134076e6	-22.005099455915634
2.4592038563282224e6	-22.012875301946092
2.4592038586430373e6	-22.020526820827694
2.459203860957852e6	-22.028053969345205
2.459203863272667e6	-22.035456704985826
2.4592038655874818e6	-22.04273498593944
2.4592038679022966e6	-22.04988877109882
2.4592038702171114e6	-22.05691802005992
2.4592038725319263e6	-22.063822693122027
2.459203874846741e6	-22.07060275128805
2.459203877161556e6	-22.077258156264694
2.4592038794763708e6	-22.083788870462712
2.4592038817911856e6	-22.090194856997105
2.4592038841060004e6	-22.0964760796873
2.4592038864208153e6	-22.102632503057418
2.45920388873563e6	-22.108664092336404
2.459203891050445e6	-22.114570813458283
2.4592038933652597e6	-22.120352633062303
2.4592038956800746e6	-22.12600951849318
2.4592038979948894e6	-22.13154143780121
2.4592039003097042e6	-22.13694835974251
2.459203902624519e6	-22.142230253779182
2.459203904939334e6	-22.147387090079455
2.4592039072541487e6	-22.152418839517892
2.4592039095689636e6	-22.157325473675527
2.4592039118837784e6	-22.16210696484004
2.4592039141985932e6	-22.16676328600591
2.4592039165134076e6	-22.17129440997566
2.4592039188282224e6	-22.17570031298083
2.4592039211430373e6	-22.1799809692131
2.459203923457852e6	-22.184136354495628
2.459203925772667e6	-22.18816644535909
2.4592039280874818e6	-22.192071219041832
2.4592039304022966e6	-22.19585065348996
2.4592039327171114e6	-22.199504727357496
2.4592039350319263e6	-22.203033420006502
2.459203937346741e6	-22.206436711507166
2.459203939661556e6	-22.209714582637943
2.4592039419763708e6	-22.212867014885653
2.4592039442911856e6	-22.21589399044558
2.4592039466060004e6	-22.218795492221577
2.4592039489208153e6	-22.221571503826183
2.45920395123563e6	-22.224222009580668
2.459203953550445e6	-22.226746994515178
2.4592039558652597e6	-22.229146444368773
2.4592039581800746e6	-22.231420345589523
2.4592039604948894e6	-22.233568685334607
2.4592039628097042e6	-22.235591451470352
2.459203965124519e6	-22.237488632572315
2.459203967439334e6	-22.23926021792536
2.4592039697541487e6	-22.240906197523696
2.4592039720689636e6	-22.242426562070946
2.4592039743837784e6	-22.243821302980205
2.4592039766985932e6	-22.245090412374065
2.4592039790134076e6	-22.24623388286731
2.4592039813282224e6	-22.247251708461743
2.4592039836430373e6	-22.2481438831661
2.459203985957852e6	-22.24891040194144
2.459203988272667e6	-22.249551260458524
2.4592039905874818e6	-22.250066455097823
2.4592039929022966e6	-22.250455982949553
2.4592039952171114e6	-22.250719841813698
2.4592039975319263e6	-22.25085803019999
2.459203999846741e6	-22.250870547327963
2.459204002161556e6	-22.25075739312691
2.4592040044763708e6	-22.250518568235925
2.4592040067911856e6	-22.25015407400387
2.4592040091060004e6	-22.249663912489382
2.4592040114208153e6	-22.249048086460864
2.45920401373563e6	-22.24830659939645
2.459204016050445e6	-22.247439455484017
2.4592040183652597e6	-22.246446659621117
2.4592040206800746e6	-22.245328217415
2.4592040229948894e6	-22.244084135182547
2.4592040253097042e6	-22.242714419950246
2.459204027624519e6	-22.241219079454147
2.459204029939334e6	-22.239598122139828
2.4592040322541487e6	-22.237851557162344
2.4592040345689636e6	-22.235979394386163
2.4592040368837784e6	-22.23398164438513
2.4592040391985932e6	-22.23185831844239
2.4592040415134076e6	-22.22960942901538
2.4592040438282224e6	-22.22723498790085
2.4592040461430373e6	-22.224735008949253
2.459204048457852e6	-22.222109506280294
2.459204050772667e6	-22.219358494722616
2.4592040530874818e6	-22.216481989813747
2.4592040554022966e6	-22.21348000779997
2.4592040577171114e6	-22.210352565636274
2.4592040600319263e6	-22.20709968098623
2.459204062346741e6	-22.203721372221885
2.459204064661556e6	-22.200217658423703
2.4592040669763708e6	-22.196588559380398
2.4592040692911856e6	-22.192834095588864
2.4592040716060004e6	-22.18895428825405
2.4592040739208153e6	-22.18494915928883
2.45920407623563e6	-22.18081873131388
2.459204078550445e6	-22.17656302765757
2.4592040808652597e6	-22.172182072355806
2.4592040831800746e6	-22.16767589015191
2.4592040854948894e6	-22.163044506496487
2.4592040878097042e6	-22.158287947547244
2.459204090124519e6	-22.153406240168906
2.459204092439334e6	-22.14839941193299
2.4592040947541487e6	-22.143267491117715
2.4592040970689636e6	-22.138010506707808
2.4592040993837784e6	-22.13262848839433
2.4592041016985932e6	-22.127121466574547
2.4592041040134076e6	-22.121489473497245
2.4592041063282224e6	-22.115732538705604
2.4592041086430373e6	-22.10985069583477
2.459204110957852e6	-22.103843978104972
2.459204113272667e6	-22.097712419441724
2.4592041155874818e6	-22.091456054475632
2.4592041179022966e6	-22.085074918542198
2.4592041202171114e6	-22.078569047681626
2.4592041225319263e6	-22.071938478638604
2.459204124846741e6	-22.065183248862116
2.459204127161556e6	-22.05830339650522
2.4592041294763708e6	-22.051298960424827
2.4592041317911856e6	-22.044169980181497
2.4592041341060004e6	-22.036916496039197
2.4592041364208153e6	-22.02953854896509
2.45920413873563e6	-22.022036180629293
2.459204141050445e6	-22.014409433404648
2.4592041433652597e6	-22.006658350366482
2.4592041456800746e6	-21.998782975292354
2.4592041479948894e6	-21.990783352661825
2.4592041503097042e6	-21.98265952765619
2.459204152624519e6	-21.97441154615823
2.459204154939334e6	-21.96603945475196
2.4592041572541487e6	-21.957543300722357
2.4592041595689636e6	-21.948923132055082
2.4592041618837784e6	-21.940178997436252
2.4592041641985932e6	-21.931310946252097
2.4592041665134076e6	-21.922319030410065
2.4592041688282224e6	-21.91320329707813
2.4592041711430373e6	-21.903963799537703
2.459204173457852e6	-21.894600589972807
2.459204175772667e6	-21.88511372126619
2.4592041780874818e6	-21.875503246999006
2.4592041804022966e6	-21.865769221450527
2.4592041827171114e6	-21.85591169959783
2.4592041850319263e6	-21.845930737115502
2.459204187346741e6	-21.835826390375303
2.459204189661556e6	-21.825598716445864
2.4592041919763708e6	-21.81524777309236
2.4592041942911856e6	-21.804773618776174
2.4592041966060004e6	-21.79417631265459
2.4592041989208153e6	-21.783455914580426
2.45920420123563e6	-21.772612485101735
2.459204203550445e6	-21.76164608546143
2.4592042058652597e6	-21.75055677759695
2.4592042081800746e6	-21.739344624139925
2.4592042104948894e6	-21.728009688415785
2.4592042128097042e6	-21.716552034443446
2.459204215124519e6	-21.704971726934918
2.459204217439334e6	-21.693268831294947
2.4592042197541487e6	-21.681443413620656
2.4592042220689636e6	-21.669495540701163
2.4592042243837784e6	-21.6574252800172
2.4592042266985932e6	-21.645232699740735
2.4592042290134076e6	-21.632917871224205
2.4592042313282224e6	-21.620480859066245
2.4592042336430373e6	-21.607921735975243
2.459204235957852e6	-21.595240572884222
2.459204238272667e6	-21.58243744141549
2.4592042405874818e6	-21.56951241388022
2.4592042429022966e6	-21.55646556327804
2.4592042452171114e6	-21.54329696329664
2.4592042475319263e6	-21.530006688311325
2.459204249846741e6	-21.516594813384625
2.459204252161556e6	-21.503061414265854
2.4592042544763708e6	-21.48940656739068
2.4592042567911856e6	-21.475630349880703
2.4592042591060004e6	-21.461732839543025
2.4592042614208153e6	-21.44771411486978
2.45920426373563e6	-21.433574255037733
2.459204266050445e6	-21.4193133399078
2.4592042683652597e6	-21.404931450024613
2.4592042706800746e6	-21.390428666616057
2.4592042729948894e6	-21.375805071592822
2.4592042753097042e6	-21.361060747547928
2.459204277624519e6	-21.34619577775627
2.459204279939334e6	-21.331210246174127
2.4592042822541487e6	-21.31610423743872
2.4592042845689636e6	-21.3008778368677
2.4592042868837784e6	-21.2855311304587
2.4592042891985932e6	-21.270064204888815
2.4592042915134076e6	-21.254477150661803
2.4592042938282224e6	-21.238770049541067
2.4592042961430373e6	-21.222942993362697
2.459204298457852e6	-21.20699607151678
2.459204300772667e6	-21.190929374070386
2.4592043030874818e6	-21.17474299176708
2.4592043054022966e6	-21.158437016026397
2.4592043077171114e6	-21.14201153894332
2.4592043100319263e6	-21.12546665328777
2.459204312346741e6	-21.108802452504086
2.459204314661556e6	-21.092019030710482
2.4592043169763708e6	-21.075116482698526
2.4592043192911856e6	-21.058094903932602
2.4592043216060004e6	-21.040954390549377
2.4592043239208153e6	-21.023695039357243
2.45920432623563e6	-21.006316947835785
2.459204328550445e6	-20.988820214135224
2.4592043308652597e6	-20.971204937075864
2.4592043331800746e6	-20.953471216147527
2.4592043354948894e6	-20.935619151509016
2.4592043378097042e6	-20.91764884398751
2.459204340124519e6	-20.89956039507802
2.459204342439334e6	-20.88135390694282
2.4592043447541487e6	-20.863029482410855
2.4592043470689636e6	-20.844587224977165
2.4592043493837784e6	-20.826027238802308
2.4592043516985932e6	-20.807349628711755
2.4592043540134076e6	-20.78855450398807
2.4592043563282224e6	-20.76964196322291
2.4592043586430373e6	-20.750612117002067
2.459204360957852e6	-20.73146507280476
2.459204363272667e6	-20.712200938772124
2.4592043655874818e6	-20.692819823706618
2.4592043679022966e6	-20.673321837071395
2.4592043702171114e6	-20.653707088989695
2.4592043725319263e6	-20.63397569024421
2.459204374846741e6	-20.61412775227647
2.459204377161556e6	-20.59416338718622
2.4592043794763708e6	-20.574082707730767
2.4592043817911856e6	-20.553885827324354
2.4592043841060004e6	-20.533572860037523
2.4592043864208153e6	-20.51314392059646
2.45920438873563e6	-20.492599124382355
2.459204391050445e6	-20.471938587430753
2.4592043933652597e6	-20.4511624264309
2.4592043956800746e6	-20.430270758725065
2.4592043979948894e6	-20.409263702307896
2.4592044003097042e6	-20.388141375825747
2.459204402624519e6	-20.366903898576016
2.459204404939334e6	-20.345551390506454
2.4592044072541487e6	-20.324083972214503
2.4592044095689636e6	-20.302501764946612
2.4592044118837784e6	-20.28080489059754
2.4592044141985932e6	-20.2589934717097
2.4592044165134076e6	-20.237067635894647
2.4592044188282224e6	-20.215027498166485
2.4592044211430373e6	-20.192873187405567
2.459204423457852e6	-20.170604828737854
2.459204425772667e6	-20.148222547933454
2.4592044280874818e6	-20.125726471405887
2.4592044304022966e6	-20.10311672621139
2.4592044327171114e6	-20.080393440048187
2.4592044350319263e6	-20.057556741255777
2.459204437346741e6	-20.03460675881421
2.459204439661556e6	-20.011543622343346
2.4592044419763708e6	-19.988367462102133
2.4592044442911856e6	-19.96507840898787
2.4592044466060004e6	-19.94167659453547
2.4592044489208153e6	-19.918162150916707
2.45920445123563e6	-19.894535210939484
2.459204453550445e6	-19.870795908047075
2.4592044558652597e6	-19.84694437631736
2.4592044581800746e6	-19.82298075046209
2.4592044604948894e6	-19.79890516582612
2.4592044628097042e6	-19.77471775838663
2.459204465124519e6	-19.75041866475237
2.459204467439334e6	-19.726008022162894
2.4592044697541487e6	-19.701485968487763
2.4592044720689636e6	-19.676852642225782
2.4592044743837784e6	-19.652108182504225
2.4592044766985932e6	-19.627252729078037
2.4592044790134076e6	-19.602286427362547
2.4592044813282224e6	-19.577209408320925
2.4592044836430373e6	-19.552021818597595
2.459204485957852e6	-19.526723800450277
2.459204488272667e6	-19.50131549676037
2.4592044905874818e6	-19.47579705103216
2.4592044929022966e6	-19.450168607392
2.4592044952171114e6	-19.42443031058752
2.4592044975319263e6	-19.398582305986782
2.459204499846741e6	-19.372624739577464
2.459204502161556e6	-19.346557757966057
2.4592045044763708e6	-19.320381508377007
2.4592045067911856e6	-19.294096138651916
2.4592045091060004e6	-19.267701797248655
2.4592045114208153e6	-19.2411986332406
2.45920451373563e6	-19.214586796315725
2.459204516050445e6	-19.187866436775785
2.4592045183652597e6	-19.16103770553546
2.4592045206800746e6	-19.134100754121512
2.4592045229948894e6	-19.10705573467192
2.4592045253097042e6	-19.07990279993503
2.459204527624519e6	-19.052642103268674
2.459204529939334e6	-19.02527379863932
2.4592045322541487e6	-18.9977980406212
2.4592045345689636e6	-18.97021498439544
2.4592045368837784e6	-18.942524785749168
2.4592045391985932e6	-18.914727601074652
2.4592045415134076e6	-18.88682359299247
2.4592045438282224e6	-18.858812907875816
2.4592045461430373e6	-18.83069570952963
2.459204548457852e6	-18.80247215675784
2.459204550772667e6	-18.774142408965062
2.4592045530874818e6	-18.745706626155688
2.4592045554022966e6	-18.717164968932988
2.4592045577171114e6	-18.688517598498212
2.4592045600319263e6	-18.659764676649655
2.459204562346741e6	-18.63090636578177
2.459204564661556e6	-18.60194282888424
2.4592045669763708e6	-18.57287422954106
2.4592045692911856e6	-18.54370073192959
2.4592045716060004e6	-18.514422500819677
2.4592045739208153e6	-18.485039701572674
2.45920457623563e6	-18.455552500140538
2.459204578550445e6	-18.425961063064868
2.4592045808652597e6	-18.396265557476006
2.4592045831800746e6	-18.366466151092034
2.4592045854948894e6	-18.33656301221788
2.4592045878097042e6	-18.306556309744334
2.459204590124519e6	-18.276446213147118
2.459204592439334e6	-18.246232892485903
2.4592045947541487e6	-18.21591651840337
2.4592045970689636e6	-18.185497262124223
2.4592045993837784e6	-18.15497529545427
2.4592046016985932e6	-18.1243507907794
2.4592046040134076e6	-18.0936239272561
2.4592046063282224e6	-18.062794866065122
2.4592046086430373e6	-18.031863787497706
2.459204610957852e6	-18.000830866250382
2.459204613272667e6	-17.96969627759487
2.4592046155874818e6	-17.938460197377108
2.4592046179022966e6	-17.907122802016243
2.4592046202171114e6	-17.87568426850365
2.4592046225319263e6	-17.844144774401926
2.459204624846741e6	-17.812504497843882
2.459204627161556e6	-17.780763617531534
2.4592046294763708e6	-17.74892231273512
2.4592046317911856e6	-17.716980763292057
2.4592046341060004e6	-17.684939149605928
2.4592046364208153e6	-17.65279765264549
2.45920463873563e6	-17.620556453943617
2.459204641050445e6	-17.5882157355963
2.4592046433652597e6	-17.555775680261615
2.4592046456800746e6	-17.523236471158672
2.4592046479948894e6	-17.490598292066604
2.4592046503097042e6	-17.45786132732352
2.459204652624519e6	-17.425025761825456
2.459204654939334e6	-17.392091781025343
2.4592046572541487e6	-17.359059570931958
2.4592046595689636e6	-17.32592931810887
2.4592046618837784e6	-17.29270120967337
2.4592046641985932e6	-17.259375433295457
2.4592046665134076e6	-17.225952183930133
2.4592046688282224e6	-17.192431636902313
2.4592046711430373e6	-17.158813988247466
2.459204673457852e6	-17.12509942783567
2.459204675772667e6	-17.09128814608436
2.4592046780874818e6	-17.05738033395724
2.4592046804022966e6	-17.02337618296322
2.4592046827171114e6	-16.98927588515531
2.4592046850319263e6	-16.95507963312956
2.459204687346741e6	-16.920787620023965
2.459204689661556e6	-16.886400039517362
2.4592046919763708e6	-16.85191708582836
2.4592046942911856e6	-16.817338953714213
2.4592046966060004e6	-16.78266583846975
2.4592046989208153e6	-16.74789793592624
2.45920470123563e6	-16.713035442450334
2.459204703550445e6	-16.678078554942893
2.4592047058652597e6	-16.64302747083793
2.4592047081800746e6	-16.60788238810146
2.4592047104948894e6	-16.572643505230406
2.4592047128097042e6	-16.53731102125147
2.459204715124519e6	-16.50188513571998
2.459204717439334e6	-16.466366048718836
2.4592047197541487e6	-16.43075396085729
2.4592047220689636e6	-16.395049073269885
2.4592047243837784e6	-16.35925158761527
2.4592047266985932e6	-16.323361706075083
2.4592047290134076e6	-16.28737963860045
2.4592047313282224e6	-16.25130557393879
2.4592047336430373e6	-16.215139723062947
2.459204735957852e6	-16.17888229023507
2.459204738272667e6	-16.142533480234547
2.4592047405874818e6	-16.106093498356866
2.4592047429022966e6	-16.069562550412435
2.4592047452171114e6	-16.03294084272546
2.4592047475319263e6	-15.996228582132714
2.459204749846741e6	-15.959425975982441
2.459204752161556e6	-15.922533232133121
2.4592047544763708e6	-15.885550558952342
2.4592047567911856e6	-15.84847816531561
2.4592047591060004e6	-15.811316260605151
2.4592047614208153e6	-15.774065054708752
2.45920476373563e6	-15.736724758018566
2.459204766050445e6	-15.69929558142993
2.4592047683652597e6	-15.661777736340152
2.4592047706800746e6	-15.624171434647353
2.4592047729948894e6	-15.586476888749234
2.4592047753097042e6	-15.548694311541906
2.459204777624519e6	-15.510823916418666
2.459204779939334e6	-15.472865917268807
2.4592047822541487e6	-15.434820528476395
2.4592047845689636e6	-15.396687964919069
2.4592047868837784e6	-15.358468441966835
2.4592047891985932e6	-15.320162175480826
2.4592047915134076e6	-15.281769389544095
2.4592047938282224e6	-15.243290285549758
2.4592047961430373e6	-15.20472508853965
2.459204798457852e6	-15.16607401632726
2.459204800772667e6	-15.12733728721108
2.4592048030874818e6	-15.088515119973394
2.4592048054022966e6	-15.049607733879036
2.4592048077171114e6	-15.010615348674136
2.4592048100319263e6	-14.971538184584915
2.459204812346741e6	-14.9323764623164
2.459204814661556e6	-14.893130403051206
2.4592048169763708e6	-14.853800228448273
2.4592048192911856e6	-14.814386160641627
2.4592048216060004e6	-14.7748884222391
2.4592048239208153e6	-14.735307236321107
2.45920482623563e6	-14.69564282643936
2.459204828550445e6	-14.655895416615618
2.4592048308652597e6	-14.616065231340405
2.4592048331800746e6	-14.57615249557178
2.4592048354948894e6	-14.536157434734019
2.4592048378097042e6	-14.49608027471637
2.459204840124519e6	-14.455921241871778
2.459204842439334e6	-14.41568056301559
2.4592048447541487e6	-14.37535846542429
2.4592048470689636e6	-14.334955176834209
2.4592048493837784e6	-14.294470925440237
2.4592048516985932e6	-14.253905939894537
2.4592048540134076e6	-14.213260457489817
2.4592048563282224e6	-14.1725346914359
2.4592048586430373e6	-14.131728879917405
2.459204860957852e6	-14.090843253402644
2.459204863272667e6	-14.049878042810713
2.4592048655874818e6	-14.008833479510201
2.4592048679022966e6	-13.967709795317873
2.4592048702171114e6	-13.926507222497364
2.4592048725319263e6	-13.885225993757858
2.459204874846741e6	-13.843866342252797
2.459204877161556e6	-13.802428501578538
2.4592048794763708e6	-13.760912705773046
2.4592048817911856e6	-13.719319189314579
2.4592048841060004e6	-13.677648187120344
2.4592048864208153e6	-13.63589993454519
2.45920488873563e6	-13.594074667380271
2.459204891050445e6	-13.552172621851689
2.4592048933652597e6	-13.510194034619245
2.4592048956800746e6	-13.468139142774985
2.4592048979948894e6	-13.426008183841939
2.4592049003097042e6	-13.383801395772755
2.459204902624519e6	-13.34151901694836
2.459204904939334e6	-13.299161286176613
2.4592049072541487e6	-13.256728442690957
2.4592049095689636e6	-13.214220726149057
2.4592049118837784e6	-13.171638376631467
2.4592049141985932e6	-13.128981634640265
2.4592049165134076e6	-13.086250749701108
2.4592049188282224e6	-13.043445945963017
2.4592049211430373e6	-13.000567473773009
2.459204923457852e6	-12.957615575305631
2.459204925772667e6	-12.914590493150147
2.4592049280874818e6	-12.871492470309146
2.4592049304022966e6	-12.828321750197187
2.4592049327171114e6	-12.785078576639417
2.4592049350319263e6	-12.741763193870192
2.459204937346741e6	-12.698375846531707
2.459204939661556e6	-12.6549167796726
2.4592049419763708e6	-12.611386238746585
2.4592049442911856e6	-12.567784469611043
2.4592049466060004e6	-12.524111718525656
2.4592049489208153e6	-12.480368232151013
2.45920495123563e6	-12.436554257547193
2.459204953550445e6	-12.392670042172407
2.4592049558652597e6	-12.348715833881569
2.4592049581800746e6	-12.304691880924908
2.4592049604948894e6	-12.26059843194657
2.4592049628097042e6	-12.216435735983213
2.459204965124519e6	-12.172204042462585
2.459204967439334e6	-12.127903601202139
2.4592049697541487e6	-12.083534662407603
2.4592049720689636e6	-12.039097476671582
2.4592049743837784e6	-11.994592294972124
2.4592049766985932e6	-11.950019368671327
2.4592049790134076e6	-11.905378958500767
2.4592049813282224e6	-11.8606712986261
2.4592049836430373e6	-11.815896650526318
2.459204985957852e6	-11.77105526708544
2.459204988272667e6	-11.726147401564399
2.4592049905874818e6	-11.681173307599618
2.4592049929022966e6	-11.636133239201566
2.4592049952171114e6	-11.591027450753343
2.4592049975319263e6	-11.545856197009213
2.459204999846741e6	-11.500619733093199
2.459205002161556e6	-11.455318314497621
2.4592050044763708e6	-11.409952197081658
2.4592050067911856e6	-11.364521637069908
2.4592050091060004e6	-11.319026891050925
2.4592050114208153e6	-11.273468215975791
2.45920501373563e6	-11.227845869156653
2.459205016050445e6	-11.18216010826527
2.4592050183652597e6	-11.136411191331558
2.4592050206800746e6	-11.090599376742134
2.4592050229948894e6	-11.04472492323886
2.4592050253097042e6	-10.998788089917374
2.459205027624519e6	-10.952789136225634
2.459205029939334e6	-10.90672832196245
2.4592050322541487e6	-10.86060590727601
2.4592050345689636e6	-10.814422152662424
2.4592050368837784e6	-10.76817731896424
2.4592050391985932e6	-10.721871667368978
2.4592050415134076e6	-10.675505468741008
2.4592050438282224e6	-10.62907896629876
2.4592050461430373e6	-10.582592431577009
2.459205048457852e6	-10.53604612712838
2.459205050772667e6	-10.489440315843082
2.4592050530874818e6	-10.44277526094741
2.4592050554022966e6	-10.396051226002264
2.4592050577171114e6	-10.34926847490166
2.4592050600319263e6	-10.302427271871236
2.459205062346741e6	-10.255527881466769
2.459205064661556e6	-10.208570568572663
2.4592050669763708e6	-10.161555598400472
2.4592050692911856e6	-10.114483236487395
2.4592050716060004e6	-10.06735374869477
2.4592050739208153e6	-10.020167401206585
2.45920507623563e6	-9.972924460527958
2.459205078550445e6	-9.92562519348365
2.4592050808652597e6	-9.878269867216547
2.4592050831800746e6	-9.83085874918615
2.4592050854948894e6	-9.78339210716707
2.4592050878097042e6	-9.735870209247517
2.459205090124519e6	-9.688293323827777
2.459205092439334e6	-9.640661719618704
2.4592050947541487e6	-9.592975665640198
2.4592050970689636e6	-9.545235431219695
2.4592050993837784e6	-9.497441285990625
2.4592051016985932e6	-9.449593499890911
2.4592051040134076e6	-9.401692352802861
2.4592051063282224e6	-9.353738095996597
2.4592051086430373e6	-9.30573100994505
2.459205110957852e6	-9.257671365788822
2.459205113272667e6	-9.20955943496535
2.4592051155874818e6	-9.161395489207388
2.4592051179022966e6	-9.113179800541461
2.4592051202171114e6	-9.064912641286343
2.4592051225319263e6	-9.016594284051502
2.459205124846741e6	-8.968225001735568
2.459205127161556e6	-8.919805067524788
2.4592051294763708e6	-8.871334754891523
2.4592051317911856e6	-8.822814337592622
2.4592051341060004e6	-8.774244089667942
2.4592051364208153e6	-8.725624285438776
2.45920513873563e6	-8.676955199506313
2.459205141050445e6	-8.628237106750072
2.4592051433652597e6	-8.579470282326366
2.4592051456800746e6	-8.530655001666739
2.4592051479948894e6	-8.481791540476413
2.4592051503097042e6	-8.432880174732732
2.459205152624519e6	-8.383921180683597
2.459205154939334e6	-8.334914834845913
2.4592051572541487e6	-8.285861414004023
2.4592051595689636e6	-8.23676119520815
2.4592051618837784e6	-8.187614455772824
2.4592051641985932e6	-8.138421473275322
2.4592051665134076e6	-8.089182535463898
2.4592051688282224e6	-8.039897900626181
2.4592051711430373e6	-7.990567857018852
2.459205173457852e6	-7.941192683254477
2.459205175772667e6	-7.891772658200512
2.4592051780874818e6	-7.842308060977735
2.4592051804022966e6	-7.792799170958658
2.4592051827171114e6	-7.743246267765962
2.4592051850319263e6	-7.693649631270906
2.459205187346741e6	-7.644009541591753
2.459205189661556e6	-7.594326279092189
2.4592051919763708e6	-7.544600124379735
2.4592051942911856e6	-7.4948313583041655
2.4592051966060004e6	-7.445020261955916
2.4592051989208153e6	-7.395167116664507
2.45920520123563e6	-7.345272203996944
2.459205203550445e6	-7.2953358057561335
2.4592052058652597e6	-7.2453582039792925
2.4592052081800746e6	-7.195339680936345
2.4592052104948894e6	-7.145280519128342
2.4592052128097042e6	-7.095181001285856
2.459205215124519e6	-7.0450414103673715
2.459205217439334e6	-6.9948620295577575
2.4592052197541487e6	-6.944643142266554
2.4592052220689636e6	-6.894385032126458
2.4592052243837784e6	-6.844087982991685
2.4592052266985932e6	-6.79375227893638
2.4592052290134076e6	-6.743378214390389
2.4592052313282224e6	-6.692966053595762
2.4592052336430373e6	-6.6425160914064785
2.459205235957852e6	-6.5920286127603225
2.459205238272667e6	-6.541503902806971
2.4592052405874818e6	-6.49094224690638
2.4592052429022966e6	-6.440343930627177
2.4592052452171114e6	-6.389709239745035
2.4592052475319263e6	-6.339038460241082
2.459205249846741e6	-6.28833187830026
2.459205252161556e6	-6.237589780309728
2.4592052544763708e6	-6.186812452857233
2.4592052567911856e6	-6.136000182729497
2.4592052591060004e6	-6.085153256910598
2.4592052614208153e6	-6.03427196258034
2.45920526373563e6	-5.983356587112648
2.459205266050445e6	-5.932407418073924
2.4592052683652597e6	-5.8814247432214435
2.4592052706800746e6	-5.830408850501713
2.4592052729948894e6	-5.779360028048855
2.4592052753097042e6	-5.728278564182975
2.459205277624519e6	-5.677164747408538
2.459205279939334e6	-5.62601886641273
2.4592052822541487e6	-5.57484121006384
2.4592052845689636e6	-5.523632067409618
2.4592052868837784e6	-5.4723917276756495
2.4592052891985932e6	-5.421120480263714
2.4592052915134076e6	-5.369818625073379
2.4592052938282224e6	-5.318486431213551
2.4592052961430373e6	-5.26712419892189
2.459205298457852e6	-5.215732218288617
2.459205300772667e6	-5.164310779571972
2.4592053030874818e6	-5.11286017319657
2.4592053054022966e6	-5.061380689751766
2.4592053077171114e6	-5.009872619990008
2.4592053100319263e6	-4.9583362548251975
2.459205312346741e6	-4.90677188533105
2.459205314661556e6	-4.8551798027394435
2.4592053169763708e6	-4.803560298438777
2.4592053192911856e6	-4.75191366397233
2.4592053216060004e6	-4.700240191036607
2.4592053239208153e6	-4.648540171479696
2.45920532623563e6	-4.596813897299617
2.459205328550445e6	-4.545061660642677
2.4592053308652597e6	-4.493283753801815
2.4592053331800746e6	-4.441480469214953
2.4592053354948894e6	-4.389652099463348
2.4592053378097042e6	-4.33779893726993
2.459205340124519e6	-4.285921275497663
2.459205342439334e6	-4.234019407147877
2.4592053447541487e6	-4.182093625358621
2.4592053470689636e6	-4.130144223403002
2.4592053493837784e6	-4.078171494687541
2.4592053516985932e6	-4.026175732750496
2.4592053540134076e6	-3.974157241726831
2.4592053563282224e6	-3.922116294484598
2.4592053586430373e6	-3.870053195409417
2.459205360957852e6	-3.817968238549938
2.459205363272667e6	-3.7658617180783183
2.4592053655874818e6	-3.7137339282884483
2.4592053679022966e6	-3.6615851635943644
2.4592053702171114e6	-3.6094157185285694
2.4592053725319263e6	-3.557225887740364
2.459205374846741e6	-3.505015965994191
2.459205377161556e6	-3.4527862481679605
2.4592053794763708e6	-3.4005370292513923
2.4592053817911856e6	-3.3482686043443466
2.4592053841060004e6	-3.2959812686551575
2.4592053864208153e6	-3.2436753174989654
2.45920538873563e6	-3.1913510462960497
2.459205391050445e6	-3.1390087505701607
2.4592053933652597e6	-3.0866487259468487
2.4592053956800746e6	-3.0342712681517976
2.4592053979948894e6	-2.9818766730091504
2.4592054003097042e6	-2.9294652364398415
2.459205402624519e6	-2.877037254459925
2.459205404939334e6	-2.824593023178902
2.4592054072541487e6	-2.7721328387980484
2.4592054095689636e6	-2.7196569976087406
2.4592054118837784e6	-2.667165795990787
2.4592054141985932e6	-2.6146595304107474
2.4592054165134076e6	-2.562138507987162
2.4592054188282224e6	-2.5096030042241604
2.4592054211430373e6	-2.457053326402477
2.459205423457852e6	-2.404489771318943
2.459205425772667e6	-2.3519126358487643
2.4592054280874818e6	-2.2993222169438527
2.4592054304022966e6	-2.2467188116311405
2.4592054327171114e6	-2.1941027170109066
2.4592054350319263e6	-2.1414742302550986
2.459205437346741e6	-2.0888336486056547
