2.4591993216060004e6	-1.660438381178321
2.4591993239208153e6	-1.6580618435081167
2.45919932623563e6	-1.6556853058379124
2.459199328550445e6	-1.653308768167708
2.4591993308652597e6	-1.6509322304975038
2.4591993331800746e6	-1.6485556928272995
2.4591993354948894e6	-1.6461791551570952
2.4591993378097042e6	-1.643802617486891
2.459199340124519e6	-1.6414260798166866
2.459199342439334e6	-1.6390495421464824
2.4591993447541487e6	-1.636673004476278
2.4591993470689636e6	-1.6342964668060735
2.4591993493837784e6	-1.6319199291358693
2.4591993516985932e6	-1.629543391465665
2.4591993540134076e6	-1.6271668542735385
2.4591993563282224e6	-1.6247903166033342
2.4591993586430373e6	-1.6224137789331299
2.459199360957852e6	-1.6200372412629256
2.459199363272667e6	-1.6176607035927213
2.4591993655874818e6	-1.615284165922517
2.4591993679022966e6	-1.6129076282523127
2.4591993702171114e6	-1.6105310905821084
2.4591993725319263e6	-1.6081545529119041
2.459199374846741e6	-1.6057780152416998
2.459199377161556e6	-1.6034014775714953
2.4591993794763708e6	-1.601024939901291
2.4591993817911856e6	-1.5986484022310867
2.4591993841060004e6	-1.5962718645608824
2.4591993864208153e6	-1.5938953268906781
2.45919938873563e6	-1.5915187892204739
2.459199391050445e6	-1.5891422515502696
2.4591993933652597e6	-1.5867657138800653
2.4591993956800746e6	-1.584389176209861
2.4591993979948894e6	-1.5820126385396567
2.4591994003097042e6	-1.5796361008694524
2.459199402624519e6	-1.577259563199248
2.459199404939334e6	-1.5748830255290436
2.4591994072541487e6	-1.5725064878588393
2.4591994095689636e6	-1.570129950188635
2.4591994118837784e6	-1.5677534125184307
2.4591994141985932e6	-1.5653768748482264
2.4591994165134076e6	-1.5630003376561
2.4591994188282224e6	-1.5606237999858956
2.4591994211430373e6	-1.5582472623156913
2.459199423457852e6	-1.555870724645487
2.459199425772667e6	-1.5534941869752827
2.4591994280874818e6	-1.5511176493050784
2.4591994304022966e6	-1.5487411116348742
2.4591994327171114e6	-1.5463645739646699
2.4591994350319263e6	-1.5439880362944653
2.459199437346741e6	-1.541611498624261
2.459199439661556e6	-1.5392349609540568
2.4591994419763708e6	-1.5368584232838525
2.4591994442911856e6	-1.5344818856136482
2.4591994466060004e6	-1.5321053479434439
2.4591994489208153e6	-1.5297288102732396
2.45919945123563e6	-1.5273522726030353
2.459199453550445e6	-1.524975734932831
2.4591994558652597e6	-1.5225991972626267
2.4591994581800746e6	-1.5202226595924224
2.4591994604948894e6	-1.5178461219222181
2.4591994628097042e6	-1.5154695842520138
2.459199465124519e6	-1.5130930465818093
2.459199467439334e6	-1.510716508911605
2.4591994697541487e6	-1.5083399712414007
2.4591994720689636e6	-1.5059634335711964
2.4591994743837784e6	-1.5035868959009921
2.4591994766985932e6	-1.5012103582307879
2.4591994790134076e6	-1.4988338210386614
2.4591994813282224e6	-1.496457283368457
2.4591994836430373e6	-1.4940807456982528
2.459199485957852e6	-1.4917042080280485
2.459199488272667e6	-1.4893276703578442
2.4591994905874818e6	-1.48695113268764
2.4591994929022966e6	-1.4845745950174354
2.4591994952171114e6	-1.482198057347231
2.4591994975319263e6	-1.4798215196770268
2.459199499846741e6	-1.4774449820068225
2.459199502161556e6	-1.4750684443366182
2.4591995044763708e6	-1.472691906666414
2.4591995067911856e6	-1.4703153689962096
2.4591995091060004e6	-1.4679388313260053
2.4591995114208153e6	-1.465562293655801
2.45919951373563e6	-1.4631857559855967
2.459199516050445e6	-1.4608092183153925
2.4591995183652597e6	-1.4584326806451882
2.4591995206800746e6	-1.4560561429749839
2.4591995229948894e6	-1.4536796053047794
2.4591995253097042e6	-1.451303067634575
2.459199527624519e6	-1.4489265299643708
2.459199529939334e6	-1.4465499922941665
2.4591995322541487e6	-1.4441734546239622
2.4591995345689636e6	-1.441796916953758
2.4591995368837784e6	-1.4394203792835536
2.4591995391985932e6	-1.4370438416133493
2.4591995415134076e6	-1.4346673044212228
2.4591995438282224e6	-1.4322907667510185
2.4591995461430373e6	-1.4299142290808142
2.459199548457852e6	-1.42753769141061
2.459199550772667e6	-1.4251611537404056
2.4591995530874818e6	-1.4227846160702011
2.4591995554022966e6	-1.4204080783999968
2.4591995577171114e6	-1.4180315407297925
2.4591995600319263e6	-1.4156550030595882
2.459199562346741e6	-1.413278465389384
2.459199564661556e6	-1.4109019277191797
2.4591995669763708e6	-1.4085253900489754
2.4591995692911856e6	-1.406148852378771
2.4591995716060004e6	-1.4037723147085668
2.4591995739208153e6	-1.4013957770383625
2.45919957623563e6	-1.3990192393681582
2.459199578550445e6	-1.396642701697954
2.4591995808652597e6	-1.3942661640277494
2.4591995831800746e6	-1.391889626357545
2.4591995854948894e6	-1.3895130886873408
2.4591995878097042e6	-1.3871365510171365
2.459199590124519e6	-1.3847600133469322
2.459199592439334e6	-1.382383475676728
2.4591995947541487e6	-1.3800069380065236
2.4591995970689636e6	-1.3776304003363193
2.4591995993837784e6	-1.375253862666115
2.4591996016985932e6	-1.3728773249959108
2.4591996040134076e6	-1.3705007878037843
2.4591996063282224e6	-1.36812425013358
2.4591996086430373e6	-1.3657477124633757
2.459199610957852e6	-1.3633711747931712
2.459199613272667e6	-1.3609946371229669
2.4591996155874818e6	-1.3586180994527626
2.4591996179022966e6	-1.3562415617825583
2.4591996202171114e6	-1.353865024112354
2.4591996225319263e6	-1.3514884864421497
2.459199624846741e6	-1.3491119487719454
2.459199627161556e6	-1.346735411101741
2.4591996294763708e6	-1.3443588734315368
2.4591996317911856e6	-1.3419823357613325
2.4591996341060004e6	-1.3396057980911282
2.4591996364208153e6	-1.337229260420924
2.45919963873563e6	-1.3348527227507196
2.459199641050445e6	-1.3324761850805151
2.4591996433652597e6	-1.3300996474103108
2.4591996456800746e6	-1.3277231097401065
2.4591996479948894e6	-1.3253465720699023
2.4591996503097042e6	-1.322970034399698
2.459199652624519e6	-1.3205934967294937
2.459199654939334e6	-1.3182169590592894
2.4591996572541487e6	-1.315840421389085
2.4591996595689636e6	-1.3134638837188808
2.4591996618837784e6	-1.3110873460486765
2.4591996641985932e6	-1.3087108083784722
2.4591996665134076e6	-1.3063342711863457
2.4591996688282224e6	-1.3039577335161414
2.4591996711430373e6	-1.301581195845937
2.459199673457852e6	-1.2992046581757326
2.459199675772667e6	-1.2968281205055283
2.4591996780874818e6	-1.294451582835324
2.4591996804022966e6	-1.2920750451651197
2.4591996827171114e6	-1.2896985074949154
2.4591996850319263e6	-1.2873219698247111
2.459199687346741e6	-1.2849454321545069
2.459199689661556e6	-1.2825688944843026
2.4591996919763708e6	-1.2801923568140983
2.4591996942911856e6	-1.277815819143894
2.4591996966060004e6	-1.2754392814736897
2.4591996989208153e6	-1.2730627438034852
2.45919970123563e6	-1.2706862061332809
2.459199703550445e6	-1.2683096684630766
2.4591997058652597e6	-1.2659331307928723
2.4591997081800746e6	-1.263556593122668
2.4591997104948894e6	-1.2611800554524637
2.4591997128097042e6	-1.2588035177822594
2.459199715124519e6	-1.2564269801120551
2.459199717439334e6	-1.2540504424418508
2.4591997197541487e6	-1.2516739047716465
2.4591997220689636e6	-1.2492973671014422
2.4591997243837784e6	-1.246920829431238
2.4591997266985932e6	-1.2445442917610336
2.4591997290134076e6	-1.242167754568907
2.4591997313282224e6	-1.2397912168987026
2.4591997336430373e6	-1.2374146792284983
2.459199735957852e6	-1.235038141558294
2.459199738272667e6	-1.2326616038880898
2.4591997405874818e6	-1.2302850662178855
2.4591997429022966e6	-1.2279085285476812
2.4591997452171114e6	-1.2255319908774769
2.4591997475319263e6	-1.2231554532072726
2.459199749846741e6	-1.2207789155370683
2.459199752161556e6	-1.218402377866864
2.4591997544763708e6	-1.2160258401966597
2.4591997567911856e6	-1.2136493025264554
2.4591997591060004e6	-1.211272764856251
2.4591997614208153e6	-1.2088962271860466
2.45919976373563e6	-1.2065196895158423
2.459199766050445e6	-1.204143151845638
2.4591997683652597e6	-1.2017666141754337
2.4591997706800746e6	-1.1993900765052294
2.4591997729948894e6	-1.1970135388350251
2.4591997753097042e6	-1.1946370011648209
2.459199777624519e6	-1.1922604634946166
2.459199779939334e6	-1.1898839258244123
2.4591997822541487e6	-1.187507388154208
2.4591997845689636e6	-1.1851308504840037
2.4591997868837784e6	-1.1827543128137992
2.4591997891985932e6	-1.1803777751435949
2.4591997915134076e6	-1.1780012379514684
2.4591997938282224e6	-1.175624700281264
2.4591997961430373e6	-1.1732481626110598
2.459199798457852e6	-1.1708716249408555
2.459199800772667e6	-1.1684950872706512
2.4591998030874818e6	-1.166118549600447
2.4591998054022966e6	-1.1637420119302426
2.4591998077171114e6	-1.1613654742600383
2.4591998100319263e6	-1.158988936589834
2.459199812346741e6	-1.1566123989196297
2.459199814661556e6	-1.1542358612494255
2.4591998169763708e6	-1.151859323579221
2.4591998192911856e6	-1.1494827859090166
2.4591998216060004e6	-1.1471062482388124
2.4591998239208153e6	-1.144729710568608
2.45919982623563e6	-1.1423531728984038
2.459199828550445e6	-1.1399766352281995
2.4591998308652597e6	-1.1376000975579952
2.4591998331800746e6	-1.135223559887791
2.4591998354948894e6	-1.1328470222175866
2.4591998378097042e6	-1.1304704845473823
2.459199840124519e6	-1.128093946877178
2.459199842439334e6	-1.1257174092069737
2.4591998447541487e6	-1.1233408715367694
2.4591998470689636e6	-1.120964333866565
2.4591998493837784e6	-1.1185877961963606
2.4591998516985932e6	-1.1162112585261563
2.4591998540134076e6	-1.1138347213340298
2.4591998563282224e6	-1.1114581836638255
2.4591998586430373e6	-1.1090816459936212
2.459199860957852e6	-1.106705108323417
2.459199863272667e6	-1.1043285706532127
2.4591998655874818e6	-1.1019520329830084
2.4591998679022966e6	-1.099575495312804
2.4591998702171114e6	-1.0971989576425998
2.4591998725319263e6	-1.0948224199723955
2.459199874846741e6	-1.0924458823021912
2.459199877161556e6	-1.0900693446319867
2.4591998794763708e6	-1.0876928069617824
2.4591998817911856e6	-1.085316269291578
2.4591998841060004e6	-1.0829397316213738
2.4591998864208153e6	-1.0805631939511695
2.45919988873563e6	-1.0781866562809652
2.459199891050445e6	-1.075810118610761
2.4591998933652597e6	-1.0734335809405566
2.4591998956800746e6	-1.0710570432703523
2.4591998979948894e6	-1.068680505600148
2.4591999003097042e6	-1.0663039679299438
2.459199902624519e6	-1.0639274302597395
2.459199904939334e6	-1.061550892589535
2.4591999072541487e6	-1.0591743549193307
2.4591999095689636e6	-1.0567978172491264
2.4591999118837784e6	-1.054421279578922
2.4591999141985932e6	-1.0520447419087178
2.4591999165134076e6	-1.0496682047165913
2.4591999188282224e6	-1.047291667046387
2.4591999211430373e6	-1.0449151293761827
2.459199923457852e6	-1.0425385917059784
2.459199925772667e6	-1.040162054035774
2.4591999280874818e6	-1.0377855163655698
2.4591999304022966e6	-1.0354089786953655
2.4591999327171114e6	-1.0330324410251612
2.4591999350319263e6	-1.0306559033549567
2.459199937346741e6	-1.0282793656847524
2.459199939661556e6	-1.0259028280145481
2.4591999419763708e6	-1.0235262903443438
2.4591999442911856e6	-1.0211497526741395
2.4591999466060004e6	-1.0187732150039353
2.4591999489208153e6	-1.016396677333731
2.45919995123563e6	-1.0140201396635267
2.459199953550445e6	-1.0116436019933224
2.4591999558652597e6	-1.009267064323118
2.4591999581800746e6	-1.0068905266529138
2.4591999604948894e6	-1.0045139889827095
2.4591999628097042e6	-1.0021374513125052
2.459199965124519e6	-0.9997609136423008
2.459199967439334e6	-0.9973843759720965
2.4591999697541487e6	-0.9950078383018922
2.4591999720689636e6	-0.9926313006316878
2.4591999743837784e6	-0.9902547629614835
2.4591999766985932e6	-0.9878782252912792
2.4591999790134076e6	-0.9855016880991527
2.4591999813282224e6	-0.9831251504289484
2.4591999836430373e6	-0.9807486127587441
2.459199985957852e6	-0.9783720750885397
2.459199988272667e6	-0.9759955374183354
2.4591999905874818e6	-0.9736189997481312
2.4591999929022966e6	-0.9712424620779269
2.4591999952171114e6	-0.9688659244077226
2.4591999975319263e6	-0.9664893867375183
2.459199999846741e6	-0.964112849067314
2.459200002161556e6	-0.9617363113971096
2.4592000044763708e6	-0.9593597737269053
2.4592000067911856e6	-0.956983236056701
2.4592000091060004e6	-0.9546066983864967
2.4592000114208153e6	-0.9522301607162924
2.45920001373563e6	-0.9498536230460881
2.459200016050445e6	-0.9474770853758837
2.4592000183652597e6	-0.9451005477056794
2.4592000206800746e6	-0.9427240100354751
2.4592000229948894e6	-0.9403474723652708
2.4592000253097042e6	-0.9379709346950665
2.459200027624519e6	-0.9355943970248622
2.459200029939334e6	-0.9332178593546578
2.4592000322541487e6	-0.9308413216844535
2.4592000345689636e6	-0.9284647840142493
2.4592000368837784e6	-0.926088246344045
2.4592000391985932e6	-0.9237117086738407
2.4592000415134076e6	-0.9213351714817142
2.4592000438282224e6	-0.9189586338115099
2.4592000461430373e6	-0.9165820961413055
2.459200048457852e6	-0.9142055584711012
2.459200050772667e6	-0.9118290208008969
2.4592000530874818e6	-0.9094524831306926
2.4592000554022966e6	-0.9070759454604883
2.4592000577171114e6	-0.904699407790284
2.4592000600319263e6	-0.9023228701200796
2.459200062346741e6	-0.8999463324498753
2.459200064661556e6	-0.897569794779671
2.4592000669763708e6	-0.8951932571094667
2.4592000692911856e6	-0.8928167194392624
2.4592000716060004e6	-0.8904401817690581
2.4592000739208153e6	-0.8880636440988537
2.45920007623563e6	-0.8856871064286495
2.459200078550445e6	-0.8833105687584452
2.4592000808652597e6	-0.8809340310882409
2.4592000831800746e6	-0.8785574934180366
2.4592000854948894e6	-0.8761809557478323
2.4592000878097042e6	-0.873804418077628
2.459200090124519e6	-0.8714278804074236
2.459200092439334e6	-0.8690513427372193
2.4592000947541487e6	-0.866674805067015
2.4592000970689636e6	-0.8642982673968107
2.4592000993837784e6	-0.8619217297266064
2.4592001016985932e6	-0.8595451920564021
2.4592001040134076e6	-0.8571686548642755
2.4592001063282224e6	-0.8547921171940712
2.4592001086430373e6	-0.8524155795238669
2.459200110957852e6	-0.8500390418536626
2.459200113272667e6	-0.8476625041834583
2.4592001155874818e6	-0.845285966513254
2.4592001179022966e6	-0.8429094288430496
2.4592001202171114e6	-0.8405328911728454
2.4592001225319263e6	-0.8381563535026411
2.459200124846741e6	-0.8357798158324368
2.459200127161556e6	-0.8334032781622325
2.4592001294763708e6	-0.8310267404920282
2.4592001317911856e6	-0.8286502028218239
2.4592001341060004e6	-0.8262736651516195
2.4592001364208153e6	-0.8238971274814152
2.45920013873563e6	-0.8215205898112109
2.459200141050445e6	-0.8191440521410066
2.4592001433652597e6	-0.8167675144708023
2.4592001456800746e6	-0.814390976800598
2.4592001479948894e6	-0.8120144391303936
2.4592001503097042e6	-0.8096379014601893
2.459200152624519e6	-0.807261363789985
2.459200154939334e6	-0.8048848261197807
2.4592001572541487e6	-0.8025082884495764
2.4592001595689636e6	-0.8001317507793722
2.4592001618837784e6	-0.7977552131091677
2.4592001641985932e6	-0.7953786754389635
2.4592001665134076e6	-0.793002138246837
2.4592001688282224e6	-0.7906256005766327
2.4592001711430373e6	-0.7882490629064284
2.459200173457852e6	-0.7858725252362241
2.459200175772667e6	-0.7834959875660198
2.4592001780874818e6	-0.7811194498958154
2.4592001804022966e6	-0.7787429122256111
2.4592001827171114e6	-0.7763663745554068
2.4592001850319263e6	-0.7739898368852025
2.459200187346741e6	-0.7716132992149982
2.459200189661556e6	-0.7692367615447939
2.4592001919763708e6	-0.7668602238745895
2.4592001942911856e6	-0.7644836862043852
2.4592001966060004e6	-0.7621071485341809
2.4592001989208153e6	-0.7597306108639766
2.45920020123563e6	-0.7573540731937723
2.459200203550445e6	-0.754977535523568
2.4592002058652597e6	-0.7526009978533637
2.4592002081800746e6	-0.7502244601831594
2.4592002104948894e6	-0.7478479225129551
2.4592002128097042e6	-0.7454713848427508
2.459200215124519e6	-0.7430948471725465
2.459200217439334e6	-0.7407183095023422
2.4592002197541487e6	-0.7383417718321379
2.4592002220689636e6	-0.7359652341619335
2.4592002243837784e6	-0.7335886964917292
2.4592002266985932e6	-0.7312121588215249
2.4592002290134076e6	-0.7288356216293984
2.4592002313282224e6	-0.7264590839591941
2.4592002336430373e6	-0.7240825462889898
2.459200235957852e6	-0.7217060086187854
2.459200238272667e6	-0.7193294709485811
2.4592002405874818e6	-0.7169529332783768
2.4592002429022966e6	-0.7145763956081725
2.4592002452171114e6	-0.7121998579379683
2.4592002475319263e6	-0.709823320267764
2.459200249846741e6	-0.7074467825975597
2.459200252161556e6	-0.7050702449273553
2.4592002544763708e6	-0.702693707257151
2.4592002567911856e6	-0.7003171695869467
2.4592002591060004e6	-0.6979406319167424
2.4592002614208153e6	-0.6955640942465381
2.45920026373563e6	-0.6931875565763338
2.459200266050445e6	-0.6908110189061294
2.4592002683652597e6	-0.6884344812359251
2.4592002706800746e6	-0.6860579435657208
2.4592002729948894e6	-0.6836814058955165
2.4592002753097042e6	-0.6813048682253122
2.459200277624519e6	-0.6789283305551079
2.459200279939334e6	-0.6765517928849035
2.4592002822541487e6	-0.6741752552146992
2.4592002845689636e6	-0.6717987175444949
2.4592002868837784e6	-0.6694221798742906
2.4592002891985932e6	-0.6670456422040864
2.4592002915134076e6	-0.6646691050119599
2.4592002938282224e6	-0.6622925673417556
2.4592002961430373e6	-0.6599160296715512
2.459200298457852e6	-0.6575394920013469
2.459200300772667e6	-0.6551629543311426
2.4592003030874818e6	-0.6527864166609383
2.4592003054022966e6	-0.650409878990734
2.4592003077171114e6	-0.6480333413205297
2.4592003100319263e6	-0.6456568036503253
2.459200312346741e6	-0.643280265980121
2.459200314661556e6	-0.6409037283099167
2.4592003169763708e6	-0.6385271906397124
2.4592003192911856e6	-0.6361506529695081
2.4592003216060004e6	-0.6337741152993038
2.4592003239208153e6	-0.6313975776290994
2.45920032623563e6	-0.6290210399588951
2.459200328550445e6	-0.6266445022886908
2.4592003308652597e6	-0.6242679646184865
2.4592003331800746e6	-0.6218914269482823
2.4592003354948894e6	-0.619514889278078
2.4592003378097042e6	-0.6171383516078737
2.459200340124519e6	-0.6147618139376693
2.459200342439334e6	-0.612385276267465
2.4592003447541487e6	-0.6100087385972607
2.4592003470689636e6	-0.6076322009270564
2.4592003493837784e6	-0.6052556632568521
2.4592003516985932e6	-0.6028791255866478
2.4592003540134076e6	-0.6005025883945212
2.4592003563282224e6	-0.5981260507243169
2.4592003586430373e6	-0.5957495130541126
2.459200360957852e6	-0.5933729753839083
2.459200363272667e6	-0.590996437713704
2.4592003655874818e6	-0.5886199000434997
2.4592003679022966e6	-0.5862433623732953
2.4592003702171114e6	-0.583866824703091
2.4592003725319263e6	-0.5814902870328867
2.459200374846741e6	-0.5791137493626825
2.459200377161556e6	-0.5767372116924782
2.4592003794763708e6	-0.5743606740222739
2.4592003817911856e6	-0.5719841363520696
2.4592003841060004e6	-0.5696075986818652
2.4592003864208153e6	-0.5672310610116609
2.45920038873563e6	-0.5648545233414566
2.459200391050445e6	-0.5624779856712523
2.4592003933652597e6	-0.560101448001048
2.4592003956800746e6	-0.5577249103308437
2.4592003979948894e6	-0.5553483726606393
2.4592004003097042e6	-0.552971834990435
2.459200402624519e6	-0.5505952973202307
2.459200404939334e6	-0.5482187596500264
2.4592004072541487e6	-0.5458422219798221
2.4592004095689636e6	-0.5434656843096178
2.4592004118837784e6	-0.5410891466394134
2.4592004141985932e6	-0.5387126089692091
2.4592004165134076e6	-0.5363360717770826
2.4592004188282224e6	-0.5339595341068784
2.4592004211430373e6	-0.5315829964366741
2.459200423457852e6	-0.5292064587664698
2.459200425772667e6	-0.5268299210962655
2.4592004280874818e6	-0.5244533834260611
2.4592004304022966e6	-0.5220768457558568
2.4592004327171114e6	-0.5197003080856525
2.4592004350319263e6	-0.5173237704154482
2.459200437346741e6	-0.5149472327452439
2.459200439661556e6	-0.5125706950750396
2.4592004419763708e6	-0.5101941574048352
2.4592004442911856e6	-0.5078176197346309
2.4592004466060004e6	-0.5054410820644266
2.4592004489208153e6	-0.5030645443942223
2.45920045123563e6	-0.500688006724018
2.459200453550445e6	-0.4983114690538137
2.4592004558652597e6	-0.4959349313836094
2.4592004581800746e6	-0.4935583937134051
2.4592004604948894e6	-0.49118185604320075
2.4592004628097042e6	-0.48880531837299646
2.459200465124519e6	-0.48642878070279216
2.459200467439334e6	-0.4840522430325878
2.4592004697541487e6	-0.4816757053623835
2.4592004720689636e6	-0.47929916769217923
2.4592004743837784e6	-0.4769226300219749
2.4592004766985932e6	-0.4745460923517706
2.4592004790134076e6	-0.4721695551596441
2.4592004813282224e6	-0.4697930174894398
2.4592004836430373e6	-0.46741647981923545
2.459200485957852e6	-0.46503994214903116
2.459200488272667e6	-0.46266340447882687
2.4592004905874818e6	-0.4602868668086225
2.4592004929022966e6	-0.4579103291384182
2.4592004952171114e6	-0.45553379146821393
2.4592004975319263e6	-0.4531572537980096
2.459200499846741e6	-0.4507807161278053
2.459200502161556e6	-0.448404178457601
2.4592005044763708e6	-0.44602764078739665
2.4592005067911856e6	-0.44365110311719236
2.4592005091060004e6	-0.44127456544698807
2.4592005114208153e6	-0.4388980277767837
2.45920051373563e6	-0.4365214901065794
2.459200516050445e6	-0.43414495243637513
2.4592005183652597e6	-0.4317684147661708
2.4592005206800746e6	-0.4293918770959665
2.4592005229948894e6	-0.4270153394257622
2.4592005253097042e6	-0.4246388017555579
2.459200527624519e6	-0.42226226408535356
2.459200529939334e6	-0.41988572641514926
2.4592005322541487e6	-0.41750918874494497
2.4592005345689636e6	-0.4151326510747406
2.4592005368837784e6	-0.41275611340453633
2.4592005391985932e6	-0.41037957573433204
2.4592005415134076e6	-0.4080030385422055
2.4592005438282224e6	-0.4056265008720012
2.4592005461430373e6	-0.4032499632017969
2.459200548457852e6	-0.40087342553159255
2.459200550772667e6	-0.39849688786138826
2.4592005530874818e6	-0.39612035019118397
2.4592005554022966e6	-0.3937438125209796
2.4592005577171114e6	-0.3913672748507753
2.4592005600319263e6	-0.38899073718057103
2.459200562346741e6	-0.38661419951036674
2.459200564661556e6	-0.3842376618401624
2.4592005669763708e6	-0.3818611241699581
2.4592005692911856e6	-0.3794845864997538
2.4592005716060004e6	-0.37710804882954946
2.4592005739208153e6	-0.37473151115934517
2.45920057623563e6	-0.3723549734891409
2.459200578550445e6	-0.3699784358189365
2.4592005808652597e6	-0.36760189814873223
2.4592005831800746e6	-0.36522536047852794
2.4592005854948894e6	-0.3628488228083236
2.4592005878097042e6	-0.3604722851381193
2.459200590124519e6	-0.358095747467915
2.459200592439334e6	-0.35571920979771066
2.4592005947541487e6	-0.35334267212750636
2.4592005970689636e6	-0.35096613445730207
2.4592005993837784e6	-0.3485895967870977
2.4592006016985932e6	-0.34621305911689343
2.4592006040134076e6	-0.34383652192476694
2.4592006063282224e6	-0.34145998425456264
2.4592006086430373e6	-0.3390834465843583
2.459200610957852e6	-0.336706908914154
2.459200613272667e6	-0.3343303712439497
2.4592006155874818e6	-0.33195383357374536
2.4592006179022966e6	-0.32957729590354107
2.4592006202171114e6	-0.3272007582333368
2.4592006225319263e6	-0.3248242205631324
2.459200624846741e6	-0.32244768289292813
2.459200627161556e6	-0.32007114522272384
2.4592006294763708e6	-0.3176946075525195
2.4592006317911856e6	-0.3153180698823152
2.4592006341060004e6	-0.3129415322121109
2.4592006364208153e6	-0.31056499454190656
2.45920063873563e6	-0.30818845687170227
2.459200641050445e6	-0.305811919201498
2.4592006433652597e6	-0.3034353815312936
2.4592006456800746e6	-0.30105884386108933
2.4592006479948894e6	-0.29868230619088504
2.4592006503097042e6	-0.29630576852068075
2.459200652624519e6	-0.2939292308504764
2.459200654939334e6	-0.2915526931802721
2.4592006572541487e6	-0.2891761555100678
2.4592006595689636e6	-0.28679961783986346
2.4592006618837784e6	-0.28442308016965917
2.4592006641985932e6	-0.2820465424994549
2.4592006665134076e6	-0.27967000530732833
2.4592006688282224e6	-0.27729346763712404
2.4592006711430373e6	-0.27491692996691974
2.459200673457852e6	-0.2725403922967154
2.459200675772667e6	-0.2701638546265111
2.4592006780874818e6	-0.2677873169563068
2.4592006804022966e6	-0.26541077928610246
2.4592006827171114e6	-0.26303424161589817
2.4592006850319263e6	-0.2606577039456939
2.459200687346741e6	-0.2582811662754896
2.459200689661556e6	-0.25590462860528523
2.4592006919763708e6	-0.25352809093508094
2.4592006942911856e6	-0.25115155326487665
2.4592006966060004e6	-0.24877501559467233
2.4592006989208153e6	-0.246398477924468
2.45920070123563e6	-0.2440219402542637
2.459200703550445e6	-0.2416454025840594
2.4592007058652597e6	-0.23926886491385507
2.4592007081800746e6	-0.23689232724365075
2.4592007104948894e6	-0.23451578957344646
2.4592007128097042e6	-0.23213925190324214
2.459200715124519e6	-0.22976271423303782
2.459200717439334e6	-0.22738617656283353
2.4592007197541487e6	-0.2250096388926292
2.4592007220689636e6	-0.2226331012224249
2.4592007243837784e6	-0.2202565635522206
2.4592007266985932e6	-0.21788002588201627
2.4592007290134076e6	-0.21550348868988978
2.4592007313282224e6	-0.21312695101968546
2.4592007336430373e6	-0.21075041334948114
2.459200735957852e6	-0.20837387567927684
2.459200738272667e6	-0.20599733800907252
2.4592007405874818e6	-0.20362080033886823
2.4592007429022966e6	-0.2012442626686639
2.4592007452171114e6	-0.1988677249984596
2.4592007475319263e6	-0.1964911873282553
2.459200749846741e6	-0.19411464965805098
2.459200752161556e6	-0.19173811198784665
2.4592007544763708e6	-0.18936157431764236
2.4592007567911856e6	-0.18698503664743804
2.4592007591060004e6	-0.18460849897723375
2.4592007614208153e6	-0.18223196130702943
2.45920076373563e6	-0.1798554236368251
2.459200766050445e6	-0.17747888596662081
2.4592007683652597e6	-0.1751023482964165
2.4592007706800746e6	-0.17272581062621217
2.4592007729948894e6	-0.17034927295600788
2.4592007753097042e6	-0.16797273528580356
2.459200777624519e6	-0.16559619761559924
2.459200779939334e6	-0.16321965994539495
2.4592007822541487e6	-0.16084312227519063
2.4592007845689636e6	-0.15846658460498633
2.4592007868837784e6	-0.156090046934782
2.4592007891985932e6	-0.1537135092645777
2.4592007915134076e6	-0.1513369720724512
2.4592007938282224e6	-0.14896043440224688
2.4592007961430373e6	-0.14658389673204256
2.459200798457852e6	-0.14420735906183826
2.459200800772667e6	-0.14183082139163394
2.4592008030874818e6	-0.13945428372142965
2.4592008054022966e6	-0.13707774605122533
2.4592008077171114e6	-0.134701208381021
2.4592008100319263e6	-0.13232467071081672
2.459200812346741e6	-0.1299481330406124
2.459200814661556e6	-0.12757159537040808
2.4592008169763708e6	-0.12519505770020378
2.4592008192911856e6	-0.12281852002999946
2.4592008216060004e6	-0.12044198235979515
2.4592008239208153e6	-0.11806544468959085
2.45920082623563e6	-0.11568890701938653
2.459200828550445e6	-0.11331236934918222
2.4592008308652597e6	-0.11093583167897791
2.4592008331800746e6	-0.10855929400877361
2.4592008354948894e6	-0.10618275633856929
2.4592008378097042e6	-0.10380621866836498
2.459200840124519e6	-0.10142968099816067
2.459200842439334e6	-0.09905314332795637
2.4592008447541487e6	-0.09667660565775205
2.4592008470689636e6	-0.09430006798754774
2.4592008493837784e6	-0.09192353031734343
2.4592008516985932e6	-0.08954699264713913
2.4592008540134076e6	-0.08717045545501262
2.4592008563282224e6	-0.0847939177848083
2.4592008586430373e6	-0.08241738011460399
2.459200860957852e6	-0.08004084244439968
2.459200863272667e6	-0.07766430477419536
2.4592008655874818e6	-0.07528776710399106
2.4592008679022966e6	-0.07291122943378675
2.4592008702171114e6	-0.07053469176358244
2.4592008725319263e6	-0.06815815409337812
2.459200874846741e6	-0.06578161642317382
2.459200877161556e6	-0.06340507875296951
2.4592008794763708e6	-0.061028541082765196
2.4592008817911856e6	-0.05865200341256089
2.4592008841060004e6	-0.056275465742356576
2.4592008864208153e6	-0.05389892807215226
2.45920088873563e6	-0.051522390401947955
2.459200891050445e6	-0.04914585273174364
2.4592008933652597e6	-0.046769315061539335
2.4592008956800746e6	-0.04439277739133502
2.4592008979948894e6	-0.042016239721130715
2.4592009003097042e6	-0.0396397020509264
2.459200902624519e6	-0.037263164380722094
2.459200904939334e6	-0.03488662671051778
2.4592009072541487e6	-0.032510089040313474
2.4592009095689636e6	-0.03013355137010916
2.4592009118837784e6	-0.02775701369990485
2.4592009141985932e6	-0.02538047602970054
2.4592009165134076e6	-0.023003938837574033
2.4592009188282224e6	-0.020627401167369722
2.4592009211430373e6	-0.018250863497165412
2.459200923457852e6	-0.015874325826961102
2.459200925772667e6	-0.013497788156756792
2.4592009280874818e6	-0.01112125048655248
2.4592009304022966e6	-0.00874471281634817
2.4592009327171114e6	-0.006368175146143859
2.4592009350319263e6	-0.003991637475939549
2.459200937346741e6	-0.0016150998057352386
2.459200939661556e6	0.0007614378644690719
2.4592009419763708e6	0.0031379755346733823
2.4592009442911856e6	0.0055145132048776925
2.4592009466060004e6	0.007891050875082004
2.4592009489208153e6	0.010267588545286314
2.45920095123563e6	0.012644126215490624
2.459200953550445e6	0.015020663885694934
2.4592009558652597e6	0.017397201555899244
2.4592009581800746e6	0.019773739226103555
2.4592009604948894e6	0.022150276896307865
2.4592009628097042e6	0.024526814566512175
2.459200965124519e6	0.02690335223671649
2.459200967439334e6	0.0292798899069208
2.4592009697541487e6	0.031656427577125106
2.4592009720689636e6	0.03403296524732942
2.4592009743837784e6	0.036409502917533726
2.4592009766985932e6	0.03878604058773804
2.4592009790134076e6	0.04116257777986455
2.4592009813282224e6	0.043539115450068853
2.4592009836430373e6	0.04591565312027317
2.459200985957852e6	0.04829219079047748
2.459200988272667e6	0.05066872846068179
2.4592009905874818e6	0.0530452661308861
2.4592009929022966e6	0.05542180380109041
2.4592009952171114e6	0.05779834147129472
2.4592009975319263e6	0.06017487914149903
2.459200999846741e6	0.06255141681170334
2.459201002161556e6	0.06492795448190765
2.4592010044763708e6	0.06730449215211196
2.4592010067911856e6	0.06968102982231628
2.4592010091060004e6	0.07205756749252058
2.4592010114208153e6	0.07443410516272489
2.45920101373563e6	0.07681064283292921
2.459201016050445e6	0.07918718050313352
2.4592010183652597e6	0.08156371817333782
2.4592010206800746e6	0.08394025584354213
2.4592010229948894e6	0.08631679351374645
2.4592010253097042e6	0.08869333118395076
2.459201027624519e6	0.09106986885415506
2.459201029939334e6	0.09344640652435937
2.4592010322541487e6	0.09582294419456369
2.4592010345689636e6	0.098199481864768
2.4592010368837784e6	0.1005760195349723
2.4592010391985932e6	0.10295255720517661
2.4592010415134076e6	0.10532909439730312
2.4592010438282224e6	0.10770563206750744
2.4592010461430373e6	0.11008216973771175
2.459201048457852e6	0.11245870740791605
2.459201050772667e6	0.11483524507812037
2.4592010530874818e6	0.11721178274832468
2.4592010554022966e6	0.11958832041852899
2.4592010577171114e6	0.1219648580887333
2.4592010600319263e6	0.12434139575893761
2.459201062346741e6	0.12671793342914192
2.459201064661556e6	0.12909447109934624
2.4592010669763708e6	0.13147100876955053
2.4592010692911856e6	0.13384754643975486
2.4592010716060004e6	0.13622408410995915
2.4592010739208153e6	0.13860062178016347
2.45920107623563e6	0.1409771594503678
2.459201078550445e6	0.14335369712057208
2.4592010808652597e6	0.1457302347907764
2.4592010831800746e6	0.14810677246098072
2.4592010854948894e6	0.15048331013118502
2.4592010878097042e6	0.15285984780138934
2.459201090124519e6	0.15523638547159366
2.459201092439334e6	0.15761292314179795
2.4592010947541487e6	0.15998946081200227
2.4592010970689636e6	0.16236599848220656
2.4592010993837784e6	0.16474253615241088
2.4592011016985932e6	0.1671190738226152
2.4592011040134076e6	0.1694956110147417
2.4592011063282224e6	0.17187214868494602
2.4592011086430373e6	0.17424868635515034
2.459201110957852e6	0.17662522402535463
2.459201113272667e6	0.17900176169555895
2.4592011155874818e6	0.18137829936576325
2.4592011179022966e6	0.18375483703596757
2.4592011202171114e6	0.1861313747061719
2.4592011225319263e6	0.18850791237637618
2.459201124846741e6	0.1908844500465805
2.459201127161556e6	0.19326098771678482
2.4592011294763708e6	0.19563752538698911
2.4592011317911856e6	0.19801406305719343
2.4592011341060004e6	0.20039060072739773
2.4592011364208153e6	0.20276713839760205
2.45920113873563e6	0.20514367606780637
2.459201141050445e6	0.20752021373801066
2.4592011433652597e6	0.20989675140821498
2.4592011456800746e6	0.2122732890784193
2.4592011479948894e6	0.2146498267486236
2.4592011503097042e6	0.21702636441882792
2.459201152624519e6	0.21940290208903224
2.459201154939334e6	0.22177943975923653
2.4592011572541487e6	0.22415597742944085
2.4592011595689636e6	0.22653251509964514
2.4592011618837784e6	0.22890905276984946
2.4592011641985932e6	0.23128559044005378
2.4592011665134076e6	0.23366212763218028
2.4592011688282224e6	0.2360386653023846
2.4592011711430373e6	0.23841520297258892
2.459201173457852e6	0.2407917406427932
2.459201175772667e6	0.24316827831299753
2.4592011780874818e6	0.24554481598320183
2.4592011804022966e6	0.24792135365340615
2.4592011827171114e6	0.25029789132361047
2.4592011850319263e6	0.25267442899381476
2.459201187346741e6	0.25505096666401905
2.459201189661556e6	0.2574275043342234
2.4592011919763708e6	0.2598040420044277
2.4592011942911856e6	0.262180579674632
2.4592011966060004e6	0.26455711734483633
2.4592011989208153e6	0.2669336550150406
2.45920120123563e6	0.2693101926852449
2.459201203550445e6	0.27168673035544927
2.4592012058652597e6	0.27406326802565356
2.4592012081800746e6	0.27643980569585785
2.4592012104948894e6	0.2788163433660622
2.4592012128097042e6	0.2811928810362665
2.459201215124519e6	0.2835694187064708
2.459201217439334e6	0.28594595637667514
2.4592012197541487e6	0.28832249404687943
2.4592012220689636e6	0.2906990317170837
2.4592012243837784e6	0.29307556938728807
2.4592012266985932e6	0.29545210705749236
2.4592012290134076e6	0.29782864424961886
2.4592012313282224e6	0.30020518191982315
2.4592012336430373e6	0.3025817195900275
2.459201235957852e6	0.3049582572602318
2.459201238272667e6	0.3073347949304361
2.4592012405874818e6	0.30971133260064043
2.4592012429022966e6	0.3120878702708447
2.4592012452171114e6	0.314464407941049
2.4592012475319263e6	0.31684094561125337
2.459201249846741e6	0.31921748328145766
2.459201252161556e6	0.32159402095166195
2.4592012544763708e6	0.3239705586218663
2.4592012567911856e6	0.3263470962920706
2.4592012591060004e6	0.3287236339622749
2.4592012614208153e6	0.33110017163247923
2.45920126373563e6	0.3334767093026835
2.459201266050445e6	0.3358532469728878
2.4592012683652597e6	0.33822978464309217
2.4592012706800746e6	0.34060632231329646
2.4592012729948894e6	0.34298285998350075
2.4592012753097042e6	0.34535939765370505
2.459201277624519e6	0.3477359353239094
2.459201279939334e6	0.3501124729941137
2.4592012822541487e6	0.352489010664318
2.4592012845689636e6	0.35486554833452233
2.4592012868837784e6	0.3572420860047266
2.4592012891985932e6	0.3596186236749309
2.4592012915134076e6	0.36199516086705746
2.4592012938282224e6	0.36437169853726176
2.4592012961430373e6	0.36674823620746605
2.459201298457852e6	0.3691247738776704
2.459201300772667e6	0.3715013115478747
2.4592013030874818e6	0.373877849218079
2.4592013054022966e6	0.37625438688828333
2.4592013077171114e6	0.3786309245584876
2.4592013100319263e6	0.3810074622286919
2.459201312346741e6	0.3833839998988962
2.459201314661556e6	0.38576053756910056
2.4592013169763708e6	0.38813707523930485
2.4592013192911856e6	0.39051361290950914
2.4592013216060004e6	0.3928901505797135
2.4592013239208153e6	0.3952666882499178
2.45920132623563e6	0.3976432259201221
2.459201328550445e6	0.4000197635903264
2.4592013308652597e6	0.4023963012605307
2.4592013331800746e6	0.404772838930735
2.4592013354948894e6	0.40714937660093936
2.4592013378097042e6	0.40952591427114365
2.459201340124519e6	0.41190245194134795
2.459201342439334e6	0.4142789896115523
2.4592013447541487e6	0.4166555272817566
2.4592013470689636e6	0.4190320649519609
2.4592013493837784e6	0.42140860262216523
2.4592013516985932e6	0.4237851402923695
2.4592013540134076e6	0.426161677484496
2.4592013563282224e6	0.4285382151547003
2.4592013586430373e6	0.43091475282490466
2.459201360957852e6	0.43329129049510895
2.459201363272667e6	0.43566782816531324
2.4592013655874818e6	0.4380443658355176
2.4592013679022966e6	0.4404209035057219
2.4592013702171114e6	0.4427974411759262
2.4592013725319263e6	0.4451739788461305
2.459201374846741e6	0.4475505165163348
2.459201377161556e6	0.4499270541865391
2.4592013794763708e6	0.45230359185674346
2.4592013817911856e6	0.45468012952694775
2.4592013841060004e6	0.45705666719715204
2.4592013864208153e6	0.4594332048673564
2.45920138873563e6	0.4618097425375607
2.459201391050445e6	0.464186280207765
2.4592013933652597e6	0.4665628178779693
2.4592013956800746e6	0.4689393555481736
2.4592013979948894e6	0.4713158932183779
2.4592014003097042e6	0.4736924308885822
2.459201402624519e6	0.47606896855878655
2.459201404939334e6	0.47844550622899085
2.4592014072541487e6	0.48082204389919514
2.4592014095689636e6	0.4831985815693995
2.4592014118837784e6	0.4855751192396038
2.4592014141985932e6	0.4879516569098081
2.4592014165134076e6	0.4903281941019346
2.4592014188282224e6	0.4927047317721389
2.4592014211430373e6	0.4950812694423432
2.459201423457852e6	0.49745780711254756
2.459201425772667e6	0.49983434478275185
2.4592014280874818e6	0.5022108824529562
2.4592014304022966e6	0.5045874201231605
2.4592014327171114e6	0.5069639577933648
2.4592014350319263e6	0.5093404954635691
2.459201437346741e6	0.5117170331337734
2.459201439661556e6	0.5140935708039777
2.4592014419763708e6	0.5164701084741821
2.4592014442911856e6	0.5188466461443864
2.4592014466060004e6	0.5212231838145907
2.4592014489208153e6	0.5235997214847949
2.45920145123563e6	0.5259762591549992
2.459201453550445e6	0.5283527968252035
2.4592014558652597e6	0.5307293344954079
2.4592014581800746e6	0.5331058721656122
2.4592014604948894e6	0.5354824098358165
2.4592014628097042e6	0.5378589475060208
2.459201465124519e6	0.5402354851762251
2.459201467439334e6	0.5426120228464294
2.4592014697541487e6	0.5449885605166337
2.4592014720689636e6	0.5473650981868381
2.4592014743837784e6	0.5497416358570424
2.4592014766985932e6	0.5521181735272467
2.4592014790134076e6	0.5544947107193732
2.4592014813282224e6	0.5568712483895775
2.4592014836430373e6	0.5592477860597818
2.459201485957852e6	0.5616243237299862
2.459201488272667e6	0.5640008614001905
2.4592014905874818e6	0.5663773990703947
2.4592014929022966e6	0.568753936740599
2.4592014952171114e6	0.5711304744108033
2.4592014975319263e6	0.5735070120810076
2.459201499846741e6	0.5758835497512119
2.459201502161556e6	0.5782600874214163
2.4592015044763708e6	0.5806366250916206
2.4592015067911856e6	0.5830131627618249
2.4592015091060004e6	0.5853897004320292
2.4592015114208153e6	0.5877662381022335
2.45920151373563e6	0.5901427757724378
2.459201516050445e6	0.5925193134426422
2.4592015183652597e6	0.5948958511128465
2.4592015206800746e6	0.5972723887830508
2.4592015229948894e6	0.5996489264532551
2.4592015253097042e6	0.6020254641234594
2.459201527624519e6	0.6044020017936637
2.459201529939334e6	0.6067785394638681
2.4592015322541487e6	0.6091550771340724
2.4592015345689636e6	0.6115316148042766
2.4592015368837784e6	0.6139081524744809
2.4592015391985932e6	0.6162846901446852
2.4592015415134076e6	0.6186612273368117
2.4592015438282224e6	0.621037765007016
2.4592015461430373e6	0.6234143026772204
2.459201548457852e6	0.6257908403474247
2.459201550772667e6	0.628167378017629
2.4592015530874818e6	0.6305439156878333
2.4592015554022966e6	0.6329204533580376
2.4592015577171114e6	0.6352969910282419
2.4592015600319263e6	0.6376735286984463
2.459201562346741e6	0.6400500663686506
2.459201564661556e6	0.6424266040388549
2.4592015669763708e6	0.6448031417090592
2.4592015692911856e6	0.6471796793792635
2.4592015716060004e6	0.6495562170494678
2.4592015739208153e6	0.6519327547196722
2.45920157623563e6	0.6543092923898765
2.459201578550445e6	0.6566858300600807
2.4592015808652597e6	0.659062367730285
2.4592015831800746e6	0.6614389054004893
2.4592015854948894e6	0.6638154430706936
2.4592015878097042e6	0.6661919807408979
2.459201590124519e6	0.6685685184111023
2.459201592439334e6	0.6709450560813066
2.4592015947541487e6	0.6733215937515109
2.4592015970689636e6	0.6756981314217152
2.4592015993837784e6	0.6780746690919195
2.4592016016985932e6	0.6804512067621238
2.4592016040134076e6	0.6828277439542504
2.4592016063282224e6	0.6852042816244547
2.4592016086430373e6	0.687580819294659
2.459201610957852e6	0.6899573569648633
2.459201613272667e6	0.6923338946350676
2.4592016155874818e6	0.6947104323052719
2.4592016179022966e6	0.6970869699754763
2.4592016202171114e6	0.6994635076456805
2.4592016225319263e6	0.7018400453158848
2.459201624846741e6	0.7042165829860891
2.459201627161556e6	0.7065931206562934
2.4592016294763708e6	0.7089696583264977
2.4592016317911856e6	0.711346195996702
2.4592016341060004e6	0.7137227336669064
2.4592016364208153e6	0.7160992713371107
2.45920163873563e6	0.718475809007315
2.459201641050445e6	0.7208523466775193
2.4592016433652597e6	0.7232288843477236
2.4592016456800746e6	0.7256054220179279
2.4592016479948894e6	0.7279819596881323
2.4592016503097042e6	0.7303584973583366
2.459201652624519e6	0.7327350350285409
2.459201654939334e6	0.7351115726987452
2.4592016572541487e6	0.7374881103689495
2.4592016595689636e6	0.7398646480391537
2.4592016618837784e6	0.7422411857093582
2.4592016641985932e6	0.7446177233795624
2.4592016665134076e6	0.7469942605716889
2.4592016688282224e6	0.7493707982418932
2.4592016711430373e6	0.7517473359120975
2.459201673457852e6	0.7541238735823018
2.459201675772667e6	0.7565004112525061
2.4592016780874818e6	0.7588769489227105
2.4592016804022966e6	0.7612534865929148
2.4592016827171114e6	0.7636300242631191
2.4592016850319263e6	0.7660065619333234
2.459201687346741e6	0.7683830996035277
2.459201689661556e6	0.770759637273732
2.4592016919763708e6	0.7731361749439364
2.4592016942911856e6	0.7755127126141407
2.4592016966060004e6	0.777889250284345
2.4592016989208153e6	0.7802657879545493
2.45920170123563e6	0.7826423256247536
2.459201703550445e6	0.7850188632949578
2.4592017058652597e6	0.7873954009651623
2.4592017081800746e6	0.7897719386353665
2.4592017104948894e6	0.7921484763055708
2.4592017128097042e6	0.7945250139757751
2.459201715124519e6	0.7969015516459794
2.459201717439334e6	0.7992780893161837
2.4592017197541487e6	0.801654626986388
2.4592017220689636e6	0.8040311646565924
2.4592017243837784e6	0.8064077023267967
2.4592017266985932e6	0.808784239997001
2.4592017290134076e6	0.8111607771891275
2.4592017313282224e6	0.8135373148593318
2.4592017336430373e6	0.8159138525295361
2.459201735957852e6	0.8182903901997405
2.459201738272667e6	0.8206669278699448
2.4592017405874818e6	0.8230434655401491
2.4592017429022966e6	0.8254200032103534
2.4592017452171114e6	0.8277965408805577
2.4592017475319263e6	0.830173078550762
2.459201749846741e6	0.8325496162209662
2.459201752161556e6	0.8349261538911706
2.4592017544763708e6	0.8373026915613749
2.4592017567911856e6	0.8396792292315792
2.4592017591060004e6	0.8420557669017835
2.4592017614208153e6	0.8444323045719878
2.45920176373563e6	0.8468088422421921
2.459201766050445e6	0.8491853799123965
2.4592017683652597e6	0.8515619175826008
2.4592017706800746e6	0.8539384552528051
2.4592017729948894e6	0.8563149929230094
2.4592017753097042e6	0.8586915305932137
2.459201777624519e6	0.861068068263418
2.459201779939334e6	0.8634446059336224
2.4592017822541487e6	0.8658211436038267
2.4592017845689636e6	0.868197681274031
2.4592017868837784e6	0.8705742189442353
2.4592017891985932e6	0.8729507566144395
2.4592017915134076e6	0.875327293806566
2.4592017938282224e6	0.8777038314767703
2.4592017961430373e6	0.8800803691469747
2.459201798457852e6	0.882456906817179
2.459201800772667e6	0.8848334444873833
2.4592018030874818e6	0.8872099821575876
2.4592018054022966e6	0.8895865198277919
2.4592018077171114e6	0.8919630574979962
2.4592018100319263e6	0.8943395951682006
2.459201812346741e6	0.8967161328384049
2.459201814661556e6	0.8990926705086092
2.4592018169763708e6	0.9014692081788135
2.4592018192911856e6	0.9038457458490178
2.4592018216060004e6	0.9062222835192221
2.4592018239208153e6	0.9085988211894265
2.45920182623563e6	0.9109753588596308
2.459201828550445e6	0.9133518965298351
2.4592018308652597e6	0.9157284342000394
2.4592018331800746e6	0.9181049718702436
2.4592018354948894e6	0.9204815095404479
2.4592018378097042e6	0.9228580472106522
2.459201840124519e6	0.9252345848808566
2.459201842439334e6	0.9276111225510609
2.4592018447541487e6	0.9299876602212652
2.4592018470689636e6	0.9323641978914695
2.4592018493837784e6	0.9347407355616738
2.4592018516985932e6	0.9371172732318781
2.4592018540134076e6	0.9394938104240047
2.4592018563282224e6	0.941870348094209
2.4592018586430373e6	0.9442468857644133
2.459201860957852e6	0.9466234234346176
2.459201863272667e6	0.9489999611048219
2.4592018655874818e6	0.9513764987750262
2.4592018679022966e6	0.9537530364452306
2.4592018702171114e6	0.9561295741154349
2.4592018725319263e6	0.9585061117856392
2.459201874846741e6	0.9608826494558435
2.459201877161556e6	0.9632591871260477
2.4592018794763708e6	0.965635724796252
2.4592018817911856e6	0.9680122624664563
2.4592018841060004e6	0.9703888001366607
2.4592018864208153e6	0.972765337806865
2.45920188873563e6	0.9751418754770693
2.459201891050445e6	0.9775184131472736
2.4592018933652597e6	0.9798949508174779
2.4592018956800746e6	0.9822714884876822
2.4592018979948894e6	0.9846480261578866
2.4592019003097042e6	0.9870245638280909
2.459201902624519e6	0.9894011014982952
2.459201904939334e6	0.9917776391684995
2.4592019072541487e6	0.9941541768387038
2.4592019095689636e6	0.9965307145089081
2.4592019118837784e6	0.9989072521791125
2.4592019141985932e6	1.0012837898493168
2.4592019165134076e6	1.0036603270414433
2.4592019188282224e6	1.0060368647116475
2.4592019211430373e6	1.0084134023818518
2.459201923457852e6	1.0107899400520561
2.459201925772667e6	1.0131664777222604
2.4592019280874818e6	1.0155430153924647
2.4592019304022966e6	1.017919553062669
2.4592019327171114e6	1.0202960907328733
2.4592019350319263e6	1.0226726284030778
2.459201937346741e6	1.0250491660732821
2.459201939661556e6	1.0274257037434864
2.4592019419763708e6	1.0298022414136907
2.4592019442911856e6	1.032178779083895
2.4592019466060004e6	1.0345553167540993
2.4592019489208153e6	1.0369318544243036
2.45920195123563e6	1.0393083920945079
2.459201953550445e6	1.0416849297647122
2.4592019558652597e6	1.0440614674349165
2.4592019581800746e6	1.0464380051051207
2.4592019604948894e6	1.048814542775325
2.4592019628097042e6	1.0511910804455293
2.459201965124519e6	1.0535676181157339
2.459201967439334e6	1.0559441557859381
2.4592019697541487e6	1.0583206934561424
2.4592019720689636e6	1.0606972311263467
2.4592019743837784e6	1.063073768796551
2.4592019766985932e6	1.0654503064667553
2.4592019790134076e6	1.0678268436588818
2.4592019813282224e6	1.070203381329086
2.4592019836430373e6	1.0725799189992904
2.459201985957852e6	1.0749564566694947
2.459201988272667e6	1.077332994339699
2.4592019905874818e6	1.0797095320099033
2.4592019929022966e6	1.0820860696801078
2.4592019952171114e6	1.084462607350312
2.4592019975319263e6	1.0868391450205164
2.459201999846741e6	1.0892156826907207
2.459202002161556e6	1.091592220360925
2.4592020044763708e6	1.0939687580311293
2.4592020067911856e6	1.0963452957013335
2.4592020091060004e6	1.0987218333715378
2.4592020114208153e6	1.1010983710417421
2.45920201373563e6	1.1034749087119464
2.459202016050445e6	1.1058514463821507
2.4592020183652597e6	1.108227984052355
2.4592020206800746e6	1.1106045217225593
2.4592020229948894e6	1.1129810593927638
2.4592020253097042e6	1.115357597062968
2.459202027624519e6	1.1177341347331724
2.459202029939334e6	1.1201106724033767
2.4592020322541487e6	1.122487210073581
2.4592020345689636e6	1.1248637477437853
2.4592020368837784e6	1.1272402854139896
2.4592020391985932e6	1.1296168230841939
2.4592020415134076e6	1.1319933602763204
2.4592020438282224e6	1.1343698979465247
2.4592020461430373e6	1.136746435616729
2.459202048457852e6	1.1391229732869332
2.459202050772667e6	1.1414995109571375
2.4592020530874818e6	1.143876048627342
2.4592020554022966e6	1.1462525862975463
2.4592020577171114e6	1.1486291239677506
2.4592020600319263e6	1.151005661637955
2.459202062346741e6	1.1533821993081592
2.459202064661556e6	1.1557587369783635
2.4592020669763708e6	1.1581352746485678
2.4592020692911856e6	1.160511812318772
2.4592020716060004e6	1.1628883499889764
2.4592020739208153e6	1.1652648876591807
2.45920207623563e6	1.167641425329385
2.459202078550445e6	1.1700179629995893
2.4592020808652597e6	1.1723945006697938
2.4592020831800746e6	1.174771038339998
2.4592020854948894e6	1.1771475760102024
2.4592020878097042e6	1.1795241136804067
2.459202090124519e6	1.181900651350611
2.459202092439334e6	1.1842771890208152
2.4592020947541487e6	1.1866537266910195
2.4592020970689636e6	1.1890302643612238
2.4592020993837784e6	1.1914068020314281
2.4592021016985932e6	1.1937833397016324
2.4592021040134076e6	1.196159876893759
2.4592021063282224e6	1.1985364145639632
2.4592021086430373e6	1.2009129522341675
2.459202110957852e6	1.203289489904372
2.459202113272667e6	1.2056660275745763
2.4592021155874818e6	1.2080425652447806
2.4592021179022966e6	1.210419102914985
2.4592021202171114e6	1.2127956405851892
2.4592021225319263e6	1.2151721782553935
2.459202124846741e6	1.2175487159255978
2.459202127161556e6	1.219925253595802
2.4592021294763708e6	1.2223017912660064
2.4592021317911856e6	1.2246783289362106
2.4592021341060004e6	1.227054866606415
2.4592021364208153e6	1.2294314042766192
2.45920213873563e6	1.2318079419468235
2.459202141050445e6	1.234184479617028
2.4592021433652597e6	1.2365610172872323
2.4592021456800746e6	1.2389375549574366
2.4592021479948894e6	1.241314092627641
2.4592021503097042e6	1.2436906302978452
2.459202152624519e6	1.2460671679680495
2.459202154939334e6	1.2484437056382538
2.4592021572541487e6	1.250820243308458
2.4592021595689636e6	1.2531967809786624
2.4592021618837784e6	1.2555733186488667
2.4592021641985932e6	1.257949856319071
2.4592021665134076e6	1.2603263935111975
2.4592021688282224e6	1.2627029311814018
2.4592021711430373e6	1.2650794688516063
2.459202173457852e6	1.2674560065218106
2.459202175772667e6	1.2698325441920149
2.4592021780874818e6	1.2722090818622191
2.4592021804022966e6	1.2745856195324234
2.4592021827171114e6	1.2769621572026277
2.4592021850319263e6	1.279338694872832
2.459202187346741e6	1.2817152325430363
2.459202189661556e6	1.2840917702132406
2.4592021919763708e6	1.286468307883445
2.4592021942911856e6	1.2888448455536492
2.4592021966060004e6	1.2912213832238535
2.4592021989208153e6	1.293597920894058
2.45920220123563e6	1.2959744585642623
2.459202203550445e6	1.2983509962344666
2.4592022058652597e6	1.3007275339046709
2.4592022081800746e6	1.3031040715748752
2.4592022104948894e6	1.3054806092450795
2.4592022128097042e6	1.3078571469152838
2.459202215124519e6	1.310233684585488
2.459202217439334e6	1.3126102222556923
2.4592022197541487e6	1.3149867599258966
2.4592022220689636e6	1.317363297596101
2.4592022243837784e6	1.3197398352663052
2.4592022266985932e6	1.3221163729365095
2.4592022290134076e6	1.3244929101286362
2.4592022313282224e6	1.3268694477988405
2.4592022336430373e6	1.3292459854690448
2.459202235957852e6	1.3316225231392491
2.459202238272667e6	1.3339990608094534
2.4592022405874818e6	1.3363755984796577
2.4592022429022966e6	1.338752136149862
2.4592022452171114e6	1.3411286738200663
2.4592022475319263e6	1.3435052114902706
2.459202249846741e6	1.3458817491604749
2.459202252161556e6	1.3482582868306792
2.4592022544763708e6	1.3506348245008835
2.4592022567911856e6	1.3530113621710878
2.4592022591060004e6	1.3553878998412923
2.4592022614208153e6	1.3577644375114966
2.45920226373563e6	1.3601409751817009
2.459202266050445e6	1.3625175128519051
2.4592022683652597e6	1.3648940505221094
2.4592022706800746e6	1.3672705881923137
2.4592022729948894e6	1.369647125862518
2.4592022753097042e6	1.3720236635327223
2.459202277624519e6	1.3744002012029266
2.459202279939334e6	1.376776738873131
2.4592022822541487e6	1.3791532765433352
2.4592022845689636e6	1.3815298142135395
2.4592022868837784e6	1.383906351883744
2.4592022891985932e6	1.3862828895539483
2.4592022915134076e6	1.3886594267460748
2.4592022938282224e6	1.391035964416279
2.4592022961430373e6	1.3934125020864834
2.459202298457852e6	1.3957890397566877
2.459202300772667e6	1.398165577426892
2.4592023030874818e6	1.4005421150970963
2.4592023054022966e6	1.4029186527673005
2.4592023077171114e6	1.4052951904375048
2.4592023100319263e6	1.4076717281077091
2.459202312346741e6	1.4100482657779134
2.459202314661556e6	1.4124248034481177
2.4592023169763708e6	1.4148013411183222
2.4592023192911856e6	1.4171778787885265
2.4592023216060004e6	1.4195544164587308
2.4592023239208153e6	1.421930954128935
2.45920232623563e6	1.4243074917991394
2.459202328550445e6	1.4266840294693437
2.4592023308652597e6	1.429060567139548
2.4592023331800746e6	1.4314371048097523
2.4592023354948894e6	1.4338136424799566
2.4592023378097042e6	1.4361901801501609
2.459202340124519e6	1.4385667178203652
2.459202342439334e6	1.4409432554905695
2.4592023447541487e6	1.4433197931607737
2.4592023470689636e6	1.4456963308309783
2.4592023493837784e6	1.4480728685011826
2.4592023516985932e6	1.4504494061713868
2.4592023540134076e6	1.4528259433635133
2.4592023563282224e6	1.4552024810337176
2.4592023586430373e6	1.457579018703922
2.459202360957852e6	1.4599555563741262
2.459202363272667e6	1.4623320940443305
2.4592023655874818e6	1.4647086317145348
2.4592023679022966e6	1.467085169384739
2.4592023702171114e6	1.4694617070549434
2.4592023725319263e6	1.4718382447251477
2.459202374846741e6	1.474214782395352
2.459202377161556e6	1.4765913200655565
2.4592023794763708e6	1.4789678577357608
2.4592023817911856e6	1.481344395405965
2.4592023841060004e6	1.4837209330761694
2.4592023864208153e6	1.4860974707463737
2.45920238873563e6	1.488474008416578
2.459202391050445e6	1.4908505460867822
2.4592023933652597e6	1.4932270837569865
2.4592023956800746e6	1.4956036214271908
2.4592023979948894e6	1.4979801590973951
2.4592024003097042e6	1.5003566967675994
2.459202402624519e6	1.5027332344378037
2.459202404939334e6	1.5051097721080082
2.4592024072541487e6	1.5074863097782125
2.4592024095689636e6	1.5098628474484168
2.4592024118837784e6	1.512239385118621
2.4592024141985932e6	1.5146159227888254
2.4592024165134076e6	1.516992459980952
2.4592024188282224e6	1.5193689976511562
2.4592024211430373e6	1.5217455353213605
2.459202423457852e6	1.5241220729915648
2.459202425772667e6	1.526498610661769
2.4592024280874818e6	1.5288751483319734
2.4592024304022966e6	1.5312516860021776
2.4592024327171114e6	1.533628223672382
2.4592024350319263e6	1.5360047613425865
2.459202437346741e6	1.5383812990127907
2.459202439661556e6	1.540757836682995
2.4592024419763708e6	1.5431343743531993
2.4592024442911856e6	1.5455109120234036
2.4592024466060004e6	1.547887449693608
2.4592024489208153e6	1.5502639873638122
2.45920245123563e6	1.5526405250340165
2.459202453550445e6	1.5550170627042208
2.4592024558652597e6	1.557393600374425
2.4592024581800746e6	1.5597701380446294
2.4592024604948894e6	1.5621466757148337
2.4592024628097042e6	1.564523213385038
2.459202465124519e6	1.5668997510552425
2.459202467439334e6	1.5692762887254468
2.4592024697541487e6	1.571652826395651
2.4592024720689636e6	1.5740293640658554
2.4592024743837784e6	1.5764059017360597
2.4592024766985932e6	1.578782439406264
2.4592024790134076e6	1.5811589765983904
2.4592024813282224e6	1.5835355142685947
2.4592024836430373e6	1.585912051938799
2.459202485957852e6	1.5882885896090033
2.459202488272667e6	1.5906651272792076
2.4592024905874818e6	1.593041664949412
2.4592024929022966e6	1.5954182026196164
2.4592024952171114e6	1.5977947402898207
2.4592024975319263e6	1.600171277960025
2.459202499846741e6	1.6025478156302293
2.459202502161556e6	1.6049243533004336
2.4592025044763708e6	1.6073008909706379
2.4592025067911856e6	1.6096774286408422
2.4592025091060004e6	1.6120539663110465
2.4592025114208153e6	1.6144305039812508
2.45920251373563e6	1.616807041651455
2.459202516050445e6	1.6191835793216593
2.4592025183652597e6	1.6215601169918636
2.4592025206800746e6	1.623936654662068
2.4592025229948894e6	1.6263131923322725
2.4592025253097042e6	1.6286897300024767
2.459202527624519e6	1.631066267672681
2.459202529939334e6	1.6334428053428853
2.4592025322541487e6	1.6358193430130896
2.4592025345689636e6	1.638195880683294
2.4592025368837784e6	1.6405724183534982
2.4592025391985932e6	1.6429489560237025
2.4592025415134076e6	1.645325493215829
2.4592025438282224e6	1.6477020308860333
2.4592025461430373e6	1.6500785685562376
2.459202548457852e6	1.6524551062264419
2.459202550772667e6	1.6548316438966462
2.4592025530874818e6	1.6572081815668507
2.4592025554022966e6	1.659584719237055
2.4592025577171114e6	1.6619612569072593
2.4592025600319263e6	1.6643377945774636
2.459202562346741e6	1.6667143322476679
2.459202564661556e6	1.6690908699178721
2.4592025669763708e6	1.6714674075880764
2.4592025692911856e6	1.6738439452582807
2.4592025716060004e6	1.676220482928485
2.4592025739208153e6	1.6785970205986893
2.45920257623563e6	1.6809735582688936
2.459202578550445e6	1.683350095939098
2.4592025808652597e6	1.6857266336093024
2.4592025831800746e6	1.6881031712795067
2.4592025854948894e6	1.690479708949711
2.4592025878097042e6	1.6928562466199153
2.459202590124519e6	1.6952327842901196
2.459202592439334e6	1.6976093219603239
2.4592025947541487e6	1.6999858596305282
2.4592025970689636e6	1.7023623973007325
2.4592025993837784e6	1.7047389349709368
2.4592026016985932e6	1.707115472641141
2.4592026040134076e6	1.7094920098332675
2.4592026063282224e6	1.7118685475034718
2.4592026086430373e6	1.7142450851736761
2.459202610957852e6	1.7166216228438806
2.459202613272667e6	1.718998160514085
2.4592026155874818e6	1.7213746981842892
2.4592026179022966e6	1.7237512358544935
2.4592026202171114e6	1.7261277735246978
2.4592026225319263e6	1.728504311194902
2.459202624846741e6	1.7308808488651064
2.459202627161556e6	1.7332573865353107
2.4592026294763708e6	1.735633924205515
2.4592026317911856e6	1.7380104618757193
2.4592026341060004e6	1.7403869995459236
2.4592026364208153e6	1.7427635372161279
2.45920263873563e6	1.7451400748863322
2.459202641050445e6	1.7475166125565367
2.4592026433652597e6	1.749893150226741
2.4592026456800746e6	1.7522696878969453
2.4592026479948894e6	1.7546462255671496
2.4592026503097042e6	1.7570227632373538
2.459202652624519e6	1.7593993009075581
2.459202654939334e6	1.7617758385777624
2.4592026572541487e6	1.7641523762479667
2.4592026595689636e6	1.766528913918171
2.4592026618837784e6	1.7689054515883753
2.4592026641985932e6	1.7712819892585796
2.4592026665134076e6	1.773658526450706
2.4592026688282224e6	1.7760350641209104
2.4592026711430373e6	1.778411601791115
2.459202673457852e6	1.7807881394613192
2.459202675772667e6	1.7831646771315235
2.4592026780874818e6	1.7855412148017278
2.4592026804022966e6	1.787917752471932
2.4592026827171114e6	1.7902942901421364
2.4592026850319263e6	1.7926708278123407
2.459202687346741e6	1.795047365482545
2.459202689661556e6	1.7974239031527492
2.4592026919763708e6	1.7998004408229535
2.4592026942911856e6	1.8021769784931578
2.4592026966060004e6	1.8045535161633621
2.4592026989208153e6	1.8069300538335666
2.45920270123563e6	1.809306591503771
2.459202703550445e6	1.8116831291739752
2.4592027058652597e6	1.8140596668441795
2.4592027081800746e6	1.8164362045143838
2.4592027104948894e6	1.818812742184588
2.4592027128097042e6	1.8211892798547924
2.459202715124519e6	1.8235658175249967
2.459202717439334e6	1.825942355195201
2.4592027197541487e6	1.8283188928654053
2.4592027220689636e6	1.8306954305356096
2.4592027243837784e6	1.8330719682058139
2.4592027266985932e6	1.8354485058760182
2.4592027290134076e6	1.8378250430681449
2.4592027313282224e6	1.8402015807383492
2.4592027336430373e6	1.8425781184085535
2.459202735957852e6	1.8449546560787577
2.459202738272667e6	1.847331193748962
2.4592027405874818e6	1.8497077314191663
2.4592027429022966e6	1.8520842690893706
2.4592027452171114e6	1.854460806759575
2.4592027475319263e6	1.8568373444297792
2.459202749846741e6	1.8592138820999835
2.459202752161556e6	1.8615904197701878
2.4592027544763708e6	1.863966957440392
2.4592027567911856e6	1.8663434951105964
2.4592027591060004e6	1.868720032780801
2.4592027614208153e6	1.8710965704510052
2.45920276373563e6	1.8734731081212095
2.459202766050445e6	1.8758496457914138
2.4592027683652597e6	1.878226183461618
2.4592027706800746e6	1.8806027211318224
2.4592027729948894e6	1.8829792588020267
2.4592027753097042e6	1.885355796472231
2.459202777624519e6	1.8877323341424352
2.459202779939334e6	1.8901088718126395
2.4592027822541487e6	1.8924854094828438
2.4592027845689636e6	1.8948619471530481
2.4592027868837784e6	1.8972384848232526
2.4592027891985932e6	1.899615022493457
2.4592027915134076e6	1.9019915596855834
2.4592027938282224e6	1.9043680973557877
2.4592027961430373e6	1.906744635025992
2.459202798457852e6	1.9091211726961963
2.459202800772667e6	1.9114977103664006
2.4592028030874818e6	1.9138742480366049
2.4592028054022966e6	1.9162507857068092
2.4592028077171114e6	1.9186273233770135
2.4592028100319263e6	1.9210038610472178
2.459202812346741e6	1.923380398717422
2.459202814661556e6	1.9257569363876264
2.4592028169763708e6	1.9281334740578309
2.4592028192911856e6	1.9305100117280352
2.4592028216060004e6	1.9328865493982395
2.4592028239208153e6	1.9352630870684437
2.45920282623563e6	1.937639624738648
2.459202828550445e6	1.9400161624088523
2.4592028308652597e6	1.9423927000790566
2.4592028331800746e6	1.944769237749261
2.4592028354948894e6	1.9471457754194652
2.4592028378097042e6	1.9495223130896695
2.459202840124519e6	1.9518988507598738
2.459202842439334e6	1.954275388430078
2.4592028447541487e6	1.9566519261002824
2.4592028470689636e6	1.959028463770487
2.4592028493837784e6	1.9614050014406912
2.4592028516985932e6	1.9637815391108955
2.4592028540134076e6	1.966158076303022
2.4592028563282224e6	1.9685346139732263
2.4592028586430373e6	1.9709111516434306
2.459202860957852e6	1.9732876893136349
2.459202863272667e6	1.9756642269838391
2.4592028655874818e6	1.9780407646540434
2.4592028679022966e6	1.9804173023242477
2.4592028702171114e6	1.982793839994452
2.4592028725319263e6	1.9851703776646563
2.459202874846741e6	1.9875469153348606
2.459202877161556e6	1.9899234530050651
2.4592028794763708e6	1.9922999906752694
2.4592028817911856e6	1.9946765283454737
2.4592028841060004e6	1.997053066015678
2.4592028864208153e6	1.9994296036858823
2.45920288873563e6	2.0018061413560866
2.459202891050445e6	2.004182679026291
2.4592028933652597e6	2.006559216696495
2.4592028956800746e6	2.0089357543666995
2.4592028979948894e6	2.0113122920369038
2.4592029003097042e6	2.013688829707108
2.459202902624519e6	2.0160653673773123
2.459202904939334e6	2.0184419050475166
2.4592029072541487e6	2.020818442717721
2.4592029095689636e6	2.0231949803879252
2.4592029118837784e6	2.0255715180581295
2.4592029141985932e6	2.027948055728334
2.4592029165134076e6	2.0303245929204605
2.4592029188282224e6	2.032701130590665
2.4592029211430373e6	2.035077668260869
2.459202923457852e6	2.0374542059310734
2.459202925772667e6	2.0398307436012777
2.4592029280874818e6	2.042207281271482
2.4592029304022966e6	2.0445838189416863
2.4592029327171114e6	2.0469603566118906
2.4592029350319263e6	2.049336894282095
2.459202937346741e6	2.051713431952299
2.459202939661556e6	2.0540899696225035
2.4592029419763708e6	2.0564665072927077
2.4592029442911856e6	2.058843044962912
2.4592029466060004e6	2.0612195826331163
2.4592029489208153e6	2.063596120303321
2.45920295123563e6	2.0659726579735254
2.459202953550445e6	2.0683491956437297
2.4592029558652597e6	2.070725733313934
2.4592029581800746e6	2.0731022709841382
2.4592029604948894e6	2.0754788086543425
2.4592029628097042e6	2.077855346324547
2.459202965124519e6	2.080231883994751
2.459202967439334e6	2.0826084216649554
2.4592029697541487e6	2.0849849593351597
2.4592029720689636e6	2.087361497005364
2.4592029743837784e6	2.0897380346755683
2.4592029766985932e6	2.0921145723457726
2.4592029790134076e6	2.0944911095378993
2.4592029813282224e6	2.0968676472081036
2.4592029836430373e6	2.099244184878308
2.459202985957852e6	2.101620722548512
2.459202988272667e6	2.1039972602187165
2.4592029905874818e6	2.1063737978889208
2.4592029929022966e6	2.108750335559125
2.4592029952171114e6	2.1111268732293293
2.4592029975319263e6	2.1135034108995336
2.459202999846741e6	2.115879948569738
2.459203002161556e6	2.1182564862399422
2.4592030044763708e6	2.1206330239101465
2.4592030067911856e6	2.123009561580351
2.4592030091060004e6	2.125386099250555
2.4592030114208153e6	2.1277626369207594
2.45920301373563e6	2.1301391745909637
2.459203016050445e6	2.132515712261168
2.4592030183652597e6	2.1348922499313723
2.4592030206800746e6	2.1372687876015766
2.4592030229948894e6	2.139645325271781
2.4592030253097042e6	2.142021862941985
2.459203027624519e6	2.1443984006121894
2.459203029939334e6	2.1467749382823937
2.4592030322541487e6	2.149151475952598
2.4592030345689636e6	2.1515280136228023
2.4592030368837784e6	2.153904551293007
2.4592030391985932e6	2.1562810889632114
2.4592030415134076e6	2.1586576261553376
2.4592030438282224e6	2.161034163825542
2.4592030461430373e6	2.163410701495746
2.459203048457852e6	2.1657872391659505
2.459203050772667e6	2.168163776836155
2.4592030530874818e6	2.170540314506359
2.4592030554022966e6	2.1729168521765634
2.4592030577171114e6	2.1752933898467677
2.4592030600319263e6	2.177669927516972
2.459203062346741e6	2.1800464651871763
2.459203064661556e6	2.1824230028573806
2.4592030669763708e6	2.1847995405275853
2.4592030692911856e6	2.1871760781977896
2.4592030716060004e6	2.189552615867994
2.4592030739208153e6	2.191929153538198
2.45920307623563e6	2.1943056912084025
2.459203078550445e6	2.1966822288786068
2.4592030808652597e6	2.199058766548811
2.4592030831800746e6	2.2014353042190153
2.4592030854948894e6	2.2038118418892196
2.4592030878097042e6	2.206188379559424
2.459203090124519e6	2.208564917229628
2.459203092439334e6	2.2109414548998325
2.4592030947541487e6	2.213317992570037
2.4592030970689636e6	2.215694530240241
2.4592030993837784e6	2.2180710679104454
2.4592031016985932e6	2.2204476055806497
2.4592031040134076e6	2.2228241427727764
2.4592031063282224e6	2.2252006804429807
2.4592031086430373e6	2.227577218113185
2.459203110957852e6	2.2299537557833893
2.459203113272667e6	2.2323302934535936
2.4592031155874818e6	2.234706831123798
2.4592031179022966e6	2.237083368794002
2.4592031202171114e6	2.2394599064642065
2.4592031225319263e6	2.2418364441344107
2.459203124846741e6	2.244212981804615
2.459203127161556e6	2.2465895194748193
2.4592031294763708e6	2.2489660571450236
2.4592031317911856e6	2.251342594815228
2.4592031341060004e6	2.253719132485432
2.4592031364208153e6	2.2560956701556365
2.45920313873563e6	2.258472207825841
2.459203141050445e6	2.260848745496045
2.4592031433652597e6	2.2632252831662494
2.4592031456800746e6	2.2656018208364537
2.4592031479948894e6	2.267978358506658
2.4592031503097042e6	2.2703548961768623
2.459203152624519e6	2.2727314338470666
2.459203154939334e6	2.2751079715172713
2.4592031572541487e6	2.2774845091874756
2.4592031595689636e6	2.27986104685768
2.4592031618837784e6	2.282237584527884
2.4592031641985932e6	2.2846141221980885
2.4592031665134076e6	2.2869906593902147
2.4592031688282224e6	2.289367197060419
2.4592031711430373e6	2.2917437347306233
2.459203173457852e6	2.2941202724008276
2.459203175772667e6	2.296496810071032
2.4592031780874818e6	2.298873347741236
2.4592031804022966e6	2.3012498854114405
2.4592031827171114e6	2.303626423081645
2.4592031850319263e6	2.3060029607518495
2.459203187346741e6	2.308379498422054
2.459203189661556e6	2.310756036092258
2.4592031919763708e6	2.3131325737624624
2.4592031942911856e6	2.3155091114326667
2.4592031966060004e6	2.317885649102871
2.4592031989208153e6	2.3202621867730753
2.45920320123563e6	2.3226387244432796
2.459203203550445e6	2.325015262113484
2.4592032058652597e6	2.327391799783688
2.4592032081800746e6	2.3297683374538924
2.4592032104948894e6	2.3321448751240967
2.4592032128097042e6	2.334521412794301
2.459203215124519e6	2.3368979504645053
2.459203217439334e6	2.3392744881347096
2.4592032197541487e6	2.341651025804914
2.4592032220689636e6	2.344027563475118
2.4592032243837784e6	2.3464041011453225
2.4592032266985932e6	2.348780638815527
2.4592032290134076e6	2.3511571760076535
2.4592032313282224e6	2.353533713677858
2.4592032336430373e6	2.355910251348062
2.459203235957852e6	2.3582867890182664
2.459203238272667e6	2.3606633266884707
2.4592032405874818e6	2.363039864358675
2.4592032429022966e6	2.3654164020288793
2.4592032452171114e6	2.3677929396990836
2.4592032475319263e6	2.370169477369288
2.459203249846741e6	2.372546015039492
2.459203252161556e6	2.3749225527096964
2.4592032544763708e6	2.3772990903799007
2.4592032567911856e6	2.379675628050105
2.4592032591060004e6	2.3820521657203093
2.4592032614208153e6	2.3844287033905136
2.45920326373563e6	2.386805241060718
2.459203266050445e6	2.389181778730922
2.4592032683652597e6	2.3915583164011265
2.4592032706800746e6	2.3939348540713308
2.4592032729948894e6	2.3963113917415355
2.4592032753097042e6	2.39868792941174
2.459203277624519e6	2.401064467081944
2.459203279939334e6	2.4034410047521484
2.4592032822541487e6	2.4058175424223527
2.4592032845689636e6	2.408194080092557
2.4592032868837784e6	2.4105706177627613
2.4592032891985932e6	2.4129471554329656
2.4592032915134076e6	2.415323692625092
2.4592032938282224e6	2.417700230295296
2.4592032961430373e6	2.4200767679655004
2.459203298457852e6	2.4224533056357047
2.459203300772667e6	2.424829843305909
2.4592033030874818e6	2.4272063809761137
2.4592033054022966e6	2.429582918646318
2.4592033077171114e6	2.4319594563165223
2.4592033100319263e6	2.4343359939867266
2.459203312346741e6	2.436712531656931
2.459203314661556e6	2.439089069327135
2.4592033169763708e6	2.4414656069973395
2.4592033192911856e6	2.443842144667544
2.4592033216060004e6	2.446218682337748
2.4592033239208153e6	2.4485952200079524
2.45920332623563e6	2.4509717576781567
2.459203328550445e6	2.453348295348361
2.4592033308652597e6	2.4557248330185653
2.4592033331800746e6	2.4581013706887695
2.4592033354948894e6	2.460477908358974
2.4592033378097042e6	2.462854446029178
2.459203340124519e6	2.4652309836993824
2.459203342439334e6	2.4676075213695867
2.4592033447541487e6	2.469984059039791
2.4592033470689636e6	2.4723605967099953
2.4592033493837784e6	2.4747371343801996
2.4592033516985932e6	2.477113672050404
2.4592033540134076e6	2.4794902092425306
2.4592033563282224e6	2.481866746912735
2.4592033586430373e6	2.484243284582939
2.459203360957852e6	2.4866198222531435
2.459203363272667e6	2.488996359923348
2.4592033655874818e6	2.491372897593552
2.4592033679022966e6	2.4937494352637564
2.4592033702171114e6	2.4961259729339607
2.4592033725319263e6	2.498502510604165
2.459203374846741e6	2.5008790482743692
2.459203377161556e6	2.5032555859445735
2.4592033794763708e6	2.505632123614778
2.4592033817911856e6	2.508008661284982
2.4592033841060004e6	2.5103851989551864
2.4592033864208153e6	2.5127617366253907
2.45920338873563e6	2.515138274295595
2.459203391050445e6	2.5175148119657997
2.4592033933652597e6	2.519891349636004
2.4592033956800746e6	2.5222678873062083
2.4592033979948894e6	2.5246444249764126
2.4592034003097042e6	2.527020962646617
2.459203402624519e6	2.529397500316821
2.459203404939334e6	2.5317740379870255
2.4592034072541487e6	2.53415057565723
2.4592034095689636e6	2.536527113327434
2.4592034118837784e6	2.5389036509976384
2.4592034141985932e6	2.5412801886678427
2.4592034165134076e6	2.543656725859969
2.4592034188282224e6	2.5460332635301732
2.4592034211430373e6	2.548409801200378
2.459203423457852e6	2.5507863388705823
2.459203425772667e6	2.5531628765407866
2.4592034280874818e6	2.555539414210991
2.4592034304022966e6	2.557915951881195
2.4592034327171114e6	2.5602924895513994
2.4592034350319263e6	2.5626690272216037
2.459203437346741e6	2.565045564891808
2.459203439661556e6	2.5674221025620123
2.4592034419763708e6	2.5697986402322166
2.4592034442911856e6	2.572175177902421
2.4592034466060004e6	2.574551715572625
2.4592034489208153e6	2.5769282532428295
2.45920345123563e6	2.5793047909130338
2.459203453550445e6	2.581681328583238
2.4592034558652597e6	2.5840578662534424
2.4592034581800746e6	2.5864344039236467
2.4592034604948894e6	2.588810941593851
2.4592034628097042e6	2.5911874792640552
2.459203465124519e6	2.5935640169342595
2.459203467439334e6	2.595940554604464
2.4592034697541487e6	2.598317092274668
2.4592034720689636e6	2.6006936299448724
2.4592034743837784e6	2.6030701676150767
2.4592034766985932e6	2.605446705285281
2.4592034790134076e6	2.6078232424774077
2.4592034813282224e6	2.610199780147612
2.4592034836430373e6	2.6125763178178163
2.459203485957852e6	2.6149528554880206
2.459203488272667e6	2.617329393158225
2.4592034905874818e6	2.619705930828429
2.4592034929022966e6	2.6220824684986335
2.4592034952171114e6	2.6244590061688378
2.4592034975319263e6	2.626835543839042
2.459203499846741e6	2.6292120815092463
2.459203502161556e6	2.6315886191794506
2.4592035044763708e6	2.633965156849655
2.4592035067911856e6	2.6363416945198592
2.4592035091060004e6	2.638718232190064
2.4592035114208153e6	2.6410947698602683
2.45920351373563e6	2.6434713075304725
2.459203516050445e6	2.645847845200677
2.4592035183652597e6	2.648224382870881
2.4592035206800746e6	2.6506009205410854
2.4592035229948894e6	2.6529774582112897
2.4592035253097042e6	2.655353995881494
2.459203527624519e6	2.6577305335516983
2.459203529939334e6	2.6601070712219026
2.4592035322541487e6	2.662483608892107
2.4592035345689636e6	2.664860146562311
2.4592035368837784e6	2.6672366842325155
2.4592035391985932e6	2.6696132219027198
2.4592035415134076e6	2.6719897590948465
2.4592035438282224e6	2.6743662967650508
2.4592035461430373e6	2.676742834435255
2.459203548457852e6	2.6791193721054594
2.459203550772667e6	2.6814959097756637
2.4592035530874818e6	2.683872447445868
2.4592035554022966e6	2.6862489851160722
2.4592035577171114e6	2.6886255227862765
2.4592035600319263e6	2.691002060456481
2.459203562346741e6	2.693378598126685
2.459203564661556e6	2.6957551357968894
2.4592035669763708e6	2.6981316734670937
2.4592035692911856e6	2.700508211137298
2.4592035716060004e6	2.7028847488075023
2.4592035739208153e6	2.7052612864777066
2.45920357623563e6	2.707637824147911
2.459203578550445e6	2.710014361818115
2.4592035808652597e6	2.7123908994883195
2.4592035831800746e6	2.7147674371585238
2.4592035854948894e6	2.717143974828728
2.4592035878097042e6	2.7195205124989323
2.459203590124519e6	2.7218970501691366
2.459203592439334e6	2.724273587839341
2.4592035947541487e6	2.726650125509545
2.4592035970689636e6	2.72902666317975
2.4592035993837784e6	2.7314032008499542
2.4592036016985932e6	2.7337797385201585
2.4592036040134076e6	2.736156275712285
2.4592036063282224e6	2.738532813382489
2.4592036086430373e6	2.7409093510526934
2.459203610957852e6	2.7432858887228977
2.459203613272667e6	2.745662426393102
2.4592036155874818e6	2.7480389640633063
2.4592036179022966e6	2.7504155017335106
2.4592036202171114e6	2.752792039403715
2.4592036225319263e6	2.755168577073919
2.459203624846741e6	2.7575451147441234
2.459203627161556e6	2.759921652414328
2.4592036294763708e6	2.7622981900845325
2.4592036317911856e6	2.7646747277547368
2.4592036341060004e6	2.767051265424941
2.4592036364208153e6	2.7694278030951454
2.45920363873563e6	2.7718043407653497
2.459203641050445e6	2.774180878435554
2.4592036433652597e6	2.7765574161057582
2.4592036456800746e6	2.7789339537759625
2.4592036479948894e6	2.781310491446167
2.4592036503097042e6	2.783687029116371
2.459203652624519e6	2.7860635667865754
2.459203654939334e6	2.7884401044567797
2.4592036572541487e6	2.790816642126984
2.4592036595689636e6	2.7931931797971883
2.4592036618837784e6	2.7955697174673926
2.4592036641985932e6	2.797946255137597
2.4592036665134076e6	2.8003227923297236
2.4592036688282224e6	2.802699329999928
2.4592036711430373e6	2.805075867670132
2.459203673457852e6	2.8074524053403365
2.459203675772667e6	2.8098289430105408
2.4592036780874818e6	2.812205480680745
2.4592036804022966e6	2.8145820183509493
2.4592036827171114e6	2.8169585560211536
2.4592036850319263e6	2.819335093691358
2.459203687346741e6	2.8217116313615622
2.459203689661556e6	2.8240881690317665
2.4592036919763708e6	2.826464706701971
2.4592036942911856e6	2.828841244372175
2.4592036966060004e6	2.8312177820423794
2.4592036989208153e6	2.8335943197125837
2.45920370123563e6	2.835970857382788
2.459203703550445e6	2.8383473950529923
2.4592037058652597e6	2.8407239327231966
2.4592037081800746e6	2.843100470393401
2.4592037104948894e6	2.845477008063605
2.4592037128097042e6	2.8478535457338094
2.459203715124519e6	2.850230083404014
2.459203717439334e6	2.8526066210742185
2.4592037197541487e6	2.8549831587444228
2.4592037220689636e6	2.857359696414627
2.4592037243837784e6	2.8597362340848314
2.4592037266985932e6	2.8621127717550356
2.4592037290134076e6	2.864489308947162
2.4592037313282224e6	2.866865846617366
2.4592037336430373e6	2.8692423842875705
2.459203735957852e6	2.871618921957775
2.459203738272667e6	2.873995459627979
2.4592037405874818e6	2.8763719972981834
2.4592037429022966e6	2.878748534968388
2.4592037452171114e6	2.8811250726385924
2.4592037475319263e6	2.8835016103087967
2.459203749846741e6	2.885878147979001
2.459203752161556e6	2.8882546856492053
2.4592037544763708e6	2.8906312233194096
2.4592037567911856e6	2.893007760989614
2.4592037591060004e6	2.895384298659818
2.4592037614208153e6	2.8977608363300225
2.45920376373563e6	2.9001373740002268
2.459203766050445e6	2.902513911670431
2.4592037683652597e6	2.9048904493406353
2.4592037706800746e6	2.9072669870108396
2.4592037729948894e6	2.909643524681044
2.4592037753097042e6	2.912020062351248
2.459203777624519e6	2.9143966000214525
2.459203779939334e6	2.916773137691657
2.4592037822541487e6	2.919149675361861
2.4592037845689636e6	2.9215262130320654
2.4592037868837784e6	2.9239027507022697
2.4592037891985932e6	2.926279288372474
2.4592037915134076e6	2.9286558255646007
2.4592037938282224e6	2.931032363234805
2.4592037961430373e6	2.9334089009050093
2.459203798457852e6	2.9357854385752136
2.459203800772667e6	2.938161976245418
2.4592038030874818e6	2.940538513915622
2.4592038054022966e6	2.9429150515858264
2.4592038077171114e6	2.9452915892560307
2.4592038100319263e6	2.947668126926235
2.459203812346741e6	2.9500446645964393
2.459203814661556e6	2.9524212022666436
2.4592038169763708e6	2.954797739936848
2.4592038192911856e6	2.957174277607052
2.4592038216060004e6	2.9595508152772565
2.4592038239208153e6	2.961927352947461
2.45920382623563e6	2.964303890617665
2.459203828550445e6	2.9666804282878694
2.4592038308652597e6	2.969056965958074
2.4592038331800746e6	2.9714335036282784
2.4592038354948894e6	2.9738100412984827
2.4592038378097042e6	2.976186578968687
2.459203840124519e6	2.9785631166388913
2.459203842439334e6	2.9809396543090956
2.4592038447541487e6	2.9833161919793
2.4592038470689636e6	2.985692729649504
2.4592038493837784e6	2.9880692673197085
2.4592038516985932e6	2.9904458049899127
2.4592038540134076e6	2.992822342182039
2.4592038563282224e6	2.9951988798522433
2.4592038586430373e6	2.9975754175224476
2.459203860957852e6	2.9999519551926523
2.459203863272667e6	3.0023284928628566
2.4592038655874818e6	3.004705030533061
2.4592038679022966e6	3.007081568203265
2.4592038702171114e6	3.0094581058734695
2.4592038725319263e6	3.011834643543674
2.459203874846741e6	3.014211181213878
2.459203877161556e6	3.0165877188840824
2.4592038794763708e6	3.0189642565542867
2.4592038817911856e6	3.021340794224491
2.4592038841060004e6	3.0237173318946953
2.4592038864208153e6	3.0260938695648996
2.45920388873563e6	3.028470407235104
2.459203891050445e6	3.030846944905308
2.4592038933652597e6	3.0332234825755124
2.4592038956800746e6	3.0356000202457167
2.4592038979948894e6	3.037976557915921
2.4592039003097042e6	3.0403530955861253
2.459203902624519e6	3.0427296332563296
2.459203904939334e6	3.045106170926534
2.4592039072541487e6	3.047482708596738
2.4592039095689636e6	3.0498592462669425
2.4592039118837784e6	3.052235783937147
2.4592039141985932e6	3.054612321607351
2.4592039165134076e6	3.056988858799478
2.4592039188282224e6	3.059365396469682
2.4592039211430373e6	3.0617419341398864
2.459203923457852e6	3.0641184718100907
2.459203925772667e6	3.066495009480295
2.4592039280874818e6	3.0688715471504993
2.4592039304022966e6	3.0712480848207035
2.4592039327171114e6	3.073624622490908
2.4592039350319263e6	3.076001160161112
2.459203937346741e6	3.0783776978313164
2.459203939661556e6	3.0807542355015207
2.4592039419763708e6	3.083130773171725
2.4592039442911856e6	3.0855073108419293
2.4592039466060004e6	3.0878838485121336
2.4592039489208153e6	3.0902603861823383
2.45920395123563e6	3.0926369238525426
2.459203953550445e6	3.095013461522747
2.4592039558652597e6	3.097389999192951
2.4592039581800746e6	3.0997665368631555
2.4592039604948894e6	3.10214307453336
2.4592039628097042e6	3.104519612203564
2.459203965124519e6	3.1068961498737684
2.459203967439334e6	3.1092726875439727
2.4592039697541487e6	3.111649225214177
2.4592039720689636e6	3.1140257628843813
2.4592039743837784e6	3.1164023005545856
2.4592039766985932e6	3.11877883822479
2.4592039790134076e6	3.1211553754169166
2.4592039813282224e6	3.123531913087121
2.4592039836430373e6	3.125908450757325
2.459203985957852e6	3.1282849884275294
2.459203988272667e6	3.1306615260977337
2.4592039905874818e6	3.133038063767938
2.4592039929022966e6	3.1354146014381423
2.4592039952171114e6	3.1377911391083466
2.4592039975319263e6	3.140167676778551
2.459203999846741e6	3.142544214448755
2.459204002161556e6	3.1449207521189595
2.4592040044763708e6	3.147297289789164
2.4592040067911856e6	3.149673827459368
2.4592040091060004e6	3.1520503651295724
2.4592040114208153e6	3.1544269027997767
2.45920401373563e6	3.156803440469981
2.459204016050445e6	3.1591799781401853
2.4592040183652597e6	3.1615565158103895
2.4592040206800746e6	3.163933053480594
2.4592040229948894e6	3.166309591150798
2.4592040253097042e6	3.1686861288210024
2.459204027624519e6	3.1710626664912067
2.459204029939334e6	3.173439204161411
2.4592040322541487e6	3.1758157418316153
2.4592040345689636e6	3.1781922795018196
2.4592040368837784e6	3.1805688171720243
2.4592040391985932e6	3.1829453548422286
2.4592040415134076e6	3.185321892034355
2.4592040438282224e6	3.187698429704559
2.4592040461430373e6	3.1900749673747635
2.459204048457852e6	3.1924515050449678
2.459204050772667e6	3.194828042715172
2.4592040530874818e6	3.1972045803853764
2.4592040554022966e6	3.1995811180555807
2.4592040577171114e6	3.201957655725785
2.4592040600319263e6	3.2043341933959892
2.459204062346741e6	3.2067107310661935
2.459204064661556e6	3.209087268736398
2.4592040669763708e6	3.2114638064066026
2.4592040692911856e6	3.213840344076807
2.4592040716060004e6	3.216216881747011
2.4592040739208153e6	3.2185934194172154
2.45920407623563e6	3.2209699570874197
2.459204078550445e6	3.223346494757624
2.4592040808652597e6	3.2257230324278283
2.4592040831800746e6	3.2280995700980326
2.4592040854948894e6	3.230476107768237
2.4592040878097042e6	3.232852645438441
2.459204090124519e6	3.2352291831086455
2.459204092439334e6	3.23760572077885
2.4592040947541487e6	3.239982258449054
2.4592040970689636e6	3.2423587961192584
2.4592040993837784e6	3.2447353337894627
2.4592041016985932e6	3.247111871459667
2.4592041040134076e6	3.2494884086517937
2.4592041063282224e6	3.251864946321998
2.4592041086430373e6	3.2542414839922023
2.459204110957852e6	3.2566180216624065
2.459204113272667e6	3.258994559332611
2.4592041155874818e6	3.261371097002815
2.4592041179022966e6	3.2637476346730194
2.4592041202171114e6	3.2661241723432237
2.4592041225319263e6	3.268500710013428
2.459204124846741e6	3.2708772476836323
2.459204127161556e6	3.2732537853538366
2.4592041294763708e6	3.275630323024041
2.4592041317911856e6	3.278006860694245
2.4592041341060004e6	3.2803833983644495
2.4592041364208153e6	3.2827599360346538
2.45920413873563e6	3.285136473704858
2.459204141050445e6	3.2875130113750624
2.4592041433652597e6	3.2898895490452666
2.4592041456800746e6	3.292266086715471
2.4592041479948894e6	3.2946426243856752
2.4592041503097042e6	3.2970191620558795
2.459204152624519e6	3.299395699726084
2.459204154939334e6	3.3017722373962886
2.4592041572541487e6	3.304148775066493
2.4592041595689636e6	3.306525312736697
2.4592041618837784e6	3.3089018504069014
2.4592041641985932e6	3.3112783880771057
2.4592041665134076e6	3.313654925269232
2.4592041688282224e6	3.3160314629394363
2.4592041711430373e6	3.3184080006096406
2.459204173457852e6	3.320784538279845
2.459204175772667e6	3.323161075950049
2.4592041780874818e6	3.3255376136202535
2.4592041804022966e6	3.3279141512904578
2.4592041827171114e6	3.330290688960662
2.4592041850319263e6	3.332667226630867
2.459204187346741e6	3.335043764301071
2.459204189661556e6	3.3374203019712754
2.4592041919763708e6	3.3397968396414797
2.4592041942911856e6	3.342173377311684
2.4592041966060004e6	3.3445499149818883
2.4592041989208153e6	3.3469264526520925
2.45920420123563e6	3.349302990322297
2.459204203550445e6	3.351679527992501
2.4592042058652597e6	3.3540560656627054
2.4592042081800746e6	3.3564326033329097
2.4592042104948894e6	3.358809141003114
2.4592042128097042e6	3.3611856786733183
2.459204215124519e6	3.3635622163435226
2.459204217439334e6	3.365938754013727
2.4592042197541487e6	3.368315291683931
2.4592042220689636e6	3.3706918293541355
2.4592042243837784e6	3.3730683670243398
2.4592042266985932e6	3.375444904694544
2.4592042290134076e6	3.3778214418866708
2.4592042313282224e6	3.380197979556875
2.4592042336430373e6	3.3825745172270794
2.459204235957852e6	3.3849510548972837
2.459204238272667e6	3.387327592567488
2.4592042405874818e6	3.3897041302376922
2.4592042429022966e6	3.3920806679078965
2.4592042452171114e6	3.394457205578101
2.4592042475319263e6	3.396833743248305
2.459204249846741e6	3.3992102809185094
2.459204252161556e6	3.4015868185887137
2.4592042544763708e6	3.403963356258918
2.4592042567911856e6	3.4063398939291223
2.4592042591060004e6	3.4087164315993266
2.4592042614208153e6	3.411092969269531
2.45920426373563e6	3.413469506939735
2.459204266050445e6	3.4158460446099395
2.4592042683652597e6	3.4182225822801438
2.4592042706800746e6	3.420599119950348
2.4592042729948894e6	3.422975657620553
2.4592042753097042e6	3.425352195290757
2.459204277624519e6	3.4277287329609614
2.459204279939334e6	3.4301052706311657
2.4592042822541487e6	3.43248180830137
2.4592042845689636e6	3.4348583459715742
2.4592042868837784e6	3.4372348836417785
2.4592042891985932e6	3.439611421311983
2.4592042915134076e6	3.441987958504109
2.4592042938282224e6	3.4443644961743134
2.4592042961430373e6	3.4467410338445177
2.459204298457852e6	3.449117571514722
2.459204300772667e6	3.4514941091849263
2.4592043030874818e6	3.453870646855131
2.4592043054022966e6	3.4562471845253353
2.4592043077171114e6	3.4586237221955396
2.4592043100319263e6	3.461000259865744
2.459204312346741e6	3.463376797535948
2.459204314661556e6	3.4657533352061525
2.4592043169763708e6	3.4681298728763568
2.4592043192911856e6	3.470506410546561
2.4592043216060004e6	3.4728829482167654
2.4592043239208153e6	3.4752594858869696
2.45920432623563e6	3.477636023557174
2.459204328550445e6	3.4800125612273782
2.4592043308652597e6	3.4823890988975825
2.4592043331800746e6	3.484765636567787
2.4592043354948894e6	3.487142174237991
2.4592043378097042e6	3.4895187119081954
2.459204340124519e6	3.4918952495783997
2.459204342439334e6	3.494271787248604
2.4592043447541487e6	3.4966483249188083
2.4592043470689636e6	3.4990248625890126
2.4592043493837784e6	3.501401400259217
2.4592043516985932e6	3.503777937929421
2.4592043540134076e6	3.506154475121548
2.4592043563282224e6	3.508531012791752
2.4592043586430373e6	3.5109075504619565
2.459204360957852e6	3.5132840881321608
2.459204363272667e6	3.515660625802365
2.4592043655874818e6	3.5180371634725693
2.4592043679022966e6	3.5204137011427736
2.4592043702171114e6	3.522790238812978
2.4592043725319263e6	3.525166776483182
2.459204374846741e6	3.5275433141533865
2.459204377161556e6	3.529919851823591
2.4592043794763708e6	3.532296389493795
2.4592043817911856e6	3.5346729271639994
2.4592043841060004e6	3.5370494648342037
2.4592043864208153e6	3.539426002504408
2.45920438873563e6	3.5418025401746123
2.459204391050445e6	3.544179077844817
2.4592043933652597e6	3.5465556155150213
2.4592043956800746e6	3.5489321531852256
2.4592043979948894e6	3.55130869085543
2.4592044003097042e6	3.553685228525634
2.459204402624519e6	3.5560617661958385
2.459204404939334e6	3.5584383038660428
2.4592044072541487e6	3.560814841536247
2.4592044095689636e6	3.5631913792064513
2.4592044118837784e6	3.5655679168766556
2.4592044141985932e6	3.56794445454686
2.4592044165134076e6	3.570320991738986
2.4592044188282224e6	3.5726975294091905
2.4592044211430373e6	3.5750740670793952
2.459204423457852e6	3.5774506047495995
2.459204425772667e6	3.579827142419804
2.4592044280874818e6	3.582203680090008
2.4592044304022966e6	3.5845802177602124
2.4592044327171114e6	3.5869567554304167
2.4592044350319263e6	3.589333293100621
2.459204437346741e6	3.5917098307708253
2.459204439661556e6	3.5940863684410296
2.4592044419763708e6	3.596462906111234
2.4592044442911856e6	3.598839443781438
2.4592044466060004e6	3.6012159814516425
2.4592044489208153e6	3.6035925191218467
2.45920445123563e6	3.605969056792051
2.459204453550445e6	3.6083455944622553
2.4592044558652597e6	3.6107221321324596
2.4592044581800746e6	3.613098669802664
2.4592044604948894e6	3.615475207472868
2.4592044628097042e6	3.6178517451430725
2.459204465124519e6	3.620228282813277
2.459204467439334e6	3.622604820483481
2.4592044697541487e6	3.6249813581536854
2.4592044720689636e6	3.6273578958238897
2.4592044743837784e6	3.629734433494094
2.4592044766985932e6	3.6321109711642983
2.4592044790134076e6	3.634487508356425
2.4592044813282224e6	3.6368640460266293
2.4592044836430373e6	3.6392405836968336
2.459204485957852e6	3.641617121367038
2.459204488272667e6	3.643993659037242
2.4592044905874818e6	3.6463701967074464
2.4592044929022966e6	3.6487467343776507
2.4592044952171114e6	3.651123272047855
2.4592044975319263e6	3.6534998097180593
2.459204499846741e6	3.6558763473882636
2.459204502161556e6	3.658252885058468
2.4592045044763708e6	3.660629422728672
2.4592045067911856e6	3.6630059603988765
2.4592045091060004e6	3.6653824980690812
2.4592045114208153e6	3.6677590357392855
2.45920451373563e6	3.67013557340949
2.459204516050445e6	3.672512111079694
2.4592045183652597e6	3.6748886487498984
2.4592045206800746e6	3.6772651864201027
2.4592045229948894e6	3.679641724090307
2.4592045253097042e6	3.6820182617605113
2.459204527624519e6	3.6843947994307156
2.459204529939334e6	3.68677133710092
2.4592045322541487e6	3.689147874771124
2.4592045345689636e6	3.6915244124413285
2.4592045368837784e6	3.6939009501115327
2.4592045391985932e6	3.696277487781737
2.4592045415134076e6	3.6986540249738638
2.4592045438282224e6	3.701030562644068
2.4592045461430373e6	3.7034071003142723
2.459204548457852e6	3.7057836379844766
2.459204550772667e6	3.708160175654681
2.4592045530874818e6	3.710536713324885
2.4592045554022966e6	3.7129132509950895
2.4592045577171114e6	3.715289788665294
2.4592045600319263e6	3.717666326335498
2.459204562346741e6	3.7200428640057024
2.459204564661556e6	3.7224194016759067
2.4592045669763708e6	3.724795939346111
2.4592045692911856e6	3.7271724770163153
2.4592045716060004e6	3.7295490146865196
2.4592045739208153e6	3.731925552356724
2.45920457623563e6	3.734302090026928
2.459204578550445e6	3.7366786276971324
2.4592045808652597e6	3.7390551653673367
2.4592045831800746e6	3.741431703037541
2.4592045854948894e6	3.7438082407077453
2.4592045878097042e6	3.7461847783779496
2.459204590124519e6	3.748561316048154
2.459204592439334e6	3.750937853718358
2.4592045947541487e6	3.7533143913885625
2.4592045970689636e6	3.7556909290587672
2.4592045993837784e6	3.7580674667289715
2.4592046016985932e6	3.760444004399176
2.4592046040134076e6	3.762820541591302
2.4592046063282224e6	3.7651970792615064
2.4592046086430373e6	3.7675736169317107
2.459204610957852e6	3.769950154601915
2.459204613272667e6	3.7723266922721193
2.4592046155874818e6	3.7747032299423235
2.4592046179022966e6	3.777079767612528
2.4592046202171114e6	3.779456305282732
2.4592046225319263e6	3.7818328429529364
2.459204624846741e6	3.7842093806231407
2.459204627161556e6	3.7865859182933455
2.4592046294763708e6	3.7889624559635497
2.4592046317911856e6	3.791338993633754
2.4592046341060004e6	3.7937155313039583
2.4592046364208153e6	3.7960920689741626
2.45920463873563e6	3.798468606644367
2.459204641050445e6	3.800845144314571
2.4592046433652597e6	3.8032216819847755
2.4592046456800746e6	3.80559821965498
2.4592046479948894e6	3.807974757325184
2.4592046503097042e6	3.8103512949953884
2.459204652624519e6	3.8127278326655927
2.459204654939334e6	3.815104370335797
2.4592046572541487e6	3.8174809080060013
2.4592046595689636e6	3.8198574456762056
2.4592046618837784e6	3.82223398334641
2.4592046641985932e6	3.824610521016614
2.4592046665134076e6	3.826987058208741
2.4592046688282224e6	3.829363595878945
2.4592046711430373e6	3.8317401335491494
2.459204673457852e6	3.8341166712193537
2.459204675772667e6	3.836493208889558
2.4592046780874818e6	3.8388697465597623
2.4592046804022966e6	3.8412462842299666
2.4592046827171114e6	3.843622821900171
2.4592046850319263e6	3.845999359570375
2.459204687346741e6	3.8483758972405795
2.459204689661556e6	3.850752434910784
2.4592046919763708e6	3.853128972580988
2.4592046942911856e6	3.8555055102511924
2.4592046966060004e6	3.8578820479213967
2.4592046989208153e6	3.860258585591601
2.45920470123563e6	3.8626351232618052
2.459204703550445e6	3.8650116609320095
2.4592047058652597e6	3.867388198602214
2.4592047081800746e6	3.869764736272418
2.4592047104948894e6	3.8721412739426224
2.4592047128097042e6	3.8745178116128267
2.459204715124519e6	3.8768943492830314
2.459204717439334e6	3.8792708869532357
2.4592047197541487e6	3.88164742462344
2.4592047220689636e6	3.8840239622936443
2.4592047243837784e6	3.8864004999638486
2.4592047266985932e6	3.888777037634053
2.4592047290134076e6	3.891153574826179
2.4592047313282224e6	3.8935301124963835
2.4592047336430373e6	3.8959066501665878
2.459204735957852e6	3.898283187836792
2.459204738272667e6	3.9006597255069964
2.4592047405874818e6	3.9030362631772006
2.4592047429022966e6	3.9054128008474054
2.4592047452171114e6	3.9077893385176097
2.4592047475319263e6	3.910165876187814
2.459204749846741e6	3.9125424138580183
2.459204752161556e6	3.9149189515282226
2.4592047544763708e6	3.917295489198427
2.4592047567911856e6	3.919672026868631
2.4592047591060004e6	3.9220485645388354
2.4592047614208153e6	3.9244251022090397
2.45920476373563e6	3.926801639879244
2.459204766050445e6	3.9291781775494483
2.4592047683652597e6	3.9315547152196526
2.4592047706800746e6	3.933931252889857
2.4592047729948894e6	3.936307790560061
2.4592047753097042e6	3.9386843282302655
2.459204777624519e6	3.94106086590047
2.459204779939334e6	3.943437403570674
2.4592047822541487e6	3.9458139412408784
2.4592047845689636e6	3.9481904789110827
2.4592047868837784e6	3.950567016581287
2.4592047891985932e6	3.9529435542514912
2.4592047915134076e6	3.955320091443618
2.4592047938282224e6	3.9576966291138223
2.4592047961430373e6	3.9600731667840265
2.459204798457852e6	3.962449704454231
2.459204800772667e6	3.964826242124435
2.4592048030874818e6	3.9672027797946394
2.4592048054022966e6	3.9695793174648437
2.4592048077171114e6	3.971955855135048
2.4592048100319263e6	3.9743323928052523
2.459204812346741e6	3.9767089304754566
2.459204814661556e6	3.979085468145661
2.4592048169763708e6	3.981462005815865
2.4592048192911856e6	3.9838385434860695
2.4592048216060004e6	3.9862150811562738
2.4592048239208153e6	3.988591618826478
2.45920482623563e6	3.9909681564966824
2.459204828550445e6	3.9933446941668866
2.4592048308652597e6	3.9957212318370914
2.4592048331800746e6	3.9980977695072957
2.4592048354948894e6	4.0004743071775
2.4592048378097042e6	4.002850844847704
2.459204840124519e6	4.0052273825179086
2.459204842439334e6	4.007603920188113
2.4592048447541487e6	4.009980457858317
2.4592048470689636e6	4.012356995528521
2.4592048493837784e6	4.014733533198726
2.4592048516985932e6	4.01711007086893
2.4592048540134076e6	4.019486608061056
2.4592048563282224e6	4.021863145731261
2.4592048586430373e6	4.024239683401465
2.459204860957852e6	4.026616221071669
2.459204863272667e6	4.0289927587418735
2.4592048655874818e6	4.031369296412078
2.4592048679022966e6	4.033745834082282
2.4592048702171114e6	4.036122371752486
2.4592048725319263e6	4.038498909422691
2.459204874846741e6	4.040875447092895
2.459204877161556e6	4.043251984763099
2.4592048794763708e6	4.0456285224333035
2.4592048817911856e6	4.048005060103508
2.4592048841060004e6	4.050381597773712
2.4592048864208153e6	4.052758135443916
2.45920488873563e6	4.055134673114121
2.459204891050445e6	4.057511210784326
2.4592048933652597e6	4.05988774845453
2.4592048956800746e6	4.0622642861247344
2.4592048979948894e6	4.064640823794939
2.4592049003097042e6	4.067017361465143
2.459204902624519e6	4.069393899135347
2.459204904939334e6	4.071770436805552
2.4592049072541487e6	4.074146974475756
2.4592049095689636e6	4.07652351214596
2.4592049118837784e6	4.0789000498161645
2.4592049141985932e6	4.081276587486369
2.4592049165134076e6	4.083653124678495
2.4592049188282224e6	4.086029662348699
2.4592049211430373e6	4.088406200018904
2.459204923457852e6	4.090782737689108
2.459204925772667e6	4.093159275359312
2.4592049280874818e6	4.0955358130295165
2.4592049304022966e6	4.097912350699721
2.4592049327171114e6	4.100288888369925
2.4592049350319263e6	4.102665426040129
2.459204937346741e6	4.105041963710334
2.459204939661556e6	4.107418501380538
2.4592049419763708e6	4.109795039050742
2.4592049442911856e6	4.112171576720947
2.4592049466060004e6	4.114548114391151
2.4592049489208153e6	4.116924652061355
2.45920495123563e6	4.1193011897315595
2.459204953550445e6	4.121677727401764
2.4592049558652597e6	4.124054265071968
2.4592049581800746e6	4.126430802742172
2.4592049604948894e6	4.128807340412377
2.4592049628097042e6	4.131183878082581
2.459204965124519e6	4.133560415752785
2.459204967439334e6	4.1359369534229895
2.4592049697541487e6	4.138313491093194
2.4592049720689636e6	4.140690028763398
2.4592049743837784e6	4.143066566433602
2.4592049766985932e6	4.145443104103807
2.4592049790134076e6	4.147819641295934
2.4592049813282224e6	4.150196178966138
2.4592049836430373e6	4.152572716636342
2.459204985957852e6	4.154949254306547
2.459204988272667e6	4.157325791976751
2.4592049905874818e6	4.159702329646955
2.4592049929022966e6	4.16207886731716
2.4592049952171114e6	4.164455404987364
2.4592049975319263e6	4.166831942657568
2.459204999846741e6	4.1692084803277725
2.459205002161556e6	4.171585017997977
2.4592050044763708e6	4.173961555668181
2.4592050067911856e6	4.176338093338385
2.4592050091060004e6	4.17871463100859
2.4592050114208153e6	4.181091168678794
2.45920501373563e6	4.183467706348998
2.459205016050445e6	4.1858442440192025
2.4592050183652597e6	4.188220781689407
2.4592050206800746e6	4.190597319359611
2.4592050229948894e6	4.192973857029815
2.4592050253097042e6	4.19535039470002
2.459205027624519e6	4.197726932370224
2.459205029939334e6	4.200103470040428
2.4592050322541487e6	4.202480007710633
2.4592050345689636e6	4.204856545380837
2.4592050368837784e6	4.207233083051041
2.4592050391985932e6	4.2096096207212454
2.4592050415134076e6	4.211986157913373
2.4592050438282224e6	4.214362695583577
2.4592050461430373e6	4.216739233253781
2.459205048457852e6	4.2191157709239855
2.459205050772667e6	4.22149230859419
2.4592050530874818e6	4.223868846264394
2.4592050554022966e6	4.226245383934598
2.4592050577171114e6	4.228621921604803
2.4592050600319263e6	4.230998459275007
2.459205062346741e6	4.233374996945211
2.459205064661556e6	4.2357515346154155
2.4592050669763708e6	4.23812807228562
2.4592050692911856e6	4.240504609955824
2.4592050716060004e6	4.242881147626028
2.4592050739208153e6	4.245257685296233
2.45920507623563e6	4.247634222966437
2.459205078550445e6	4.250010760636641
2.4592050808652597e6	4.252387298306846
2.4592050831800746e6	4.25476383597705
2.4592050854948894e6	4.257140373647254
2.4592050878097042e6	4.2595169113174585
2.459205090124519e6	4.261893448987663
2.459205092439334e6	4.264269986657867
2.4592050947541487e6	4.266646524328071
2.4592050970689636e6	4.269023061998276
2.4592050993837784e6	4.27139959966848
2.4592051016985932e6	4.273776137338684
2.4592051040134076e6	4.2761526745308105
2.4592051063282224e6	4.278529212201015
2.4592051086430373e6	4.280905749871219
2.459205110957852e6	4.283282287541423
2.459205113272667e6	4.285658825211628
2.4592051155874818e6	4.288035362881832
2.4592051179022966e6	4.290411900552036
2.4592051202171114e6	4.2927884382222405
2.4592051225319263e6	4.295164975892445
2.459205124846741e6	4.297541513562649
2.459205127161556e6	4.299918051232854
2.4592051294763708e6	4.302294588903059
2.4592051317911856e6	4.304671126573263
2.4592051341060004e6	4.307047664243467
2.4592051364208153e6	4.3094242019136715
2.45920513873563e6	4.311800739583876
2.459205141050445e6	4.31417727725408
2.4592051433652597e6	4.316553814924284
2.4592051456800746e6	4.318930352594489
2.4592051479948894e6	4.321306890264693
2.4592051503097042e6	4.323683427934897
2.459205152624519e6	4.3260599656051015
2.459205154939334e6	4.328436503275306
2.4592051572541487e6	4.33081304094551
2.4592051595689636e6	4.333189578615714
2.4592051618837784e6	4.335566116285919
2.4592051641985932e6	4.337942653956123
2.4592051665134076e6	4.340319191148249
2.4592051688282224e6	4.342695728818454
2.4592051711430373e6	4.345072266488658
2.459205173457852e6	4.347448804158862
2.459205175772667e6	4.349825341829066
2.4592051780874818e6	4.352201879499271
2.4592051804022966e6	4.354578417169475
2.4592051827171114e6	4.356954954839679
2.4592051850319263e6	4.359331492509884
2.459205187346741e6	4.361708030180088
2.459205189661556e6	4.364084567850292
2.4592051919763708e6	4.3664611055204965
2.4592051942911856e6	4.368837643190701
2.4592051966060004e6	4.371214180860905
2.4592051989208153e6	4.373590718531109
2.45920520123563e6	4.375967256201314
2.459205203550445e6	4.378343793871518
2.4592052058652597e6	4.380720331541722
2.4592052081800746e6	4.3830968692119265
2.4592052104948894e6	4.385473406882131
2.4592052128097042e6	4.387849944552335
2.459205215124519e6	4.39022648222254
2.459205217439334e6	4.392603019892745
2.4592052197541487e6	4.394979557562949
2.4592052220689636e6	4.397356095233153
2.4592052243837784e6	4.3997326329033575
2.4592052266985932e6	4.402109170573562
2.4592052290134076e6	4.404485707765688
2.4592052313282224e6	4.406862245435892
2.4592052336430373e6	4.409238783106097
2.459205235957852e6	4.411615320776301
2.459205238272667e6	4.413991858446505
2.4592052405874818e6	4.4163683961167095
2.4592052429022966e6	4.418744933786914
2.4592052452171114e6	4.421121471457118
2.4592052475319263e6	4.423498009127322
2.459205249846741e6	4.425874546797527
2.459205252161556e6	4.428251084467731
2.4592052544763708e6	4.430627622137935
2.4592052567911856e6	4.4330041598081396
2.4592052591060004e6	4.435380697478344
2.4592052614208153e6	4.437757235148548
2.45920526373563e6	4.440133772818752
2.459205266050445e6	4.442510310488957
2.4592052683652597e6	4.444886848159161
2.4592052706800746e6	4.447263385829365
2.4592052729948894e6	4.44963992349957
2.4592052753097042e6	4.452016461169774
2.459205277624519e6	4.454392998839978
2.459205279939334e6	4.4567695365101825
2.4592052822541487e6	4.459146074180387
2.4592052845689636e6	4.461522611850591
2.4592052868837784e6	4.463899149520795
2.4592052891985932e6	4.466275687191
2.4592052915134076e6	4.468652224383127
2.4592052938282224e6	4.471028762053331
2.4592052961430373e6	4.473405299723535
2.459205298457852e6	4.47578183739374
2.459205300772667e6	4.478158375063944
2.4592053030874818e6	4.480534912734148
2.4592053054022966e6	4.482911450404353
2.4592053077171114e6	4.485287988074557
2.4592053100319263e6	4.487664525744761
2.459205312346741e6	4.4900410634149654
2.459205314661556e6	4.49241760108517
2.4592053169763708e6	4.494794138755374
2.4592053192911856e6	4.497170676425578
2.4592053216060004e6	4.499547214095783
2.4592053239208153e6	4.501923751765987
2.45920532623563e6	4.504300289436191
2.459205328550445e6	4.5066768271063955
2.4592053308652597e6	4.5090533647766
2.4592053331800746e6	4.511429902446804
2.4592053354948894e6	4.513806440117008
2.4592053378097042e6	4.516182977787213
2.459205340124519e6	4.518559515457417
2.459205342439334e6	4.520936053127621
2.4592053447541487e6	4.5233125907978255
2.4592053470689636e6	4.52568912846803
2.4592053493837784e6	4.528065666138234
2.4592053516985932e6	4.530442203808438
2.4592053540134076e6	4.532818741000565
2.4592053563282224e6	4.535195278670769
2.4592053586430373e6	4.537571816340973
2.459205360957852e6	4.5399483540111785
2.459205363272667e6	4.542324891681383
2.4592053655874818e6	4.544701429351587
2.4592053679022966e6	4.547077967021791
2.4592053702171114e6	4.549454504691996
2.4592053725319263e6	4.5518310423622
2.459205374846741e6	4.554207580032404
2.459205377161556e6	4.5565841177026085
2.4592053794763708e6	4.558960655372813
2.4592053817911856e6	4.561337193043017
2.4592053841060004e6	4.563713730713221
2.4592053864208153e6	4.566090268383426
2.45920538873563e6	4.56846680605363
2.459205391050445e6	4.570843343723834
2.4592053933652597e6	4.573219881394039
2.4592053956800746e6	4.575596419064243
2.4592053979948894e6	4.577972956734447
2.4592054003097042e6	4.5803494944046514
2.459205402624519e6	4.582726032074856
2.459205404939334e6	4.58510256974506
2.4592054072541487e6	4.587479107415264
2.4592054095689636e6	4.589855645085469
2.4592054118837784e6	4.592232182755673
2.4592054141985932e6	4.594608720425877
2.4592054165134076e6	4.5969852576180035
2.4592054188282224e6	4.599361795288208
2.4592054211430373e6	4.601738332958412
2.459205423457852e6	4.604114870628616
2.459205425772667e6	4.606491408298821
2.4592054280874818e6	4.608867945969025
2.4592054304022966e6	4.611244483639229
2.4592054327171114e6	4.6136210213094335
2.4592054350319263e6	4.615997558979638
2.459205437346741e6	4.618374096649842
